INFO 2025-12-05 14:41:33,386 autoreload Watching for file changes with StatReloader
INFO 2025-12-05 17:59:27,283 autoreload Watching for file changes with StatReloader
INFO 2025-12-05 17:59:40,513 autoreload /home/notouriousmma/Documents/Tk/pharmacy/Pharmacy_project/Pharmacy_project/settings.py changed, reloading.
INFO 2025-12-05 17:59:41,411 autoreload Watching for file changes with StatReloader
INFO 2025-12-05 18:06:44,841 autoreload /home/notouriousmma/Documents/Tk/pharmacy/Pharmacy_project/inventory/models.py changed, reloading.
INFO 2025-12-05 18:06:45,770 autoreload Watching for file changes with StatReloader
INFO 2025-12-05 18:06:47,362 autoreload /home/notouriousmma/Documents/Tk/pharmacy/Pharmacy_project/inventory/models.py changed, reloading.
INFO 2025-12-05 18:06:47,949 autoreload Watching for file changes with StatReloader
INFO 2025-12-05 18:07:57,723 autoreload /home/notouriousmma/Documents/Tk/pharmacy/Pharmacy_project/suppliers/models.py changed, reloading.
INFO 2025-12-05 18:07:58,539 autoreload Watching for file changes with StatReloader
INFO 2025-12-05 18:23:52,768 autoreload Watching for file changes with StatReloader
INFO 2025-12-05 18:24:19,738 autoreload Watching for file changes with StatReloader
INFO 2025-12-05 18:24:38,076 autoreload /home/notouriousmma/Documents/Tk/pharmacy/Pharmacy_project/sales/models.py changed, reloading.
INFO 2025-12-05 18:24:38,777 autoreload Watching for file changes with StatReloader
INFO 2025-12-05 18:24:40,980 autoreload /home/notouriousmma/Documents/Tk/pharmacy/Pharmacy_project/sales/models.py changed, reloading.
INFO 2025-12-05 18:24:41,998 autoreload Watching for file changes with StatReloader
INFO 2025-12-05 18:24:43,275 autoreload /home/notouriousmma/Documents/Tk/pharmacy/Pharmacy_project/sales/models.py changed, reloading.
INFO 2025-12-05 18:24:44,500 autoreload Watching for file changes with StatReloader
INFO 2025-12-05 18:24:45,738 autoreload /home/notouriousmma/Documents/Tk/pharmacy/Pharmacy_project/sales/models.py changed, reloading.
INFO 2025-12-05 18:24:46,607 autoreload Watching for file changes with StatReloader
INFO 2025-12-05 18:24:47,862 autoreload /home/notouriousmma/Documents/Tk/pharmacy/Pharmacy_project/sales/models.py changed, reloading.
INFO 2025-12-05 18:24:48,499 autoreload Watching for file changes with StatReloader
INFO 2025-12-05 18:24:51,829 autoreload /home/notouriousmma/Documents/Tk/pharmacy/Pharmacy_project/sales/models.py changed, reloading.
INFO 2025-12-05 18:24:53,058 autoreload Watching for file changes with StatReloader
INFO 2025-12-05 18:24:54,430 autoreload /home/notouriousmma/Documents/Tk/pharmacy/Pharmacy_project/sales/models.py changed, reloading.
INFO 2025-12-05 18:24:55,187 autoreload Watching for file changes with StatReloader
INFO 2025-12-05 18:25:07,491 autoreload /home/notouriousmma/Documents/Tk/pharmacy/Pharmacy_project/sales/admin.py changed, reloading.
INFO 2025-12-05 18:25:08,158 autoreload Watching for file changes with StatReloader
INFO 2025-12-05 18:27:28,598 autoreload /home/notouriousmma/Documents/Tk/pharmacy/Pharmacy_project/prescriptions/admin.py changed, reloading.
INFO 2025-12-05 18:27:29,228 autoreload Watching for file changes with StatReloader
INFO 2025-12-05 18:27:47,623 autoreload /home/notouriousmma/Documents/Tk/pharmacy/Pharmacy_project/customers/admin.py changed, reloading.
INFO 2025-12-05 18:27:48,544 autoreload Watching for file changes with StatReloader
INFO 2025-12-05 18:28:30,126 autoreload /home/notouriousmma/Documents/Tk/pharmacy/Pharmacy_project/suppliers/admin.py changed, reloading.
INFO 2025-12-05 18:28:30,898 autoreload Watching for file changes with StatReloader
INFO 2025-12-05 18:32:11,344 autoreload Watching for file changes with StatReloader
INFO 2025-12-05 18:32:32,404 autoreload /home/notouriousmma/Documents/Tk/pharmacy/Pharmacy_project/accounts/views.py changed, reloading.
INFO 2025-12-05 18:32:33,195 autoreload Watching for file changes with StatReloader
INFO 2025-12-05 18:32:37,007 autoreload /home/notouriousmma/Documents/Tk/pharmacy/Pharmacy_project/accounts/views.py changed, reloading.
INFO 2025-12-05 18:32:38,631 autoreload Watching for file changes with StatReloader
INFO 2025-12-05 18:32:43,065 autoreload /home/notouriousmma/Documents/Tk/pharmacy/Pharmacy_project/accounts/views.py changed, reloading.
INFO 2025-12-05 18:32:43,816 autoreload Watching for file changes with StatReloader
INFO 2025-12-05 18:34:59,122 autoreload /home/notouriousmma/Documents/Tk/pharmacy/Pharmacy_project/inventory/views.py changed, reloading.
INFO 2025-12-05 18:35:00,112 autoreload Watching for file changes with StatReloader
INFO 2025-12-05 18:35:03,880 autoreload /home/notouriousmma/Documents/Tk/pharmacy/Pharmacy_project/inventory/views.py changed, reloading.
INFO 2025-12-05 18:35:04,582 autoreload Watching for file changes with StatReloader
INFO 2025-12-05 18:35:08,272 autoreload /home/notouriousmma/Documents/Tk/pharmacy/Pharmacy_project/inventory/views.py changed, reloading.
INFO 2025-12-05 18:35:09,135 autoreload Watching for file changes with StatReloader
INFO 2025-12-05 18:36:18,207 autoreload /home/notouriousmma/Documents/Tk/pharmacy/Pharmacy_project/sales/views.py changed, reloading.
INFO 2025-12-05 18:36:19,077 autoreload Watching for file changes with StatReloader
INFO 2025-12-05 18:36:22,358 autoreload /home/notouriousmma/Documents/Tk/pharmacy/Pharmacy_project/sales/views.py changed, reloading.
INFO 2025-12-05 18:36:24,016 autoreload Watching for file changes with StatReloader
INFO 2025-12-05 18:36:45,637 autoreload /home/notouriousmma/Documents/Tk/pharmacy/Pharmacy_project/suppliers/views.py changed, reloading.
INFO 2025-12-05 18:36:46,277 autoreload Watching for file changes with StatReloader
INFO 2025-12-05 18:36:53,098 autoreload /home/notouriousmma/Documents/Tk/pharmacy/Pharmacy_project/suppliers/views.py changed, reloading.
INFO 2025-12-05 18:36:53,835 autoreload Watching for file changes with StatReloader
INFO 2025-12-05 18:39:37,055 autoreload Watching for file changes with StatReloader
INFO 2025-12-05 18:58:39,174 autoreload /home/notouriousmma/Documents/Tk/pharmacy/Pharmacy_project/report/views.py changed, reloading.
INFO 2025-12-05 18:58:40,221 autoreload Watching for file changes with StatReloader
INFO 2025-12-05 18:58:42,392 autoreload /home/notouriousmma/Documents/Tk/pharmacy/Pharmacy_project/report/views.py changed, reloading.
INFO 2025-12-05 18:58:43,519 autoreload Watching for file changes with StatReloader
INFO 2025-12-05 18:59:18,142 autoreload /home/notouriousmma/Documents/Tk/pharmacy/Pharmacy_project/report/urls.py changed, reloading.
INFO 2025-12-05 18:59:18,835 autoreload Watching for file changes with StatReloader
INFO 2025-12-05 18:59:33,694 autoreload /home/notouriousmma/Documents/Tk/pharmacy/Pharmacy_project/report/urls.py changed, reloading.
INFO 2025-12-05 18:59:34,780 autoreload Watching for file changes with StatReloader
INFO 2025-12-06 17:51:16,301 autoreload Watching for file changes with StatReloader
INFO 2025-12-06 18:01:29,598 autoreload /home/notouriousmma/Documents/Tk/pharmacy/Pharmacy_project/report/views.py changed, reloading.
INFO 2025-12-06 18:01:34,403 autoreload Watching for file changes with StatReloader
INFO 2025-12-06 18:01:59,264 autoreload /home/notouriousmma/Documents/Tk/pharmacy/Pharmacy_project/report/views.py changed, reloading.
INFO 2025-12-06 18:02:01,518 autoreload Watching for file changes with StatReloader
INFO 2025-12-06 18:03:06,942 autoreload /home/notouriousmma/Documents/Tk/pharmacy/Pharmacy_project/notifications/urls.py changed, reloading.
INFO 2025-12-06 18:03:07,539 autoreload Watching for file changes with StatReloader
INFO 2025-12-06 18:03:33,909 autoreload /home/notouriousmma/Documents/Tk/pharmacy/Pharmacy_project/inventory/serializers.py changed, reloading.
INFO 2025-12-06 18:03:34,706 autoreload Watching for file changes with StatReloader
INFO 2025-12-06 18:04:32,719 autoreload /home/notouriousmma/Documents/Tk/pharmacy/Pharmacy_project/sales/api_urls.py changed, reloading.
INFO 2025-12-06 18:04:35,044 autoreload Watching for file changes with StatReloader
INFO 2025-12-06 18:04:40,195 autoreload /home/notouriousmma/Documents/Tk/pharmacy/Pharmacy_project/sales/api_urls.py changed, reloading.
INFO 2025-12-06 18:04:40,885 autoreload Watching for file changes with StatReloader
INFO 2025-12-06 18:04:48,754 autoreload /home/notouriousmma/Documents/Tk/pharmacy/Pharmacy_project/sales/api_urls.py changed, reloading.
INFO 2025-12-06 18:04:49,893 autoreload Watching for file changes with StatReloader
INFO 2025-12-06 18:04:52,811 autoreload /home/notouriousmma/Documents/Tk/pharmacy/Pharmacy_project/sales/api_urls.py changed, reloading.
INFO 2025-12-06 18:04:53,486 autoreload Watching for file changes with StatReloader
INFO 2025-12-06 18:04:59,200 autoreload /home/notouriousmma/Documents/Tk/pharmacy/Pharmacy_project/sales/api_urls.py changed, reloading.
INFO 2025-12-06 18:05:00,191 autoreload Watching for file changes with StatReloader
INFO 2025-12-06 18:07:45,165 autoreload /home/notouriousmma/Documents/Tk/pharmacy/Pharmacy_project/customers/api_urls.py changed, reloading.
INFO 2025-12-06 18:07:46,105 autoreload Watching for file changes with StatReloader
INFO 2025-12-06 18:08:04,102 autoreload /home/notouriousmma/Documents/Tk/pharmacy/Pharmacy_project/prescriptions/api_urls.py changed, reloading.
INFO 2025-12-06 18:08:04,916 autoreload Watching for file changes with StatReloader
INFO 2025-12-06 18:08:28,112 autoreload /home/notouriousmma/Documents/Tk/pharmacy/Pharmacy_project/report/api_urls.py changed, reloading.
INFO 2025-12-06 18:08:28,941 autoreload Watching for file changes with StatReloader
INFO 2025-12-06 18:11:08,032 autoreload /home/notouriousmma/Documents/Tk/pharmacy/Pharmacy_project/Pharmacy_project/urls.py changed, reloading.
INFO 2025-12-06 18:11:08,992 autoreload Watching for file changes with StatReloader
INFO 2025-12-06 18:12:50,889 autoreload /home/notouriousmma/Documents/Tk/pharmacy/Pharmacy_project/Pharmacy_project/urls.py changed, reloading.
INFO 2025-12-06 18:12:51,796 autoreload Watching for file changes with StatReloader
INFO 2025-12-06 18:13:54,202 autoreload Watching for file changes with StatReloader
INFO 2025-12-06 18:13:59,612 basehttp code 400, message Bad request version ('**\x13\x01\x13\x02\x13\x03À+À/À,À0Ì©Ì¨À\x13À\x14\x00\x9c\x00\x9d\x00/\x005\x01\x00\x06s')
ERROR 2025-12-06 18:13:59,613 basehttp You're accessing the development server over HTTPS, but it only supports HTTP.
INFO 2025-12-06 18:13:59,630 basehttp code 400, message Bad request version ('\x00\x12\x00\x10\x04\x03\x08\x04\x04\x01\x05\x03\x08\x05\x05\x01\x08\x06\x06\x01\x00')
ERROR 2025-12-06 18:13:59,630 basehttp You're accessing the development server over HTTPS, but it only supports HTTP.
INFO 2025-12-06 18:15:15,286 basehttp "GET / HTTP/1.1" 302 0
WARNING 2025-12-06 18:15:16,651 log Not Found: /accounts/login/
WARNING 2025-12-06 18:15:16,652 basehttp "GET /accounts/login/?next=/ HTTP/1.1" 404 5734
WARNING 2025-12-06 18:15:21,868 log Not Found: /favicon.ico
WARNING 2025-12-06 18:15:21,869 basehttp "GET /favicon.ico HTTP/1.1" 404 5715
INFO 2025-12-06 18:15:56,813 autoreload Watching for file changes with StatReloader
INFO 2025-12-06 18:16:03,890 basehttp "GET / HTTP/1.1" 302 0
WARNING 2025-12-06 18:16:04,346 log Not Found: /accounts/login/
WARNING 2025-12-06 18:16:04,347 basehttp "GET /accounts/login/?next=/ HTTP/1.1" 404 5734
INFO 2025-12-06 18:19:36,396 basehttp "GET /login HTTP/1.1" 301 0
ERROR 2025-12-06 18:19:36,854 log Internal Server Error: /login/
Traceback (most recent call last):
  File "/home/notouriousmma/Documents/Tk/pharmacy/Pharmacy_project/venv/lib/python3.12/site-packages/django/core/handlers/exception.py", line 55, in inner
    response = get_response(request)
               ^^^^^^^^^^^^^^^^^^^^^
  File "/home/notouriousmma/Documents/Tk/pharmacy/Pharmacy_project/venv/lib/python3.12/site-packages/django/core/handlers/base.py", line 197, in _get_response
    response = wrapped_callback(request, *callback_args, **callback_kwargs)
               ^^^^^^^^^^^^^^^^^^^^^^^^^^^^^^^^^^^^^^^^^^^^^^^^^^^^^^^^^^^^
  File "/home/notouriousmma/Documents/Tk/pharmacy/Pharmacy_project/accounts/views.py", line 56, in login_view
    return render(request, 'accounts/login.html')
           ^^^^^^^^^^^^^^^^^^^^^^^^^^^^^^^^^^^^^^
  File "/home/notouriousmma/Documents/Tk/pharmacy/Pharmacy_project/venv/lib/python3.12/site-packages/django/shortcuts.py", line 25, in render
    content = loader.render_to_string(template_name, context, request, using=using)
              ^^^^^^^^^^^^^^^^^^^^^^^^^^^^^^^^^^^^^^^^^^^^^^^^^^^^^^^^^^^^^^^^^^^^^
  File "/home/notouriousmma/Documents/Tk/pharmacy/Pharmacy_project/venv/lib/python3.12/site-packages/django/template/loader.py", line 61, in render_to_string
    template = get_template(template_name, using=using)
               ^^^^^^^^^^^^^^^^^^^^^^^^^^^^^^^^^^^^^^^^
  File "/home/notouriousmma/Documents/Tk/pharmacy/Pharmacy_project/venv/lib/python3.12/site-packages/django/template/loader.py", line 19, in get_template
    raise TemplateDoesNotExist(template_name, chain=chain)
django.template.exceptions.TemplateDoesNotExist: accounts/login.html
ERROR 2025-12-06 18:19:36,857 basehttp "GET /login/ HTTP/1.1" 500 91560
INFO 2025-12-06 18:19:49,667 basehttp "GET / HTTP/1.1" 302 0
WARNING 2025-12-06 18:19:49,743 log Not Found: /accounts/login/
WARNING 2025-12-06 18:19:49,743 basehttp "GET /accounts/login/?next=/ HTTP/1.1" 404 5734
INFO 2025-12-06 18:20:10,766 basehttp "GET /dashboard/ HTTP/1.1" 302 0
WARNING 2025-12-06 18:20:10,811 log Not Found: /accounts/login/
WARNING 2025-12-06 18:20:10,813 basehttp "GET /accounts/login/?next=/dashboard/ HTTP/1.1" 404 5744
INFO 2025-12-07 18:46:01,444 autoreload Watching for file changes with StatReloader
INFO 2025-12-07 18:46:09,108 basehttp "GET / HTTP/1.1" 302 0
WARNING 2025-12-07 18:46:09,237 log Not Found: /accounts/login/
WARNING 2025-12-07 18:46:09,238 basehttp "GET /accounts/login/?next=/ HTTP/1.1" 404 5734
WARNING 2025-12-07 18:46:09,509 log Not Found: /favicon.ico
INFO 2025-12-07 18:48:21,574 autoreload /home/notouriousmma/Documents/Tk/pharmacy/Pharmacy_project/Pharmacy_project/settings.py changed, reloading.
INFO 2025-12-07 18:48:22,950 autoreload Watching for file changes with StatReloader
INFO 2025-12-07 18:48:25,738 autoreload /home/notouriousmma/Documents/Tk/pharmacy/Pharmacy_project/Pharmacy_project/settings.py changed, reloading.
INFO 2025-12-07 18:48:26,610 autoreload Watching for file changes with StatReloader
WARNING 2025-12-07 18:48:31,304 log Not Found: /accounts/login/
WARNING 2025-12-07 18:48:31,304 basehttp "GET /accounts/login/?next=/ HTTP/1.1" 404 5734
WARNING 2025-12-07 18:48:31,392 log Not Found: /favicon.ico
WARNING 2025-12-07 18:48:32,552 log Not Found: /accounts/login/
WARNING 2025-12-07 18:48:32,553 basehttp "GET /accounts/login/?next=/ HTTP/1.1" 404 5734
WARNING 2025-12-07 18:48:32,646 log Not Found: /favicon.ico
INFO 2025-12-07 18:48:42,658 basehttp "GET /admin/ HTTP/1.1" 302 0
INFO 2025-12-07 18:48:43,058 basehttp "GET /admin/login/?next=/admin/ HTTP/1.1" 200 4175
INFO 2025-12-07 18:48:43,187 basehttp "GET /static/admin/css/login.css HTTP/1.1" 200 951
INFO 2025-12-07 18:48:43,187 basehttp "GET /static/admin/css/nav_sidebar.css HTTP/1.1" 200 2810
INFO 2025-12-07 18:48:43,188 basehttp "GET /static/admin/css/dark_mode.css HTTP/1.1" 200 2808
INFO 2025-12-07 18:48:43,189 basehttp "GET /static/admin/css/responsive.css HTTP/1.1" 200 16565
INFO 2025-12-07 18:48:43,190 basehttp "GET /static/admin/css/base.css HTTP/1.1" 200 22120
INFO 2025-12-07 18:48:43,387 basehttp "GET /static/admin/js/theme.js HTTP/1.1" 200 1653
INFO 2025-12-07 18:48:43,387 basehttp "GET /static/admin/js/nav_sidebar.js HTTP/1.1" 200 3063
INFO 2025-12-07 18:48:53,126 basehttp "POST /admin/login/?next=/admin/ HTTP/1.1" 302 0
INFO 2025-12-07 18:48:53,205 basehttp "GET /admin/ HTTP/1.1" 200 21576
INFO 2025-12-07 18:48:53,288 basehttp "GET /static/admin/css/dashboard.css HTTP/1.1" 200 441
INFO 2025-12-07 18:48:53,487 basehttp "GET /static/admin/img/icon-viewlink.svg HTTP/1.1" 200 581
INFO 2025-12-07 18:48:53,488 basehttp "GET /static/admin/img/icon-addlink.svg HTTP/1.1" 200 331
INFO 2025-12-07 18:48:53,488 basehttp "GET /static/admin/img/icon-changelink.svg HTTP/1.1" 200 380
WARNING 2025-12-07 18:48:53,505 log Not Found: /favicon.ico
INFO 2025-12-07 18:48:53,550 basehttp "GET /static/admin/img/icon-viewlink.svg HTTP/1.1" 200 581
INFO 2025-12-07 18:48:53,555 basehttp "GET /static/admin/img/icon-changelink.svg HTTP/1.1" 200 380
INFO 2025-12-07 18:48:53,557 basehttp "GET /static/admin/img/icon-addlink.svg HTTP/1.1" 200 331
INFO 2025-12-07 18:49:00,451 basehttp "GET /admin/login/?next=/admin/ HTTP/1.1" 302 0
INFO 2025-12-07 18:49:00,486 basehttp "GET /admin/ HTTP/1.1" 200 21576
WARNING 2025-12-07 18:49:00,757 log Not Found: /favicon.ico
INFO 2025-12-07 18:49:12,226 autoreload Watching for file changes with StatReloader
INFO 2025-12-07 18:49:36,946 basehttp "GET / HTTP/1.1" 200 13850
WARNING 2025-12-07 18:49:37,102 basehttp "GET /static/css/style.css HTTP/1.1" 404 1966
WARNING 2025-12-07 18:49:37,117 basehttp "GET /static/js/main.js HTTP/1.1" 404 1957
WARNING 2025-12-07 18:49:38,195 basehttp "GET /static/js/main.js HTTP/1.1" 404 1957
WARNING 2025-12-07 18:49:38,353 log Not Found: /favicon.ico
INFO 2025-12-07 18:51:12,004 basehttp "GET / HTTP/1.1" 200 13850
WARNING 2025-12-07 18:51:12,093 basehttp "GET /static/js/main.js HTTP/1.1" 404 1957
INFO 2025-12-07 18:51:12,101 basehttp "GET /static/css/style.css HTTP/1.1" 200 10676
WARNING 2025-12-07 18:51:12,653 basehttp "GET /static/js/main.js HTTP/1.1" 404 1957
INFO 2025-12-12 13:06:11,514 autoreload Watching for file changes with StatReloader
INFO 2025-12-12 13:06:32,245 basehttp "GET / HTTP/1.1" 302 0
WARNING 2025-12-12 13:06:32,587 log Not Found: /accounts/login/
WARNING 2025-12-12 13:06:32,592 basehttp "GET /accounts/login/?next=/ HTTP/1.1" 404 5734
INFO 2025-12-12 13:08:29,395 basehttp "GET /admin/ HTTP/1.1" 302 0
INFO 2025-12-12 13:08:29,597 basehttp "GET /admin/login/?next=/admin/ HTTP/1.1" 200 4175
INFO 2025-12-12 13:08:29,815 basehttp "GET /static/admin/css/base.css HTTP/1.1" 304 0
INFO 2025-12-12 13:08:29,820 basehttp "GET /static/admin/js/theme.js HTTP/1.1" 304 0
INFO 2025-12-12 13:08:29,822 basehttp "GET /static/admin/css/dark_mode.css HTTP/1.1" 304 0
INFO 2025-12-12 13:08:29,824 basehttp "GET /static/admin/css/nav_sidebar.css HTTP/1.1" 304 0
INFO 2025-12-12 13:08:29,827 basehttp "GET /static/admin/css/login.css HTTP/1.1" 304 0
INFO 2025-12-12 13:08:29,828 basehttp "GET /static/admin/js/nav_sidebar.js HTTP/1.1" 304 0
INFO 2025-12-12 13:08:29,828 basehttp "GET /static/admin/css/responsive.css HTTP/1.1" 304 0
INFO 2025-12-12 13:08:48,722 basehttp "POST /admin/login/?next=/admin/ HTTP/1.1" 302 0
INFO 2025-12-12 13:08:48,823 basehttp "GET /admin/ HTTP/1.1" 200 21576
INFO 2025-12-12 13:08:48,990 basehttp "GET /static/admin/css/dashboard.css HTTP/1.1" 304 0
INFO 2025-12-12 13:08:49,088 basehttp "GET /static/admin/img/icon-changelink.svg HTTP/1.1" 200 380
INFO 2025-12-12 13:08:49,089 basehttp "GET /static/admin/img/icon-viewlink.svg HTTP/1.1" 200 581
INFO 2025-12-12 13:08:49,089 basehttp "GET /static/admin/img/icon-addlink.svg HTTP/1.1" 200 331
INFO 2025-12-12 13:09:06,605 basehttp "GET /admin/login/?next=/admin/ HTTP/1.1" 302 0
INFO 2025-12-12 13:09:06,638 basehttp "GET /admin/ HTTP/1.1" 200 21576
INFO 2025-12-12 13:09:11,826 basehttp "GET /admin/ HTTP/1.1" 200 21576
INFO 2025-12-12 13:09:13,194 basehttp "GET /admin/ HTTP/1.1" 200 21576
INFO 2025-12-12 13:09:14,131 basehttp "GET /admin/ HTTP/1.1" 200 21576
INFO 2025-12-12 13:09:31,646 autoreload Watching for file changes with StatReloader
INFO 2025-12-12 13:09:35,588 basehttp "GET / HTTP/1.1" 200 13850
INFO 2025-12-12 13:09:35,793 basehttp "GET /static/css/style.css HTTP/1.1" 304 0
WARNING 2025-12-12 13:09:35,874 basehttp "GET /static/js/main.js HTTP/1.1" 404 1957
WARNING 2025-12-12 13:09:36,166 basehttp "GET /static/js/main.js HTTP/1.1" 404 1957
INFO 2025-12-12 13:11:29,529 basehttp "GET /admin/ HTTP/1.1" 302 0
INFO 2025-12-13 14:52:11,956 autoreload Watching for file changes with StatReloader
INFO 2025-12-13 14:52:24,957 basehttp "GET / HTTP/1.1" 302 0
WARNING 2025-12-13 14:52:26,240 log Not Found: /accounts/login/
WARNING 2025-12-13 14:52:26,241 basehttp "GET /accounts/login/?next=/ HTTP/1.1" 404 5734
INFO 2025-12-13 17:19:27,813 autoreload Watching for file changes with StatReloader
INFO 2025-12-13 17:19:34,871 basehttp "GET / HTTP/1.1" 302 0
WARNING 2025-12-13 17:19:35,062 log Not Found: /accounts/login/
WARNING 2025-12-13 17:19:35,063 basehttp "GET /accounts/login/?next=/ HTTP/1.1" 404 5734
WARNING 2025-12-13 17:19:37,005 log Not Found: /favicon.ico
WARNING 2025-12-13 17:19:37,006 basehttp "GET /favicon.ico HTTP/1.1" 404 5715
INFO 2025-12-17 09:17:42,891 autoreload Watching for file changes with StatReloader
INFO 2025-12-17 09:30:10,101 autoreload Watching for file changes with StatReloader
INFO 2025-12-17 09:30:20,011 basehttp "GET / HTTP/1.1" 302 0
WARNING 2025-12-17 09:30:20,173 log Not Found: /accounts/login/
WARNING 2025-12-17 09:30:20,174 basehttp "GET /accounts/login/?next=/ HTTP/1.1" 404 5734
INFO 2025-12-17 09:30:34,451 basehttp "GET /admin/ HTTP/1.1" 302 0
INFO 2025-12-17 09:30:34,732 basehttp "GET /admin/login/?next=/admin/ HTTP/1.1" 200 4175
INFO 2025-12-17 09:30:34,970 basehttp "GET /static/admin/css/dark_mode.css HTTP/1.1" 304 0
INFO 2025-12-17 09:30:34,971 basehttp "GET /static/admin/css/nav_sidebar.css HTTP/1.1" 304 0
INFO 2025-12-17 09:30:34,974 basehttp "GET /static/admin/css/base.css HTTP/1.1" 304 0
INFO 2025-12-17 09:30:34,975 basehttp "GET /static/admin/css/responsive.css HTTP/1.1" 304 0
INFO 2025-12-17 09:30:34,978 basehttp "GET /static/admin/css/login.css HTTP/1.1" 304 0
INFO 2025-12-17 09:30:34,978 basehttp "GET /static/admin/js/nav_sidebar.js HTTP/1.1" 304 0
INFO 2025-12-17 09:30:34,981 basehttp "GET /static/admin/js/theme.js HTTP/1.1" 304 0
INFO 2025-12-17 09:30:44,399 basehttp "POST /admin/login/?next=/admin/ HTTP/1.1" 302 0
INFO 2025-12-17 09:30:44,492 basehttp "GET /admin/ HTTP/1.1" 200 21576
INFO 2025-12-17 09:30:44,692 basehttp "GET /static/admin/css/dashboard.css HTTP/1.1" 304 0
INFO 2025-12-17 09:30:44,883 basehttp "GET /static/admin/img/icon-addlink.svg HTTP/1.1" 200 331
INFO 2025-12-17 09:30:44,883 basehttp "GET /static/admin/img/icon-viewlink.svg HTTP/1.1" 200 581
INFO 2025-12-17 09:30:44,884 basehttp "GET /static/admin/img/icon-changelink.svg HTTP/1.1" 200 380
INFO 2025-12-17 09:31:05,715 basehttp "GET / HTTP/1.1" 200 13850
INFO 2025-12-17 09:31:05,986 basehttp "GET /static/css/style.css HTTP/1.1" 200 8627
WARNING 2025-12-17 09:31:06,002 basehttp "GET /static/js/main.js HTTP/1.1" 404 1957
WARNING 2025-12-17 09:31:06,646 basehttp "GET /static/js/main.js HTTP/1.1" 404 1957
ERROR 2025-12-17 09:31:11,848 log Internal Server Error: /sales/
Traceback (most recent call last):
  File "/home/notouriousmma/Documents/Tk/pharmacy/Pharmacy_project/venv/lib/python3.12/site-packages/django/db/backends/utils.py", line 105, in _execute
    return self.cursor.execute(sql, params)
           ^^^^^^^^^^^^^^^^^^^^^^^^^^^^^^^^
  File "/home/notouriousmma/Documents/Tk/pharmacy/Pharmacy_project/venv/lib/python3.12/site-packages/django/db/backends/sqlite3/base.py", line 360, in execute
    return super().execute(query, params)
           ^^^^^^^^^^^^^^^^^^^^^^^^^^^^^^
sqlite3.OperationalError: misuse of aggregate function SUM()

The above exception was the direct cause of the following exception:

Traceback (most recent call last):
  File "/home/notouriousmma/Documents/Tk/pharmacy/Pharmacy_project/venv/lib/python3.12/site-packages/django/core/handlers/exception.py", line 55, in inner
    response = get_response(request)
               ^^^^^^^^^^^^^^^^^^^^^
  File "/home/notouriousmma/Documents/Tk/pharmacy/Pharmacy_project/venv/lib/python3.12/site-packages/django/core/handlers/base.py", line 197, in _get_response
    response = wrapped_callback(request, *callback_args, **callback_kwargs)
               ^^^^^^^^^^^^^^^^^^^^^^^^^^^^^^^^^^^^^^^^^^^^^^^^^^^^^^^^^^^^
  File "/home/notouriousmma/Documents/Tk/pharmacy/Pharmacy_project/venv/lib/python3.12/site-packages/django/contrib/auth/decorators.py", line 59, in _view_wrapper
    return view_func(request, *args, **kwargs)
           ^^^^^^^^^^^^^^^^^^^^^^^^^^^^^^^^^^^
  File "/home/notouriousmma/Documents/Tk/pharmacy/Pharmacy_project/sales/views.py", line 307, in sales_list
    totals = sales.aggregate(
             ^^^^^^^^^^^^^^^^
  File "/home/notouriousmma/Documents/Tk/pharmacy/Pharmacy_project/venv/lib/python3.12/site-packages/django/db/models/query.py", line 590, in aggregate
    return self.query.chain().get_aggregation(self.db, kwargs)
           ^^^^^^^^^^^^^^^^^^^^^^^^^^^^^^^^^^^^^^^^^^^^^^^^^^^
  File "/home/notouriousmma/Documents/Tk/pharmacy/Pharmacy_project/venv/lib/python3.12/site-packages/django/db/models/sql/query.py", line 626, in get_aggregation
    result = compiler.execute_sql(SINGLE)
             ^^^^^^^^^^^^^^^^^^^^^^^^^^^^
  File "/home/notouriousmma/Documents/Tk/pharmacy/Pharmacy_project/venv/lib/python3.12/site-packages/django/db/models/sql/compiler.py", line 1623, in execute_sql
    cursor.execute(sql, params)
  File "/home/notouriousmma/Documents/Tk/pharmacy/Pharmacy_project/venv/lib/python3.12/site-packages/django/db/backends/utils.py", line 122, in execute
    return super().execute(sql, params)
           ^^^^^^^^^^^^^^^^^^^^^^^^^^^^
  File "/home/notouriousmma/Documents/Tk/pharmacy/Pharmacy_project/venv/lib/python3.12/site-packages/django/db/backends/utils.py", line 79, in execute
    return self._execute_with_wrappers(
           ^^^^^^^^^^^^^^^^^^^^^^^^^^^^
  File "/home/notouriousmma/Documents/Tk/pharmacy/Pharmacy_project/venv/lib/python3.12/site-packages/django/db/backends/utils.py", line 92, in _execute_with_wrappers
    return executor(sql, params, many, context)
           ^^^^^^^^^^^^^^^^^^^^^^^^^^^^^^^^^^^^
  File "/home/notouriousmma/Documents/Tk/pharmacy/Pharmacy_project/venv/lib/python3.12/site-packages/django/db/backends/utils.py", line 100, in _execute
    with self.db.wrap_database_errors:
  File "/home/notouriousmma/Documents/Tk/pharmacy/Pharmacy_project/venv/lib/python3.12/site-packages/django/db/utils.py", line 91, in __exit__
    raise dj_exc_value.with_traceback(traceback) from exc_value
  File "/home/notouriousmma/Documents/Tk/pharmacy/Pharmacy_project/venv/lib/python3.12/site-packages/django/db/backends/utils.py", line 105, in _execute
    return self.cursor.execute(sql, params)
           ^^^^^^^^^^^^^^^^^^^^^^^^^^^^^^^^
  File "/home/notouriousmma/Documents/Tk/pharmacy/Pharmacy_project/venv/lib/python3.12/site-packages/django/db/backends/sqlite3/base.py", line 360, in execute
    return super().execute(query, params)
           ^^^^^^^^^^^^^^^^^^^^^^^^^^^^^^
django.db.utils.OperationalError: misuse of aggregate function SUM()
ERROR 2025-12-17 09:31:11,852 basehttp "GET /sales/ HTTP/1.1" 500 147777
ERROR 2025-12-17 09:31:26,854 log Internal Server Error: /inventory/expiring/
Traceback (most recent call last):
  File "/home/notouriousmma/Documents/Tk/pharmacy/Pharmacy_project/venv/lib/python3.12/site-packages/django/core/handlers/exception.py", line 55, in inner
    response = get_response(request)
               ^^^^^^^^^^^^^^^^^^^^^
  File "/home/notouriousmma/Documents/Tk/pharmacy/Pharmacy_project/venv/lib/python3.12/site-packages/django/core/handlers/base.py", line 197, in _get_response
    response = wrapped_callback(request, *callback_args, **callback_kwargs)
               ^^^^^^^^^^^^^^^^^^^^^^^^^^^^^^^^^^^^^^^^^^^^^^^^^^^^^^^^^^^^
  File "/home/notouriousmma/Documents/Tk/pharmacy/Pharmacy_project/venv/lib/python3.12/site-packages/django/contrib/auth/decorators.py", line 59, in _view_wrapper
    return view_func(request, *args, **kwargs)
           ^^^^^^^^^^^^^^^^^^^^^^^^^^^^^^^^^^^
  File "/home/notouriousmma/Documents/Tk/pharmacy/Pharmacy_project/inventory/views.py", line 406, in expiring_medicines
    return render(request, 'inventory/expiring.html', context)
           ^^^^^^^^^^^^^^^^^^^^^^^^^^^^^^^^^^^^^^^^^^^^^^^^^^^
  File "/home/notouriousmma/Documents/Tk/pharmacy/Pharmacy_project/venv/lib/python3.12/site-packages/django/shortcuts.py", line 25, in render
    content = loader.render_to_string(template_name, context, request, using=using)
              ^^^^^^^^^^^^^^^^^^^^^^^^^^^^^^^^^^^^^^^^^^^^^^^^^^^^^^^^^^^^^^^^^^^^^
  File "/home/notouriousmma/Documents/Tk/pharmacy/Pharmacy_project/venv/lib/python3.12/site-packages/django/template/loader.py", line 61, in render_to_string
    template = get_template(template_name, using=using)
               ^^^^^^^^^^^^^^^^^^^^^^^^^^^^^^^^^^^^^^^^
  File "/home/notouriousmma/Documents/Tk/pharmacy/Pharmacy_project/venv/lib/python3.12/site-packages/django/template/loader.py", line 19, in get_template
    raise TemplateDoesNotExist(template_name, chain=chain)
django.template.exceptions.TemplateDoesNotExist: inventory/expiring.html
ERROR 2025-12-17 09:31:26,855 basehttp "GET /inventory/expiring/ HTTP/1.1" 500 98417
ERROR 2025-12-17 09:31:33,553 log Internal Server Error: /sales/
Traceback (most recent call last):
  File "/home/notouriousmma/Documents/Tk/pharmacy/Pharmacy_project/venv/lib/python3.12/site-packages/django/db/backends/utils.py", line 105, in _execute
    return self.cursor.execute(sql, params)
           ^^^^^^^^^^^^^^^^^^^^^^^^^^^^^^^^
  File "/home/notouriousmma/Documents/Tk/pharmacy/Pharmacy_project/venv/lib/python3.12/site-packages/django/db/backends/sqlite3/base.py", line 360, in execute
    return super().execute(query, params)
           ^^^^^^^^^^^^^^^^^^^^^^^^^^^^^^
sqlite3.OperationalError: misuse of aggregate function SUM()

The above exception was the direct cause of the following exception:

Traceback (most recent call last):
  File "/home/notouriousmma/Documents/Tk/pharmacy/Pharmacy_project/venv/lib/python3.12/site-packages/django/core/handlers/exception.py", line 55, in inner
    response = get_response(request)
               ^^^^^^^^^^^^^^^^^^^^^
  File "/home/notouriousmma/Documents/Tk/pharmacy/Pharmacy_project/venv/lib/python3.12/site-packages/django/core/handlers/base.py", line 197, in _get_response
    response = wrapped_callback(request, *callback_args, **callback_kwargs)
               ^^^^^^^^^^^^^^^^^^^^^^^^^^^^^^^^^^^^^^^^^^^^^^^^^^^^^^^^^^^^
  File "/home/notouriousmma/Documents/Tk/pharmacy/Pharmacy_project/venv/lib/python3.12/site-packages/django/contrib/auth/decorators.py", line 59, in _view_wrapper
    return view_func(request, *args, **kwargs)
           ^^^^^^^^^^^^^^^^^^^^^^^^^^^^^^^^^^^
  File "/home/notouriousmma/Documents/Tk/pharmacy/Pharmacy_project/sales/views.py", line 307, in sales_list
    totals = sales.aggregate(
             ^^^^^^^^^^^^^^^^
  File "/home/notouriousmma/Documents/Tk/pharmacy/Pharmacy_project/venv/lib/python3.12/site-packages/django/db/models/query.py", line 590, in aggregate
    return self.query.chain().get_aggregation(self.db, kwargs)
           ^^^^^^^^^^^^^^^^^^^^^^^^^^^^^^^^^^^^^^^^^^^^^^^^^^^
  File "/home/notouriousmma/Documents/Tk/pharmacy/Pharmacy_project/venv/lib/python3.12/site-packages/django/db/models/sql/query.py", line 626, in get_aggregation
    result = compiler.execute_sql(SINGLE)
             ^^^^^^^^^^^^^^^^^^^^^^^^^^^^
  File "/home/notouriousmma/Documents/Tk/pharmacy/Pharmacy_project/venv/lib/python3.12/site-packages/django/db/models/sql/compiler.py", line 1623, in execute_sql
    cursor.execute(sql, params)
  File "/home/notouriousmma/Documents/Tk/pharmacy/Pharmacy_project/venv/lib/python3.12/site-packages/django/db/backends/utils.py", line 122, in execute
    return super().execute(sql, params)
           ^^^^^^^^^^^^^^^^^^^^^^^^^^^^
  File "/home/notouriousmma/Documents/Tk/pharmacy/Pharmacy_project/venv/lib/python3.12/site-packages/django/db/backends/utils.py", line 79, in execute
    return self._execute_with_wrappers(
           ^^^^^^^^^^^^^^^^^^^^^^^^^^^^
  File "/home/notouriousmma/Documents/Tk/pharmacy/Pharmacy_project/venv/lib/python3.12/site-packages/django/db/backends/utils.py", line 92, in _execute_with_wrappers
    return executor(sql, params, many, context)
           ^^^^^^^^^^^^^^^^^^^^^^^^^^^^^^^^^^^^
  File "/home/notouriousmma/Documents/Tk/pharmacy/Pharmacy_project/venv/lib/python3.12/site-packages/django/db/backends/utils.py", line 100, in _execute
    with self.db.wrap_database_errors:
  File "/home/notouriousmma/Documents/Tk/pharmacy/Pharmacy_project/venv/lib/python3.12/site-packages/django/db/utils.py", line 91, in __exit__
    raise dj_exc_value.with_traceback(traceback) from exc_value
  File "/home/notouriousmma/Documents/Tk/pharmacy/Pharmacy_project/venv/lib/python3.12/site-packages/django/db/backends/utils.py", line 105, in _execute
    return self.cursor.execute(sql, params)
           ^^^^^^^^^^^^^^^^^^^^^^^^^^^^^^^^
  File "/home/notouriousmma/Documents/Tk/pharmacy/Pharmacy_project/venv/lib/python3.12/site-packages/django/db/backends/sqlite3/base.py", line 360, in execute
    return super().execute(query, params)
           ^^^^^^^^^^^^^^^^^^^^^^^^^^^^^^
django.db.utils.OperationalError: misuse of aggregate function SUM()
ERROR 2025-12-17 09:31:33,555 basehttp "GET /sales/ HTTP/1.1" 500 147777
ERROR 2025-12-17 09:31:40,911 log Internal Server Error: /sales/pos/
Traceback (most recent call last):
  File "/home/notouriousmma/Documents/Tk/pharmacy/Pharmacy_project/venv/lib/python3.12/site-packages/django/core/handlers/exception.py", line 55, in inner
    response = get_response(request)
               ^^^^^^^^^^^^^^^^^^^^^
  File "/home/notouriousmma/Documents/Tk/pharmacy/Pharmacy_project/venv/lib/python3.12/site-packages/django/core/handlers/base.py", line 197, in _get_response
    response = wrapped_callback(request, *callback_args, **callback_kwargs)
               ^^^^^^^^^^^^^^^^^^^^^^^^^^^^^^^^^^^^^^^^^^^^^^^^^^^^^^^^^^^^
  File "/home/notouriousmma/Documents/Tk/pharmacy/Pharmacy_project/venv/lib/python3.12/site-packages/django/contrib/auth/decorators.py", line 59, in _view_wrapper
    return view_func(request, *args, **kwargs)
           ^^^^^^^^^^^^^^^^^^^^^^^^^^^^^^^^^^^
  File "/home/notouriousmma/Documents/Tk/pharmacy/Pharmacy_project/sales/views.py", line 38, in pos_view
    return render(request, 'sales/pos.html', context)
           ^^^^^^^^^^^^^^^^^^^^^^^^^^^^^^^^^^^^^^^^^^
  File "/home/notouriousmma/Documents/Tk/pharmacy/Pharmacy_project/venv/lib/python3.12/site-packages/django/shortcuts.py", line 25, in render
    content = loader.render_to_string(template_name, context, request, using=using)
              ^^^^^^^^^^^^^^^^^^^^^^^^^^^^^^^^^^^^^^^^^^^^^^^^^^^^^^^^^^^^^^^^^^^^^
  File "/home/notouriousmma/Documents/Tk/pharmacy/Pharmacy_project/venv/lib/python3.12/site-packages/django/template/loader.py", line 61, in render_to_string
    template = get_template(template_name, using=using)
               ^^^^^^^^^^^^^^^^^^^^^^^^^^^^^^^^^^^^^^^^
  File "/home/notouriousmma/Documents/Tk/pharmacy/Pharmacy_project/venv/lib/python3.12/site-packages/django/template/loader.py", line 19, in get_template
    raise TemplateDoesNotExist(template_name, chain=chain)
django.template.exceptions.TemplateDoesNotExist: sales/pos.html
ERROR 2025-12-17 09:31:40,915 basehttp "GET /sales/pos/ HTTP/1.1" 500 98701
INFO 2025-12-17 09:31:49,549 basehttp "GET / HTTP/1.1" 200 13850
WARNING 2025-12-17 09:31:49,620 basehttp "GET /static/js/main.js HTTP/1.1" 404 1957
WARNING 2025-12-17 09:31:49,744 basehttp "GET /static/js/main.js HTTP/1.1" 404 1957
INFO 2025-12-17 09:31:51,474 basehttp "GET / HTTP/1.1" 200 13850
WARNING 2025-12-17 09:31:51,531 basehttp "GET /static/js/main.js HTTP/1.1" 404 1957
WARNING 2025-12-17 09:31:52,023 basehttp "GET /static/js/main.js HTTP/1.1" 404 1957
ERROR 2025-12-17 09:31:53,873 log Internal Server Error: /sales/pos/
Traceback (most recent call last):
  File "/home/notouriousmma/Documents/Tk/pharmacy/Pharmacy_project/venv/lib/python3.12/site-packages/django/core/handlers/exception.py", line 55, in inner
    response = get_response(request)
               ^^^^^^^^^^^^^^^^^^^^^
  File "/home/notouriousmma/Documents/Tk/pharmacy/Pharmacy_project/venv/lib/python3.12/site-packages/django/core/handlers/base.py", line 197, in _get_response
    response = wrapped_callback(request, *callback_args, **callback_kwargs)
               ^^^^^^^^^^^^^^^^^^^^^^^^^^^^^^^^^^^^^^^^^^^^^^^^^^^^^^^^^^^^
  File "/home/notouriousmma/Documents/Tk/pharmacy/Pharmacy_project/venv/lib/python3.12/site-packages/django/contrib/auth/decorators.py", line 59, in _view_wrapper
    return view_func(request, *args, **kwargs)
           ^^^^^^^^^^^^^^^^^^^^^^^^^^^^^^^^^^^
  File "/home/notouriousmma/Documents/Tk/pharmacy/Pharmacy_project/sales/views.py", line 38, in pos_view
    return render(request, 'sales/pos.html', context)
           ^^^^^^^^^^^^^^^^^^^^^^^^^^^^^^^^^^^^^^^^^^
  File "/home/notouriousmma/Documents/Tk/pharmacy/Pharmacy_project/venv/lib/python3.12/site-packages/django/shortcuts.py", line 25, in render
    content = loader.render_to_string(template_name, context, request, using=using)
              ^^^^^^^^^^^^^^^^^^^^^^^^^^^^^^^^^^^^^^^^^^^^^^^^^^^^^^^^^^^^^^^^^^^^^
  File "/home/notouriousmma/Documents/Tk/pharmacy/Pharmacy_project/venv/lib/python3.12/site-packages/django/template/loader.py", line 61, in render_to_string
    template = get_template(template_name, using=using)
               ^^^^^^^^^^^^^^^^^^^^^^^^^^^^^^^^^^^^^^^^
  File "/home/notouriousmma/Documents/Tk/pharmacy/Pharmacy_project/venv/lib/python3.12/site-packages/django/template/loader.py", line 19, in get_template
    raise TemplateDoesNotExist(template_name, chain=chain)
django.template.exceptions.TemplateDoesNotExist: sales/pos.html
ERROR 2025-12-17 09:31:53,874 basehttp "GET /sales/pos/ HTTP/1.1" 500 98701
ERROR 2025-12-17 09:31:58,182 log Internal Server Error: /inventory/low-stock/
Traceback (most recent call last):
  File "/home/notouriousmma/Documents/Tk/pharmacy/Pharmacy_project/venv/lib/python3.12/site-packages/django/core/handlers/exception.py", line 55, in inner
    response = get_response(request)
               ^^^^^^^^^^^^^^^^^^^^^
  File "/home/notouriousmma/Documents/Tk/pharmacy/Pharmacy_project/venv/lib/python3.12/site-packages/django/core/handlers/base.py", line 197, in _get_response
    response = wrapped_callback(request, *callback_args, **callback_kwargs)
               ^^^^^^^^^^^^^^^^^^^^^^^^^^^^^^^^^^^^^^^^^^^^^^^^^^^^^^^^^^^^
  File "/home/notouriousmma/Documents/Tk/pharmacy/Pharmacy_project/venv/lib/python3.12/site-packages/django/contrib/auth/decorators.py", line 59, in _view_wrapper
    return view_func(request, *args, **kwargs)
           ^^^^^^^^^^^^^^^^^^^^^^^^^^^^^^^^^^^
  File "/home/notouriousmma/Documents/Tk/pharmacy/Pharmacy_project/inventory/views.py", line 379, in low_stock_alert
    return render(request, 'inventory/low_stock.html', context)
           ^^^^^^^^^^^^^^^^^^^^^^^^^^^^^^^^^^^^^^^^^^^^^^^^^^^^
  File "/home/notouriousmma/Documents/Tk/pharmacy/Pharmacy_project/venv/lib/python3.12/site-packages/django/shortcuts.py", line 25, in render
    content = loader.render_to_string(template_name, context, request, using=using)
              ^^^^^^^^^^^^^^^^^^^^^^^^^^^^^^^^^^^^^^^^^^^^^^^^^^^^^^^^^^^^^^^^^^^^^
  File "/home/notouriousmma/Documents/Tk/pharmacy/Pharmacy_project/venv/lib/python3.12/site-packages/django/template/loader.py", line 61, in render_to_string
    template = get_template(template_name, using=using)
               ^^^^^^^^^^^^^^^^^^^^^^^^^^^^^^^^^^^^^^^^
  File "/home/notouriousmma/Documents/Tk/pharmacy/Pharmacy_project/venv/lib/python3.12/site-packages/django/template/loader.py", line 19, in get_template
    raise TemplateDoesNotExist(template_name, chain=chain)
django.template.exceptions.TemplateDoesNotExist: inventory/low_stock.html
ERROR 2025-12-17 09:31:58,183 basehttp "GET /inventory/low-stock/ HTTP/1.1" 500 97659
INFO 2025-12-17 09:32:07,732 basehttp "GET /inventory/ HTTP/1.1" 200 12911
WARNING 2025-12-17 09:32:07,833 basehttp "GET /static/js/main.js HTTP/1.1" 404 1957
WARNING 2025-12-17 09:32:08,352 basehttp "GET /static/js/main.js HTTP/1.1" 404 1957
INFO 2025-12-17 09:59:17,247 autoreload Watching for file changes with StatReloader
INFO 2025-12-17 09:59:25,324 basehttp "GET /customers/ HTTP/1.1" 200 9873
WARNING 2025-12-17 09:59:25,473 basehttp "GET /static/js/main.js HTTP/1.1" 404 1957
WARNING 2025-12-17 09:59:25,961 basehttp "GET /static/js/main.js HTTP/1.1" 404 1957
ERROR 2025-12-17 09:59:32,585 log Internal Server Error: /sales/
Traceback (most recent call last):
  File "/home/notouriousmma/Documents/Tk/pharmacy/Pharmacy_project/venv/lib/python3.12/site-packages/django/db/backends/utils.py", line 105, in _execute
    return self.cursor.execute(sql, params)
           ^^^^^^^^^^^^^^^^^^^^^^^^^^^^^^^^
  File "/home/notouriousmma/Documents/Tk/pharmacy/Pharmacy_project/venv/lib/python3.12/site-packages/django/db/backends/sqlite3/base.py", line 360, in execute
    return super().execute(query, params)
           ^^^^^^^^^^^^^^^^^^^^^^^^^^^^^^
sqlite3.OperationalError: misuse of aggregate function SUM()

The above exception was the direct cause of the following exception:

Traceback (most recent call last):
  File "/home/notouriousmma/Documents/Tk/pharmacy/Pharmacy_project/venv/lib/python3.12/site-packages/django/core/handlers/exception.py", line 55, in inner
    response = get_response(request)
               ^^^^^^^^^^^^^^^^^^^^^
  File "/home/notouriousmma/Documents/Tk/pharmacy/Pharmacy_project/venv/lib/python3.12/site-packages/django/core/handlers/base.py", line 197, in _get_response
    response = wrapped_callback(request, *callback_args, **callback_kwargs)
               ^^^^^^^^^^^^^^^^^^^^^^^^^^^^^^^^^^^^^^^^^^^^^^^^^^^^^^^^^^^^
  File "/home/notouriousmma/Documents/Tk/pharmacy/Pharmacy_project/venv/lib/python3.12/site-packages/django/contrib/auth/decorators.py", line 59, in _view_wrapper
    return view_func(request, *args, **kwargs)
           ^^^^^^^^^^^^^^^^^^^^^^^^^^^^^^^^^^^
  File "/home/notouriousmma/Documents/Tk/pharmacy/Pharmacy_project/sales/views.py", line 307, in sales_list
    totals = sales.aggregate(
             ^^^^^^^^^^^^^^^^
  File "/home/notouriousmma/Documents/Tk/pharmacy/Pharmacy_project/venv/lib/python3.12/site-packages/django/db/models/query.py", line 590, in aggregate
    return self.query.chain().get_aggregation(self.db, kwargs)
           ^^^^^^^^^^^^^^^^^^^^^^^^^^^^^^^^^^^^^^^^^^^^^^^^^^^
  File "/home/notouriousmma/Documents/Tk/pharmacy/Pharmacy_project/venv/lib/python3.12/site-packages/django/db/models/sql/query.py", line 626, in get_aggregation
    result = compiler.execute_sql(SINGLE)
             ^^^^^^^^^^^^^^^^^^^^^^^^^^^^
  File "/home/notouriousmma/Documents/Tk/pharmacy/Pharmacy_project/venv/lib/python3.12/site-packages/django/db/models/sql/compiler.py", line 1623, in execute_sql
    cursor.execute(sql, params)
  File "/home/notouriousmma/Documents/Tk/pharmacy/Pharmacy_project/venv/lib/python3.12/site-packages/django/db/backends/utils.py", line 122, in execute
    return super().execute(sql, params)
           ^^^^^^^^^^^^^^^^^^^^^^^^^^^^
  File "/home/notouriousmma/Documents/Tk/pharmacy/Pharmacy_project/venv/lib/python3.12/site-packages/django/db/backends/utils.py", line 79, in execute
    return self._execute_with_wrappers(
           ^^^^^^^^^^^^^^^^^^^^^^^^^^^^
  File "/home/notouriousmma/Documents/Tk/pharmacy/Pharmacy_project/venv/lib/python3.12/site-packages/django/db/backends/utils.py", line 92, in _execute_with_wrappers
    return executor(sql, params, many, context)
           ^^^^^^^^^^^^^^^^^^^^^^^^^^^^^^^^^^^^
  File "/home/notouriousmma/Documents/Tk/pharmacy/Pharmacy_project/venv/lib/python3.12/site-packages/django/db/backends/utils.py", line 100, in _execute
    with self.db.wrap_database_errors:
  File "/home/notouriousmma/Documents/Tk/pharmacy/Pharmacy_project/venv/lib/python3.12/site-packages/django/db/utils.py", line 91, in __exit__
    raise dj_exc_value.with_traceback(traceback) from exc_value
  File "/home/notouriousmma/Documents/Tk/pharmacy/Pharmacy_project/venv/lib/python3.12/site-packages/django/db/backends/utils.py", line 105, in _execute
    return self.cursor.execute(sql, params)
           ^^^^^^^^^^^^^^^^^^^^^^^^^^^^^^^^
  File "/home/notouriousmma/Documents/Tk/pharmacy/Pharmacy_project/venv/lib/python3.12/site-packages/django/db/backends/sqlite3/base.py", line 360, in execute
    return super().execute(query, params)
           ^^^^^^^^^^^^^^^^^^^^^^^^^^^^^^
django.db.utils.OperationalError: misuse of aggregate function SUM()
ERROR 2025-12-17 09:59:32,590 basehttp "GET /sales/ HTTP/1.1" 500 147787
INFO 2025-12-17 10:06:22,047 autoreload Watching for file changes with StatReloader
INFO 2025-12-17 10:06:28,838 basehttp "GET /customers/ HTTP/1.1" 200 9873
WARNING 2025-12-17 10:06:28,929 basehttp "GET /static/js/main.js HTTP/1.1" 404 1957
WARNING 2025-12-17 10:06:29,501 basehttp "GET /static/js/main.js HTTP/1.1" 404 1957
ERROR 2025-12-17 10:06:36,392 log Internal Server Error: /suppliers/
Traceback (most recent call last):
  File "/home/notouriousmma/Documents/Tk/pharmacy/Pharmacy_project/venv/lib/python3.12/site-packages/django/core/handlers/exception.py", line 55, in inner
    response = get_response(request)
               ^^^^^^^^^^^^^^^^^^^^^
  File "/home/notouriousmma/Documents/Tk/pharmacy/Pharmacy_project/venv/lib/python3.12/site-packages/django/core/handlers/base.py", line 197, in _get_response
    response = wrapped_callback(request, *callback_args, **callback_kwargs)
               ^^^^^^^^^^^^^^^^^^^^^^^^^^^^^^^^^^^^^^^^^^^^^^^^^^^^^^^^^^^^
  File "/home/notouriousmma/Documents/Tk/pharmacy/Pharmacy_project/venv/lib/python3.12/site-packages/django/contrib/auth/decorators.py", line 59, in _view_wrapper
    return view_func(request, *args, **kwargs)
           ^^^^^^^^^^^^^^^^^^^^^^^^^^^^^^^^^^^
  File "/home/notouriousmma/Documents/Tk/pharmacy/Pharmacy_project/suppliers/views.py", line 41, in supplier_list
    return render(request, 'suppliers/supplier_list.html', context)
           ^^^^^^^^^^^^^^^^^^^^^^^^^^^^^^^^^^^^^^^^^^^^^^^^^^^^^^^^
  File "/home/notouriousmma/Documents/Tk/pharmacy/Pharmacy_project/venv/lib/python3.12/site-packages/django/shortcuts.py", line 25, in render
    content = loader.render_to_string(template_name, context, request, using=using)
              ^^^^^^^^^^^^^^^^^^^^^^^^^^^^^^^^^^^^^^^^^^^^^^^^^^^^^^^^^^^^^^^^^^^^^
  File "/home/notouriousmma/Documents/Tk/pharmacy/Pharmacy_project/venv/lib/python3.12/site-packages/django/template/loader.py", line 61, in render_to_string
    template = get_template(template_name, using=using)
               ^^^^^^^^^^^^^^^^^^^^^^^^^^^^^^^^^^^^^^^^
  File "/home/notouriousmma/Documents/Tk/pharmacy/Pharmacy_project/venv/lib/python3.12/site-packages/django/template/loader.py", line 19, in get_template
    raise TemplateDoesNotExist(template_name, chain=chain)
django.template.exceptions.TemplateDoesNotExist: suppliers/supplier_list.html
ERROR 2025-12-17 10:06:36,394 basehttp "GET /suppliers/ HTTP/1.1" 500 98612
ERROR 2025-12-17 10:11:55,679 log Internal Server Error: /suppliers/
Traceback (most recent call last):
  File "/home/notouriousmma/Documents/Tk/pharmacy/Pharmacy_project/venv/lib/python3.12/site-packages/django/core/handlers/exception.py", line 55, in inner
    response = get_response(request)
               ^^^^^^^^^^^^^^^^^^^^^
  File "/home/notouriousmma/Documents/Tk/pharmacy/Pharmacy_project/venv/lib/python3.12/site-packages/django/core/handlers/base.py", line 197, in _get_response
    response = wrapped_callback(request, *callback_args, **callback_kwargs)
               ^^^^^^^^^^^^^^^^^^^^^^^^^^^^^^^^^^^^^^^^^^^^^^^^^^^^^^^^^^^^
  File "/home/notouriousmma/Documents/Tk/pharmacy/Pharmacy_project/venv/lib/python3.12/site-packages/django/contrib/auth/decorators.py", line 59, in _view_wrapper
    return view_func(request, *args, **kwargs)
           ^^^^^^^^^^^^^^^^^^^^^^^^^^^^^^^^^^^
  File "/home/notouriousmma/Documents/Tk/pharmacy/Pharmacy_project/suppliers/views.py", line 41, in supplier_list
    return render(request, 'suppliers/supplier_list.html', context)
           ^^^^^^^^^^^^^^^^^^^^^^^^^^^^^^^^^^^^^^^^^^^^^^^^^^^^^^^^
  File "/home/notouriousmma/Documents/Tk/pharmacy/Pharmacy_project/venv/lib/python3.12/site-packages/django/shortcuts.py", line 25, in render
    content = loader.render_to_string(template_name, context, request, using=using)
              ^^^^^^^^^^^^^^^^^^^^^^^^^^^^^^^^^^^^^^^^^^^^^^^^^^^^^^^^^^^^^^^^^^^^^
  File "/home/notouriousmma/Documents/Tk/pharmacy/Pharmacy_project/venv/lib/python3.12/site-packages/django/template/loader.py", line 61, in render_to_string
    template = get_template(template_name, using=using)
               ^^^^^^^^^^^^^^^^^^^^^^^^^^^^^^^^^^^^^^^^
  File "/home/notouriousmma/Documents/Tk/pharmacy/Pharmacy_project/venv/lib/python3.12/site-packages/django/template/loader.py", line 19, in get_template
    raise TemplateDoesNotExist(template_name, chain=chain)
django.template.exceptions.TemplateDoesNotExist: suppliers/supplier_list.html
ERROR 2025-12-17 10:11:55,690 basehttp "GET /suppliers/ HTTP/1.1" 500 98612
WARNING 2025-12-17 10:11:55,783 log Not Found: /favicon.ico
ERROR 2025-12-17 10:12:18,097 log Internal Server Error: /reports/
Traceback (most recent call last):
  File "/home/notouriousmma/Documents/Tk/pharmacy/Pharmacy_project/venv/lib/python3.12/site-packages/django/core/handlers/exception.py", line 55, in inner
    response = get_response(request)
               ^^^^^^^^^^^^^^^^^^^^^
  File "/home/notouriousmma/Documents/Tk/pharmacy/Pharmacy_project/venv/lib/python3.12/site-packages/django/core/handlers/base.py", line 197, in _get_response
    response = wrapped_callback(request, *callback_args, **callback_kwargs)
               ^^^^^^^^^^^^^^^^^^^^^^^^^^^^^^^^^^^^^^^^^^^^^^^^^^^^^^^^^^^^
  File "/home/notouriousmma/Documents/Tk/pharmacy/Pharmacy_project/venv/lib/python3.12/site-packages/django/contrib/auth/decorators.py", line 59, in _view_wrapper
    return view_func(request, *args, **kwargs)
           ^^^^^^^^^^^^^^^^^^^^^^^^^^^^^^^^^^^
  File "/home/notouriousmma/Documents/Tk/pharmacy/Pharmacy_project/report/views.py", line 173, in reports_dashboard
    return render(request, 'reports/dashboard.html', context)
           ^^^^^^^^^^^^^^^^^^^^^^^^^^^^^^^^^^^^^^^^^^^^^^^^^^
  File "/home/notouriousmma/Documents/Tk/pharmacy/Pharmacy_project/venv/lib/python3.12/site-packages/django/shortcuts.py", line 25, in render
    content = loader.render_to_string(template_name, context, request, using=using)
              ^^^^^^^^^^^^^^^^^^^^^^^^^^^^^^^^^^^^^^^^^^^^^^^^^^^^^^^^^^^^^^^^^^^^^
  File "/home/notouriousmma/Documents/Tk/pharmacy/Pharmacy_project/venv/lib/python3.12/site-packages/django/template/loader.py", line 61, in render_to_string
    template = get_template(template_name, using=using)
               ^^^^^^^^^^^^^^^^^^^^^^^^^^^^^^^^^^^^^^^^
  File "/home/notouriousmma/Documents/Tk/pharmacy/Pharmacy_project/venv/lib/python3.12/site-packages/django/template/loader.py", line 19, in get_template
    raise TemplateDoesNotExist(template_name, chain=chain)
django.template.exceptions.TemplateDoesNotExist: reports/dashboard.html
ERROR 2025-12-17 10:12:18,100 basehttp "GET /reports/ HTTP/1.1" 500 106900
WARNING 2025-12-17 10:12:18,190 log Not Found: /favicon.ico
ERROR 2025-12-17 10:12:55,935 log Internal Server Error: /sales/
Traceback (most recent call last):
  File "/home/notouriousmma/Documents/Tk/pharmacy/Pharmacy_project/venv/lib/python3.12/site-packages/django/db/backends/utils.py", line 105, in _execute
    return self.cursor.execute(sql, params)
           ^^^^^^^^^^^^^^^^^^^^^^^^^^^^^^^^
  File "/home/notouriousmma/Documents/Tk/pharmacy/Pharmacy_project/venv/lib/python3.12/site-packages/django/db/backends/sqlite3/base.py", line 360, in execute
    return super().execute(query, params)
           ^^^^^^^^^^^^^^^^^^^^^^^^^^^^^^
sqlite3.OperationalError: misuse of aggregate function SUM()

The above exception was the direct cause of the following exception:

Traceback (most recent call last):
  File "/home/notouriousmma/Documents/Tk/pharmacy/Pharmacy_project/venv/lib/python3.12/site-packages/django/core/handlers/exception.py", line 55, in inner
    response = get_response(request)
               ^^^^^^^^^^^^^^^^^^^^^
  File "/home/notouriousmma/Documents/Tk/pharmacy/Pharmacy_project/venv/lib/python3.12/site-packages/django/core/handlers/base.py", line 197, in _get_response
    response = wrapped_callback(request, *callback_args, **callback_kwargs)
               ^^^^^^^^^^^^^^^^^^^^^^^^^^^^^^^^^^^^^^^^^^^^^^^^^^^^^^^^^^^^
  File "/home/notouriousmma/Documents/Tk/pharmacy/Pharmacy_project/venv/lib/python3.12/site-packages/django/contrib/auth/decorators.py", line 59, in _view_wrapper
    return view_func(request, *args, **kwargs)
           ^^^^^^^^^^^^^^^^^^^^^^^^^^^^^^^^^^^
  File "/home/notouriousmma/Documents/Tk/pharmacy/Pharmacy_project/sales/views.py", line 307, in sales_list
    totals = sales.aggregate(
             ^^^^^^^^^^^^^^^^
  File "/home/notouriousmma/Documents/Tk/pharmacy/Pharmacy_project/venv/lib/python3.12/site-packages/django/db/models/query.py", line 590, in aggregate
    return self.query.chain().get_aggregation(self.db, kwargs)
           ^^^^^^^^^^^^^^^^^^^^^^^^^^^^^^^^^^^^^^^^^^^^^^^^^^^
  File "/home/notouriousmma/Documents/Tk/pharmacy/Pharmacy_project/venv/lib/python3.12/site-packages/django/db/models/sql/query.py", line 626, in get_aggregation
    result = compiler.execute_sql(SINGLE)
             ^^^^^^^^^^^^^^^^^^^^^^^^^^^^
  File "/home/notouriousmma/Documents/Tk/pharmacy/Pharmacy_project/venv/lib/python3.12/site-packages/django/db/models/sql/compiler.py", line 1623, in execute_sql
    cursor.execute(sql, params)
  File "/home/notouriousmma/Documents/Tk/pharmacy/Pharmacy_project/venv/lib/python3.12/site-packages/django/db/backends/utils.py", line 122, in execute
    return super().execute(sql, params)
           ^^^^^^^^^^^^^^^^^^^^^^^^^^^^
  File "/home/notouriousmma/Documents/Tk/pharmacy/Pharmacy_project/venv/lib/python3.12/site-packages/django/db/backends/utils.py", line 79, in execute
    return self._execute_with_wrappers(
           ^^^^^^^^^^^^^^^^^^^^^^^^^^^^
  File "/home/notouriousmma/Documents/Tk/pharmacy/Pharmacy_project/venv/lib/python3.12/site-packages/django/db/backends/utils.py", line 92, in _execute_with_wrappers
    return executor(sql, params, many, context)
           ^^^^^^^^^^^^^^^^^^^^^^^^^^^^^^^^^^^^
  File "/home/notouriousmma/Documents/Tk/pharmacy/Pharmacy_project/venv/lib/python3.12/site-packages/django/db/backends/utils.py", line 100, in _execute
    with self.db.wrap_database_errors:
  File "/home/notouriousmma/Documents/Tk/pharmacy/Pharmacy_project/venv/lib/python3.12/site-packages/django/db/utils.py", line 91, in __exit__
    raise dj_exc_value.with_traceback(traceback) from exc_value
  File "/home/notouriousmma/Documents/Tk/pharmacy/Pharmacy_project/venv/lib/python3.12/site-packages/django/db/backends/utils.py", line 105, in _execute
    return self.cursor.execute(sql, params)
           ^^^^^^^^^^^^^^^^^^^^^^^^^^^^^^^^
  File "/home/notouriousmma/Documents/Tk/pharmacy/Pharmacy_project/venv/lib/python3.12/site-packages/django/db/backends/sqlite3/base.py", line 360, in execute
    return super().execute(query, params)
           ^^^^^^^^^^^^^^^^^^^^^^^^^^^^^^
django.db.utils.OperationalError: misuse of aggregate function SUM()
ERROR 2025-12-17 10:12:55,939 basehttp "GET /sales/ HTTP/1.1" 500 147787
WARNING 2025-12-17 10:12:59,329 log Not Found: /favicon.ico
ERROR 2025-12-17 10:13:01,428 log Internal Server Error: /inventory/expiring/
Traceback (most recent call last):
  File "/home/notouriousmma/Documents/Tk/pharmacy/Pharmacy_project/venv/lib/python3.12/site-packages/django/core/handlers/exception.py", line 55, in inner
    response = get_response(request)
               ^^^^^^^^^^^^^^^^^^^^^
  File "/home/notouriousmma/Documents/Tk/pharmacy/Pharmacy_project/venv/lib/python3.12/site-packages/django/core/handlers/base.py", line 197, in _get_response
    response = wrapped_callback(request, *callback_args, **callback_kwargs)
               ^^^^^^^^^^^^^^^^^^^^^^^^^^^^^^^^^^^^^^^^^^^^^^^^^^^^^^^^^^^^
  File "/home/notouriousmma/Documents/Tk/pharmacy/Pharmacy_project/venv/lib/python3.12/site-packages/django/contrib/auth/decorators.py", line 59, in _view_wrapper
    return view_func(request, *args, **kwargs)
           ^^^^^^^^^^^^^^^^^^^^^^^^^^^^^^^^^^^
  File "/home/notouriousmma/Documents/Tk/pharmacy/Pharmacy_project/inventory/views.py", line 406, in expiring_medicines
    return render(request, 'inventory/expiring.html', context)
           ^^^^^^^^^^^^^^^^^^^^^^^^^^^^^^^^^^^^^^^^^^^^^^^^^^^
  File "/home/notouriousmma/Documents/Tk/pharmacy/Pharmacy_project/venv/lib/python3.12/site-packages/django/shortcuts.py", line 25, in render
    content = loader.render_to_string(template_name, context, request, using=using)
              ^^^^^^^^^^^^^^^^^^^^^^^^^^^^^^^^^^^^^^^^^^^^^^^^^^^^^^^^^^^^^^^^^^^^^
  File "/home/notouriousmma/Documents/Tk/pharmacy/Pharmacy_project/venv/lib/python3.12/site-packages/django/template/loader.py", line 61, in render_to_string
    template = get_template(template_name, using=using)
               ^^^^^^^^^^^^^^^^^^^^^^^^^^^^^^^^^^^^^^^^
  File "/home/notouriousmma/Documents/Tk/pharmacy/Pharmacy_project/venv/lib/python3.12/site-packages/django/template/loader.py", line 19, in get_template
    raise TemplateDoesNotExist(template_name, chain=chain)
django.template.exceptions.TemplateDoesNotExist: inventory/expiring.html
ERROR 2025-12-17 10:13:01,430 basehttp "GET /inventory/expiring/ HTTP/1.1" 500 98427
WARNING 2025-12-17 10:13:22,018 log Not Found: /favicon.ico
ERROR 2025-12-17 10:13:24,064 log Internal Server Error: /inventory/low-stock/
Traceback (most recent call last):
  File "/home/notouriousmma/Documents/Tk/pharmacy/Pharmacy_project/venv/lib/python3.12/site-packages/django/core/handlers/exception.py", line 55, in inner
    response = get_response(request)
               ^^^^^^^^^^^^^^^^^^^^^
  File "/home/notouriousmma/Documents/Tk/pharmacy/Pharmacy_project/venv/lib/python3.12/site-packages/django/core/handlers/base.py", line 197, in _get_response
    response = wrapped_callback(request, *callback_args, **callback_kwargs)
               ^^^^^^^^^^^^^^^^^^^^^^^^^^^^^^^^^^^^^^^^^^^^^^^^^^^^^^^^^^^^
  File "/home/notouriousmma/Documents/Tk/pharmacy/Pharmacy_project/venv/lib/python3.12/site-packages/django/contrib/auth/decorators.py", line 59, in _view_wrapper
    return view_func(request, *args, **kwargs)
           ^^^^^^^^^^^^^^^^^^^^^^^^^^^^^^^^^^^
  File "/home/notouriousmma/Documents/Tk/pharmacy/Pharmacy_project/inventory/views.py", line 379, in low_stock_alert
    return render(request, 'inventory/low_stock.html', context)
           ^^^^^^^^^^^^^^^^^^^^^^^^^^^^^^^^^^^^^^^^^^^^^^^^^^^^
  File "/home/notouriousmma/Documents/Tk/pharmacy/Pharmacy_project/venv/lib/python3.12/site-packages/django/shortcuts.py", line 25, in render
    content = loader.render_to_string(template_name, context, request, using=using)
              ^^^^^^^^^^^^^^^^^^^^^^^^^^^^^^^^^^^^^^^^^^^^^^^^^^^^^^^^^^^^^^^^^^^^^
  File "/home/notouriousmma/Documents/Tk/pharmacy/Pharmacy_project/venv/lib/python3.12/site-packages/django/template/loader.py", line 61, in render_to_string
    template = get_template(template_name, using=using)
               ^^^^^^^^^^^^^^^^^^^^^^^^^^^^^^^^^^^^^^^^
  File "/home/notouriousmma/Documents/Tk/pharmacy/Pharmacy_project/venv/lib/python3.12/site-packages/django/template/loader.py", line 19, in get_template
    raise TemplateDoesNotExist(template_name, chain=chain)
django.template.exceptions.TemplateDoesNotExist: inventory/low_stock.html
ERROR 2025-12-17 10:13:24,065 basehttp "GET /inventory/low-stock/ HTTP/1.1" 500 97669
ERROR 2025-12-17 10:13:38,038 log Internal Server Error: /inventory/categories/
Traceback (most recent call last):
  File "/home/notouriousmma/Documents/Tk/pharmacy/Pharmacy_project/venv/lib/python3.12/site-packages/django/core/handlers/exception.py", line 55, in inner
    response = get_response(request)
               ^^^^^^^^^^^^^^^^^^^^^
  File "/home/notouriousmma/Documents/Tk/pharmacy/Pharmacy_project/venv/lib/python3.12/site-packages/django/core/handlers/base.py", line 197, in _get_response
    response = wrapped_callback(request, *callback_args, **callback_kwargs)
               ^^^^^^^^^^^^^^^^^^^^^^^^^^^^^^^^^^^^^^^^^^^^^^^^^^^^^^^^^^^^
  File "/home/notouriousmma/Documents/Tk/pharmacy/Pharmacy_project/venv/lib/python3.12/site-packages/django/contrib/auth/decorators.py", line 59, in _view_wrapper
    return view_func(request, *args, **kwargs)
           ^^^^^^^^^^^^^^^^^^^^^^^^^^^^^^^^^^^
  File "/home/notouriousmma/Documents/Tk/pharmacy/Pharmacy_project/inventory/views.py", line 420, in categories_list
    return render(request, 'inventory/categories.html', context)
           ^^^^^^^^^^^^^^^^^^^^^^^^^^^^^^^^^^^^^^^^^^^^^^^^^^^^^
  File "/home/notouriousmma/Documents/Tk/pharmacy/Pharmacy_project/venv/lib/python3.12/site-packages/django/shortcuts.py", line 25, in render
    content = loader.render_to_string(template_name, context, request, using=using)
              ^^^^^^^^^^^^^^^^^^^^^^^^^^^^^^^^^^^^^^^^^^^^^^^^^^^^^^^^^^^^^^^^^^^^^
  File "/home/notouriousmma/Documents/Tk/pharmacy/Pharmacy_project/venv/lib/python3.12/site-packages/django/template/loader.py", line 61, in render_to_string
    template = get_template(template_name, using=using)
               ^^^^^^^^^^^^^^^^^^^^^^^^^^^^^^^^^^^^^^^^
  File "/home/notouriousmma/Documents/Tk/pharmacy/Pharmacy_project/venv/lib/python3.12/site-packages/django/template/loader.py", line 19, in get_template
    raise TemplateDoesNotExist(template_name, chain=chain)
django.template.exceptions.TemplateDoesNotExist: inventory/categories.html
ERROR 2025-12-17 10:13:38,039 basehttp "GET /inventory/categories/ HTTP/1.1" 500 96673
INFO 2025-12-17 10:13:52,176 basehttp "GET /inventory/ HTTP/1.1" 200 12911
WARNING 2025-12-17 10:13:52,298 basehttp "GET /static/js/main.js HTTP/1.1" 404 1957
WARNING 2025-12-17 10:13:52,775 basehttp "GET /static/js/main.js HTTP/1.1" 404 1957
INFO 2025-12-17 10:36:05,646 autoreload Watching for file changes with StatReloader
INFO 2025-12-17 10:37:54,516 basehttp "GET /suppliers/ HTTP/1.1" 200 10696
WARNING 2025-12-17 10:37:54,604 basehttp "GET /static/js/main.js HTTP/1.1" 404 1957
WARNING 2025-12-17 10:37:55,100 basehttp "GET /static/js/main.js HTTP/1.1" 404 1957
INFO 2025-12-17 17:25:45,523 autoreload Watching for file changes with StatReloader
INFO 2025-12-17 17:26:00,409 basehttp "GET / HTTP/1.1" 200 13850
WARNING 2025-12-17 17:26:01,401 basehttp "GET /static/js/main.js HTTP/1.1" 404 1957
WARNING 2025-12-17 17:26:02,949 basehttp "GET /static/js/main.js HTTP/1.1" 404 1957
ERROR 2025-12-17 17:35:43,912 log Internal Server Error: /sales/pos/
Traceback (most recent call last):
  File "/home/notouriousmma/Documents/Tk/pharmacy/Pharmacy_project/venv/lib/python3.12/site-packages/django/core/handlers/exception.py", line 55, in inner
    response = get_response(request)
               ^^^^^^^^^^^^^^^^^^^^^
  File "/home/notouriousmma/Documents/Tk/pharmacy/Pharmacy_project/venv/lib/python3.12/site-packages/django/core/handlers/base.py", line 197, in _get_response
    response = wrapped_callback(request, *callback_args, **callback_kwargs)
               ^^^^^^^^^^^^^^^^^^^^^^^^^^^^^^^^^^^^^^^^^^^^^^^^^^^^^^^^^^^^
  File "/home/notouriousmma/Documents/Tk/pharmacy/Pharmacy_project/venv/lib/python3.12/site-packages/django/contrib/auth/decorators.py", line 59, in _view_wrapper
    return view_func(request, *args, **kwargs)
           ^^^^^^^^^^^^^^^^^^^^^^^^^^^^^^^^^^^
  File "/home/notouriousmma/Documents/Tk/pharmacy/Pharmacy_project/sales/views.py", line 38, in pos_view
    return render(request, 'sales/pos.html', context)
           ^^^^^^^^^^^^^^^^^^^^^^^^^^^^^^^^^^^^^^^^^^
  File "/home/notouriousmma/Documents/Tk/pharmacy/Pharmacy_project/venv/lib/python3.12/site-packages/django/shortcuts.py", line 25, in render
    content = loader.render_to_string(template_name, context, request, using=using)
              ^^^^^^^^^^^^^^^^^^^^^^^^^^^^^^^^^^^^^^^^^^^^^^^^^^^^^^^^^^^^^^^^^^^^^
  File "/home/notouriousmma/Documents/Tk/pharmacy/Pharmacy_project/venv/lib/python3.12/site-packages/django/template/loader.py", line 61, in render_to_string
    template = get_template(template_name, using=using)
               ^^^^^^^^^^^^^^^^^^^^^^^^^^^^^^^^^^^^^^^^
  File "/home/notouriousmma/Documents/Tk/pharmacy/Pharmacy_project/venv/lib/python3.12/site-packages/django/template/loader.py", line 19, in get_template
    raise TemplateDoesNotExist(template_name, chain=chain)
django.template.exceptions.TemplateDoesNotExist: sales/pos.html
ERROR 2025-12-17 17:35:44,112 basehttp "GET /sales/pos/ HTTP/1.1" 500 97947
INFO 2025-12-17 18:29:07,019 autoreload Watching for file changes with StatReloader
INFO 2025-12-17 18:29:13,162 basehttp "GET / HTTP/1.1" 200 13850
INFO 2025-12-17 18:29:14,993 basehttp "GET /static/css/style.css HTTP/1.1" 200 8627
WARNING 2025-12-17 18:29:15,019 basehttp "GET /static/js/main.js HTTP/1.1" 404 1957
WARNING 2025-12-17 18:29:16,370 log Not Found: /favicon.ico
WARNING 2025-12-17 18:29:16,551 basehttp "GET /static/js/main.js HTTP/1.1" 404 1957
INFO 2025-12-17 18:36:31,309 basehttp "GET /reports/ HTTP/1.1" 200 13424
WARNING 2025-12-17 18:36:31,493 basehttp "GET /static/js/main.js HTTP/1.1" 404 1957
WARNING 2025-12-17 18:36:31,679 basehttp "GET /static/js/main.js HTTP/1.1" 404 1957
INFO 2025-12-17 18:36:48,441 basehttp "GET /suppliers/ HTTP/1.1" 200 10696
WARNING 2025-12-17 18:36:48,724 basehttp "GET /static/js/main.js HTTP/1.1" 404 1957
WARNING 2025-12-17 18:36:49,263 basehttp "GET /static/js/main.js HTTP/1.1" 404 1957
INFO 2025-12-17 18:37:26,437 basehttp "GET /suppliers/suppliers/create/ HTTP/1.1" 200 16468
WARNING 2025-12-17 18:37:26,615 basehttp "GET /static/js/main.js HTTP/1.1" 404 1957
WARNING 2025-12-17 18:37:27,152 basehttp "GET /static/js/main.js HTTP/1.1" 404 1957
INFO 2025-12-17 18:37:31,758 basehttp "GET /customers/ HTTP/1.1" 200 9873
WARNING 2025-12-17 18:37:31,861 basehttp "GET /static/js/main.js HTTP/1.1" 404 1957
WARNING 2025-12-17 18:37:32,587 basehttp "GET /static/js/main.js HTTP/1.1" 404 1957
ERROR 2025-12-17 18:37:34,698 log Internal Server Error: /sales/
Traceback (most recent call last):
  File "/home/notouriousmma/Documents/Tk/pharmacy/Pharmacy_project/venv/lib/python3.12/site-packages/django/db/backends/utils.py", line 105, in _execute
    return self.cursor.execute(sql, params)
           ^^^^^^^^^^^^^^^^^^^^^^^^^^^^^^^^
  File "/home/notouriousmma/Documents/Tk/pharmacy/Pharmacy_project/venv/lib/python3.12/site-packages/django/db/backends/sqlite3/base.py", line 360, in execute
    return super().execute(query, params)
           ^^^^^^^^^^^^^^^^^^^^^^^^^^^^^^
sqlite3.OperationalError: misuse of aggregate function SUM()

The above exception was the direct cause of the following exception:

Traceback (most recent call last):
  File "/home/notouriousmma/Documents/Tk/pharmacy/Pharmacy_project/venv/lib/python3.12/site-packages/django/core/handlers/exception.py", line 55, in inner
    response = get_response(request)
               ^^^^^^^^^^^^^^^^^^^^^
  File "/home/notouriousmma/Documents/Tk/pharmacy/Pharmacy_project/venv/lib/python3.12/site-packages/django/core/handlers/base.py", line 197, in _get_response
    response = wrapped_callback(request, *callback_args, **callback_kwargs)
               ^^^^^^^^^^^^^^^^^^^^^^^^^^^^^^^^^^^^^^^^^^^^^^^^^^^^^^^^^^^^
  File "/home/notouriousmma/Documents/Tk/pharmacy/Pharmacy_project/venv/lib/python3.12/site-packages/django/contrib/auth/decorators.py", line 59, in _view_wrapper
    return view_func(request, *args, **kwargs)
           ^^^^^^^^^^^^^^^^^^^^^^^^^^^^^^^^^^^
  File "/home/notouriousmma/Documents/Tk/pharmacy/Pharmacy_project/sales/views.py", line 307, in sales_list
    totals = sales.aggregate(
             ^^^^^^^^^^^^^^^^
  File "/home/notouriousmma/Documents/Tk/pharmacy/Pharmacy_project/venv/lib/python3.12/site-packages/django/db/models/query.py", line 590, in aggregate
    return self.query.chain().get_aggregation(self.db, kwargs)
           ^^^^^^^^^^^^^^^^^^^^^^^^^^^^^^^^^^^^^^^^^^^^^^^^^^^
  File "/home/notouriousmma/Documents/Tk/pharmacy/Pharmacy_project/venv/lib/python3.12/site-packages/django/db/models/sql/query.py", line 626, in get_aggregation
    result = compiler.execute_sql(SINGLE)
             ^^^^^^^^^^^^^^^^^^^^^^^^^^^^
  File "/home/notouriousmma/Documents/Tk/pharmacy/Pharmacy_project/venv/lib/python3.12/site-packages/django/db/models/sql/compiler.py", line 1623, in execute_sql
    cursor.execute(sql, params)
  File "/home/notouriousmma/Documents/Tk/pharmacy/Pharmacy_project/venv/lib/python3.12/site-packages/django/db/backends/utils.py", line 122, in execute
    return super().execute(sql, params)
           ^^^^^^^^^^^^^^^^^^^^^^^^^^^^
  File "/home/notouriousmma/Documents/Tk/pharmacy/Pharmacy_project/venv/lib/python3.12/site-packages/django/db/backends/utils.py", line 79, in execute
    return self._execute_with_wrappers(
           ^^^^^^^^^^^^^^^^^^^^^^^^^^^^
  File "/home/notouriousmma/Documents/Tk/pharmacy/Pharmacy_project/venv/lib/python3.12/site-packages/django/db/backends/utils.py", line 92, in _execute_with_wrappers
    return executor(sql, params, many, context)
           ^^^^^^^^^^^^^^^^^^^^^^^^^^^^^^^^^^^^
  File "/home/notouriousmma/Documents/Tk/pharmacy/Pharmacy_project/venv/lib/python3.12/site-packages/django/db/backends/utils.py", line 100, in _execute
    with self.db.wrap_database_errors:
  File "/home/notouriousmma/Documents/Tk/pharmacy/Pharmacy_project/venv/lib/python3.12/site-packages/django/db/utils.py", line 91, in __exit__
    raise dj_exc_value.with_traceback(traceback) from exc_value
  File "/home/notouriousmma/Documents/Tk/pharmacy/Pharmacy_project/venv/lib/python3.12/site-packages/django/db/backends/utils.py", line 105, in _execute
    return self.cursor.execute(sql, params)
           ^^^^^^^^^^^^^^^^^^^^^^^^^^^^^^^^
  File "/home/notouriousmma/Documents/Tk/pharmacy/Pharmacy_project/venv/lib/python3.12/site-packages/django/db/backends/sqlite3/base.py", line 360, in execute
    return super().execute(query, params)
           ^^^^^^^^^^^^^^^^^^^^^^^^^^^^^^
django.db.utils.OperationalError: misuse of aggregate function SUM()
ERROR 2025-12-17 18:37:34,702 basehttp "GET /sales/ HTTP/1.1" 500 147033
ERROR 2025-12-17 18:37:40,191 log Internal Server Error: /inventory/expiring/
Traceback (most recent call last):
  File "/home/notouriousmma/Documents/Tk/pharmacy/Pharmacy_project/venv/lib/python3.12/site-packages/django/core/handlers/exception.py", line 55, in inner
    response = get_response(request)
               ^^^^^^^^^^^^^^^^^^^^^
  File "/home/notouriousmma/Documents/Tk/pharmacy/Pharmacy_project/venv/lib/python3.12/site-packages/django/core/handlers/base.py", line 197, in _get_response
    response = wrapped_callback(request, *callback_args, **callback_kwargs)
               ^^^^^^^^^^^^^^^^^^^^^^^^^^^^^^^^^^^^^^^^^^^^^^^^^^^^^^^^^^^^
  File "/home/notouriousmma/Documents/Tk/pharmacy/Pharmacy_project/venv/lib/python3.12/site-packages/django/contrib/auth/decorators.py", line 59, in _view_wrapper
    return view_func(request, *args, **kwargs)
           ^^^^^^^^^^^^^^^^^^^^^^^^^^^^^^^^^^^
  File "/home/notouriousmma/Documents/Tk/pharmacy/Pharmacy_project/inventory/views.py", line 406, in expiring_medicines
    return render(request, 'inventory/expiring.html', context)
           ^^^^^^^^^^^^^^^^^^^^^^^^^^^^^^^^^^^^^^^^^^^^^^^^^^^
  File "/home/notouriousmma/Documents/Tk/pharmacy/Pharmacy_project/venv/lib/python3.12/site-packages/django/shortcuts.py", line 25, in render
    content = loader.render_to_string(template_name, context, request, using=using)
              ^^^^^^^^^^^^^^^^^^^^^^^^^^^^^^^^^^^^^^^^^^^^^^^^^^^^^^^^^^^^^^^^^^^^^
  File "/home/notouriousmma/Documents/Tk/pharmacy/Pharmacy_project/venv/lib/python3.12/site-packages/django/template/loader.py", line 61, in render_to_string
    template = get_template(template_name, using=using)
               ^^^^^^^^^^^^^^^^^^^^^^^^^^^^^^^^^^^^^^^^
  File "/home/notouriousmma/Documents/Tk/pharmacy/Pharmacy_project/venv/lib/python3.12/site-packages/django/template/loader.py", line 19, in get_template
    raise TemplateDoesNotExist(template_name, chain=chain)
django.template.exceptions.TemplateDoesNotExist: inventory/expiring.html
ERROR 2025-12-17 18:37:40,193 basehttp "GET /inventory/expiring/ HTTP/1.1" 500 97673
ERROR 2025-12-17 18:37:44,752 log Internal Server Error: /inventory/low-stock/
Traceback (most recent call last):
  File "/home/notouriousmma/Documents/Tk/pharmacy/Pharmacy_project/venv/lib/python3.12/site-packages/django/core/handlers/exception.py", line 55, in inner
    response = get_response(request)
               ^^^^^^^^^^^^^^^^^^^^^
  File "/home/notouriousmma/Documents/Tk/pharmacy/Pharmacy_project/venv/lib/python3.12/site-packages/django/core/handlers/base.py", line 197, in _get_response
    response = wrapped_callback(request, *callback_args, **callback_kwargs)
               ^^^^^^^^^^^^^^^^^^^^^^^^^^^^^^^^^^^^^^^^^^^^^^^^^^^^^^^^^^^^
  File "/home/notouriousmma/Documents/Tk/pharmacy/Pharmacy_project/venv/lib/python3.12/site-packages/django/contrib/auth/decorators.py", line 59, in _view_wrapper
    return view_func(request, *args, **kwargs)
           ^^^^^^^^^^^^^^^^^^^^^^^^^^^^^^^^^^^
  File "/home/notouriousmma/Documents/Tk/pharmacy/Pharmacy_project/inventory/views.py", line 379, in low_stock_alert
    return render(request, 'inventory/low_stock.html', context)
           ^^^^^^^^^^^^^^^^^^^^^^^^^^^^^^^^^^^^^^^^^^^^^^^^^^^^
  File "/home/notouriousmma/Documents/Tk/pharmacy/Pharmacy_project/venv/lib/python3.12/site-packages/django/shortcuts.py", line 25, in render
    content = loader.render_to_string(template_name, context, request, using=using)
              ^^^^^^^^^^^^^^^^^^^^^^^^^^^^^^^^^^^^^^^^^^^^^^^^^^^^^^^^^^^^^^^^^^^^^
  File "/home/notouriousmma/Documents/Tk/pharmacy/Pharmacy_project/venv/lib/python3.12/site-packages/django/template/loader.py", line 61, in render_to_string
    template = get_template(template_name, using=using)
               ^^^^^^^^^^^^^^^^^^^^^^^^^^^^^^^^^^^^^^^^
  File "/home/notouriousmma/Documents/Tk/pharmacy/Pharmacy_project/venv/lib/python3.12/site-packages/django/template/loader.py", line 19, in get_template
    raise TemplateDoesNotExist(template_name, chain=chain)
django.template.exceptions.TemplateDoesNotExist: inventory/low_stock.html
ERROR 2025-12-17 18:37:44,753 basehttp "GET /inventory/low-stock/ HTTP/1.1" 500 96915
ERROR 2025-12-17 18:37:48,802 log Internal Server Error: /inventory/categories/
Traceback (most recent call last):
  File "/home/notouriousmma/Documents/Tk/pharmacy/Pharmacy_project/venv/lib/python3.12/site-packages/django/core/handlers/exception.py", line 55, in inner
    response = get_response(request)
               ^^^^^^^^^^^^^^^^^^^^^
  File "/home/notouriousmma/Documents/Tk/pharmacy/Pharmacy_project/venv/lib/python3.12/site-packages/django/core/handlers/base.py", line 197, in _get_response
    response = wrapped_callback(request, *callback_args, **callback_kwargs)
               ^^^^^^^^^^^^^^^^^^^^^^^^^^^^^^^^^^^^^^^^^^^^^^^^^^^^^^^^^^^^
  File "/home/notouriousmma/Documents/Tk/pharmacy/Pharmacy_project/venv/lib/python3.12/site-packages/django/contrib/auth/decorators.py", line 59, in _view_wrapper
    return view_func(request, *args, **kwargs)
           ^^^^^^^^^^^^^^^^^^^^^^^^^^^^^^^^^^^
  File "/home/notouriousmma/Documents/Tk/pharmacy/Pharmacy_project/inventory/views.py", line 420, in categories_list
    return render(request, 'inventory/categories.html', context)
           ^^^^^^^^^^^^^^^^^^^^^^^^^^^^^^^^^^^^^^^^^^^^^^^^^^^^^
  File "/home/notouriousmma/Documents/Tk/pharmacy/Pharmacy_project/venv/lib/python3.12/site-packages/django/shortcuts.py", line 25, in render
    content = loader.render_to_string(template_name, context, request, using=using)
              ^^^^^^^^^^^^^^^^^^^^^^^^^^^^^^^^^^^^^^^^^^^^^^^^^^^^^^^^^^^^^^^^^^^^^
  File "/home/notouriousmma/Documents/Tk/pharmacy/Pharmacy_project/venv/lib/python3.12/site-packages/django/template/loader.py", line 61, in render_to_string
    template = get_template(template_name, using=using)
               ^^^^^^^^^^^^^^^^^^^^^^^^^^^^^^^^^^^^^^^^
  File "/home/notouriousmma/Documents/Tk/pharmacy/Pharmacy_project/venv/lib/python3.12/site-packages/django/template/loader.py", line 19, in get_template
    raise TemplateDoesNotExist(template_name, chain=chain)
django.template.exceptions.TemplateDoesNotExist: inventory/categories.html
ERROR 2025-12-17 18:37:48,804 basehttp "GET /inventory/categories/ HTTP/1.1" 500 95919
INFO 2025-12-17 18:37:52,993 basehttp "GET /inventory/ HTTP/1.1" 200 12911
WARNING 2025-12-17 18:37:53,118 basehttp "GET /static/js/main.js HTTP/1.1" 404 1957
WARNING 2025-12-17 18:37:53,610 basehttp "GET /static/js/main.js HTTP/1.1" 404 1957
INFO 2025-12-17 18:48:51,103 autoreload Watching for file changes with StatReloader
INFO 2025-12-17 18:48:55,981 basehttp "GET /suppliers/ HTTP/1.1" 200 10696
WARNING 2025-12-17 18:48:56,080 basehttp "GET /static/js/main.js HTTP/1.1" 404 1957
WARNING 2025-12-17 18:48:56,645 basehttp "GET /static/js/main.js HTTP/1.1" 404 1957
ERROR 2025-12-17 18:49:02,091 log Internal Server Error: /profile/
Traceback (most recent call last):
  File "/home/notouriousmma/Documents/Tk/pharmacy/Pharmacy_project/venv/lib/python3.12/site-packages/django/core/handlers/exception.py", line 55, in inner
    response = get_response(request)
               ^^^^^^^^^^^^^^^^^^^^^
  File "/home/notouriousmma/Documents/Tk/pharmacy/Pharmacy_project/venv/lib/python3.12/site-packages/django/core/handlers/base.py", line 197, in _get_response
    response = wrapped_callback(request, *callback_args, **callback_kwargs)
               ^^^^^^^^^^^^^^^^^^^^^^^^^^^^^^^^^^^^^^^^^^^^^^^^^^^^^^^^^^^^
  File "/home/notouriousmma/Documents/Tk/pharmacy/Pharmacy_project/venv/lib/python3.12/site-packages/django/contrib/auth/decorators.py", line 59, in _view_wrapper
    return view_func(request, *args, **kwargs)
           ^^^^^^^^^^^^^^^^^^^^^^^^^^^^^^^^^^^
  File "/home/notouriousmma/Documents/Tk/pharmacy/Pharmacy_project/accounts/views.py", line 228, in profile_view
    return render(request, 'accounts/profile.html', context)
           ^^^^^^^^^^^^^^^^^^^^^^^^^^^^^^^^^^^^^^^^^^^^^^^^^
  File "/home/notouriousmma/Documents/Tk/pharmacy/Pharmacy_project/venv/lib/python3.12/site-packages/django/shortcuts.py", line 25, in render
    content = loader.render_to_string(template_name, context, request, using=using)
              ^^^^^^^^^^^^^^^^^^^^^^^^^^^^^^^^^^^^^^^^^^^^^^^^^^^^^^^^^^^^^^^^^^^^^
  File "/home/notouriousmma/Documents/Tk/pharmacy/Pharmacy_project/venv/lib/python3.12/site-packages/django/template/loader.py", line 61, in render_to_string
    template = get_template(template_name, using=using)
               ^^^^^^^^^^^^^^^^^^^^^^^^^^^^^^^^^^^^^^^^
  File "/home/notouriousmma/Documents/Tk/pharmacy/Pharmacy_project/venv/lib/python3.12/site-packages/django/template/loader.py", line 19, in get_template
    raise TemplateDoesNotExist(template_name, chain=chain)
django.template.exceptions.TemplateDoesNotExist: accounts/profile.html
ERROR 2025-12-17 18:49:02,094 basehttp "GET /profile/ HTTP/1.1" 500 96701
ERROR 2025-12-17 18:50:33,944 log Internal Server Error: /profile/
Traceback (most recent call last):
  File "/home/notouriousmma/Documents/Tk/pharmacy/Pharmacy_project/venv/lib/python3.12/site-packages/django/core/handlers/exception.py", line 55, in inner
    response = get_response(request)
               ^^^^^^^^^^^^^^^^^^^^^
  File "/home/notouriousmma/Documents/Tk/pharmacy/Pharmacy_project/venv/lib/python3.12/site-packages/django/core/handlers/base.py", line 197, in _get_response
    response = wrapped_callback(request, *callback_args, **callback_kwargs)
               ^^^^^^^^^^^^^^^^^^^^^^^^^^^^^^^^^^^^^^^^^^^^^^^^^^^^^^^^^^^^
  File "/home/notouriousmma/Documents/Tk/pharmacy/Pharmacy_project/venv/lib/python3.12/site-packages/django/contrib/auth/decorators.py", line 59, in _view_wrapper
    return view_func(request, *args, **kwargs)
           ^^^^^^^^^^^^^^^^^^^^^^^^^^^^^^^^^^^
  File "/home/notouriousmma/Documents/Tk/pharmacy/Pharmacy_project/accounts/views.py", line 228, in profile_view
    return render(request, 'accounts/profile.html', context)
           ^^^^^^^^^^^^^^^^^^^^^^^^^^^^^^^^^^^^^^^^^^^^^^^^^
  File "/home/notouriousmma/Documents/Tk/pharmacy/Pharmacy_project/venv/lib/python3.12/site-packages/django/shortcuts.py", line 25, in render
    content = loader.render_to_string(template_name, context, request, using=using)
              ^^^^^^^^^^^^^^^^^^^^^^^^^^^^^^^^^^^^^^^^^^^^^^^^^^^^^^^^^^^^^^^^^^^^^
  File "/home/notouriousmma/Documents/Tk/pharmacy/Pharmacy_project/venv/lib/python3.12/site-packages/django/template/loader.py", line 61, in render_to_string
    template = get_template(template_name, using=using)
               ^^^^^^^^^^^^^^^^^^^^^^^^^^^^^^^^^^^^^^^^
  File "/home/notouriousmma/Documents/Tk/pharmacy/Pharmacy_project/venv/lib/python3.12/site-packages/django/template/loader.py", line 19, in get_template
    raise TemplateDoesNotExist(template_name, chain=chain)
django.template.exceptions.TemplateDoesNotExist: accounts/profile.html
ERROR 2025-12-17 18:50:33,945 basehttp "GET /profile/ HTTP/1.1" 500 96701
ERROR 2025-12-17 18:50:37,051 log Internal Server Error: /profile/
Traceback (most recent call last):
  File "/home/notouriousmma/Documents/Tk/pharmacy/Pharmacy_project/venv/lib/python3.12/site-packages/django/core/handlers/exception.py", line 55, in inner
    response = get_response(request)
               ^^^^^^^^^^^^^^^^^^^^^
  File "/home/notouriousmma/Documents/Tk/pharmacy/Pharmacy_project/venv/lib/python3.12/site-packages/django/core/handlers/base.py", line 197, in _get_response
    response = wrapped_callback(request, *callback_args, **callback_kwargs)
               ^^^^^^^^^^^^^^^^^^^^^^^^^^^^^^^^^^^^^^^^^^^^^^^^^^^^^^^^^^^^
  File "/home/notouriousmma/Documents/Tk/pharmacy/Pharmacy_project/venv/lib/python3.12/site-packages/django/contrib/auth/decorators.py", line 59, in _view_wrapper
    return view_func(request, *args, **kwargs)
           ^^^^^^^^^^^^^^^^^^^^^^^^^^^^^^^^^^^
  File "/home/notouriousmma/Documents/Tk/pharmacy/Pharmacy_project/accounts/views.py", line 228, in profile_view
    return render(request, 'accounts/profile.html', context)
           ^^^^^^^^^^^^^^^^^^^^^^^^^^^^^^^^^^^^^^^^^^^^^^^^^
  File "/home/notouriousmma/Documents/Tk/pharmacy/Pharmacy_project/venv/lib/python3.12/site-packages/django/shortcuts.py", line 25, in render
    content = loader.render_to_string(template_name, context, request, using=using)
              ^^^^^^^^^^^^^^^^^^^^^^^^^^^^^^^^^^^^^^^^^^^^^^^^^^^^^^^^^^^^^^^^^^^^^
  File "/home/notouriousmma/Documents/Tk/pharmacy/Pharmacy_project/venv/lib/python3.12/site-packages/django/template/loader.py", line 61, in render_to_string
    template = get_template(template_name, using=using)
               ^^^^^^^^^^^^^^^^^^^^^^^^^^^^^^^^^^^^^^^^
  File "/home/notouriousmma/Documents/Tk/pharmacy/Pharmacy_project/venv/lib/python3.12/site-packages/django/template/loader.py", line 19, in get_template
    raise TemplateDoesNotExist(template_name, chain=chain)
django.template.exceptions.TemplateDoesNotExist: accounts/profile.html
ERROR 2025-12-17 18:50:37,052 basehttp "GET /profile/ HTTP/1.1" 500 96701
INFO 2025-12-17 18:50:51,349 autoreload Watching for file changes with StatReloader
INFO 2025-12-17 18:50:57,845 basehttp "GET /profile/ HTTP/1.1" 200 11791
WARNING 2025-12-17 18:50:57,907 basehttp "GET /static/js/main.js HTTP/1.1" 404 1957
WARNING 2025-12-17 18:50:58,445 basehttp "GET /static/js/main.js HTTP/1.1" 404 1957
WARNING 2025-12-17 18:50:58,468 log Not Found: /favicon.ico
ERROR 2025-12-17 18:51:07,261 log Internal Server Error: /change-password/
Traceback (most recent call last):
  File "/home/notouriousmma/Documents/Tk/pharmacy/Pharmacy_project/venv/lib/python3.12/site-packages/django/core/handlers/exception.py", line 55, in inner
    response = get_response(request)
               ^^^^^^^^^^^^^^^^^^^^^
  File "/home/notouriousmma/Documents/Tk/pharmacy/Pharmacy_project/venv/lib/python3.12/site-packages/django/core/handlers/base.py", line 197, in _get_response
    response = wrapped_callback(request, *callback_args, **callback_kwargs)
               ^^^^^^^^^^^^^^^^^^^^^^^^^^^^^^^^^^^^^^^^^^^^^^^^^^^^^^^^^^^^
  File "/home/notouriousmma/Documents/Tk/pharmacy/Pharmacy_project/venv/lib/python3.12/site-packages/django/contrib/auth/decorators.py", line 59, in _view_wrapper
    return view_func(request, *args, **kwargs)
           ^^^^^^^^^^^^^^^^^^^^^^^^^^^^^^^^^^^
  File "/home/notouriousmma/Documents/Tk/pharmacy/Pharmacy_project/accounts/views.py", line 327, in change_password
    return render(request, 'accounts/change_password.html')
           ^^^^^^^^^^^^^^^^^^^^^^^^^^^^^^^^^^^^^^^^^^^^^^^^
  File "/home/notouriousmma/Documents/Tk/pharmacy/Pharmacy_project/venv/lib/python3.12/site-packages/django/shortcuts.py", line 25, in render
    content = loader.render_to_string(template_name, context, request, using=using)
              ^^^^^^^^^^^^^^^^^^^^^^^^^^^^^^^^^^^^^^^^^^^^^^^^^^^^^^^^^^^^^^^^^^^^^
  File "/home/notouriousmma/Documents/Tk/pharmacy/Pharmacy_project/venv/lib/python3.12/site-packages/django/template/loader.py", line 61, in render_to_string
    template = get_template(template_name, using=using)
               ^^^^^^^^^^^^^^^^^^^^^^^^^^^^^^^^^^^^^^^^
  File "/home/notouriousmma/Documents/Tk/pharmacy/Pharmacy_project/venv/lib/python3.12/site-packages/django/template/loader.py", line 19, in get_template
    raise TemplateDoesNotExist(template_name, chain=chain)
django.template.exceptions.TemplateDoesNotExist: accounts/change_password.html
ERROR 2025-12-17 18:51:07,263 basehttp "GET /change-password/ HTTP/1.1" 500 96577
WARNING 2025-12-17 18:51:14,092 log Not Found: /favicon.ico
ERROR 2025-12-17 19:11:15,132 log Internal Server Error: /inventory/expiring/
Traceback (most recent call last):
  File "/home/notouriousmma/Documents/Tk/pharmacy/Pharmacy_project/venv/lib/python3.12/site-packages/django/core/handlers/exception.py", line 55, in inner
    response = get_response(request)
               ^^^^^^^^^^^^^^^^^^^^^
  File "/home/notouriousmma/Documents/Tk/pharmacy/Pharmacy_project/venv/lib/python3.12/site-packages/django/core/handlers/base.py", line 197, in _get_response
    response = wrapped_callback(request, *callback_args, **callback_kwargs)
               ^^^^^^^^^^^^^^^^^^^^^^^^^^^^^^^^^^^^^^^^^^^^^^^^^^^^^^^^^^^^
  File "/home/notouriousmma/Documents/Tk/pharmacy/Pharmacy_project/venv/lib/python3.12/site-packages/django/contrib/auth/decorators.py", line 59, in _view_wrapper
    return view_func(request, *args, **kwargs)
           ^^^^^^^^^^^^^^^^^^^^^^^^^^^^^^^^^^^
  File "/home/notouriousmma/Documents/Tk/pharmacy/Pharmacy_project/inventory/views.py", line 406, in expiring_medicines
    return render(request, 'inventory/expiring.html', context)
           ^^^^^^^^^^^^^^^^^^^^^^^^^^^^^^^^^^^^^^^^^^^^^^^^^^^
  File "/home/notouriousmma/Documents/Tk/pharmacy/Pharmacy_project/venv/lib/python3.12/site-packages/django/shortcuts.py", line 25, in render
    content = loader.render_to_string(template_name, context, request, using=using)
              ^^^^^^^^^^^^^^^^^^^^^^^^^^^^^^^^^^^^^^^^^^^^^^^^^^^^^^^^^^^^^^^^^^^^^
  File "/home/notouriousmma/Documents/Tk/pharmacy/Pharmacy_project/venv/lib/python3.12/site-packages/django/template/loader.py", line 61, in render_to_string
    template = get_template(template_name, using=using)
               ^^^^^^^^^^^^^^^^^^^^^^^^^^^^^^^^^^^^^^^^
  File "/home/notouriousmma/Documents/Tk/pharmacy/Pharmacy_project/venv/lib/python3.12/site-packages/django/template/loader.py", line 19, in get_template
    raise TemplateDoesNotExist(template_name, chain=chain)
django.template.exceptions.TemplateDoesNotExist: inventory/expiring.html
ERROR 2025-12-17 19:11:15,134 basehttp "GET /inventory/expiring/ HTTP/1.1" 500 97671
WARNING 2025-12-17 19:11:15,245 log Not Found: /favicon.ico
INFO 2025-12-18 06:18:37,193 autoreload Watching for file changes with StatReloader
INFO 2025-12-18 06:19:01,812 basehttp "GET / HTTP/1.1" 200 13850
INFO 2025-12-18 06:19:02,290 basehttp "GET /static/css/style.css HTTP/1.1" 200 8627
WARNING 2025-12-18 06:19:02,291 basehttp "GET /static/js/main.js HTTP/1.1" 404 1957
WARNING 2025-12-18 06:19:04,804 basehttp "GET /static/js/main.js HTTP/1.1" 404 1957
WARNING 2025-12-18 06:19:05,984 log Not Found: /favicon.ico
WARNING 2025-12-18 06:19:05,985 basehttp "GET /favicon.ico HTTP/1.1" 404 5715
ERROR 2025-12-18 06:19:21,465 log Internal Server Error: /inventory/low-stock/
Traceback (most recent call last):
  File "/home/notouriousmma/Documents/Tk/pharmacy/Pharmacy_project/venv/lib/python3.12/site-packages/django/core/handlers/exception.py", line 55, in inner
    response = get_response(request)
               ^^^^^^^^^^^^^^^^^^^^^
  File "/home/notouriousmma/Documents/Tk/pharmacy/Pharmacy_project/venv/lib/python3.12/site-packages/django/core/handlers/base.py", line 197, in _get_response
    response = wrapped_callback(request, *callback_args, **callback_kwargs)
               ^^^^^^^^^^^^^^^^^^^^^^^^^^^^^^^^^^^^^^^^^^^^^^^^^^^^^^^^^^^^
  File "/home/notouriousmma/Documents/Tk/pharmacy/Pharmacy_project/venv/lib/python3.12/site-packages/django/contrib/auth/decorators.py", line 59, in _view_wrapper
    return view_func(request, *args, **kwargs)
           ^^^^^^^^^^^^^^^^^^^^^^^^^^^^^^^^^^^
  File "/home/notouriousmma/Documents/Tk/pharmacy/Pharmacy_project/inventory/views.py", line 379, in low_stock_alert
    return render(request, 'inventory/low_stock.html', context)
           ^^^^^^^^^^^^^^^^^^^^^^^^^^^^^^^^^^^^^^^^^^^^^^^^^^^^
  File "/home/notouriousmma/Documents/Tk/pharmacy/Pharmacy_project/venv/lib/python3.12/site-packages/django/shortcuts.py", line 25, in render
    content = loader.render_to_string(template_name, context, request, using=using)
              ^^^^^^^^^^^^^^^^^^^^^^^^^^^^^^^^^^^^^^^^^^^^^^^^^^^^^^^^^^^^^^^^^^^^^
  File "/home/notouriousmma/Documents/Tk/pharmacy/Pharmacy_project/venv/lib/python3.12/site-packages/django/template/loader.py", line 61, in render_to_string
    template = get_template(template_name, using=using)
               ^^^^^^^^^^^^^^^^^^^^^^^^^^^^^^^^^^^^^^^^
  File "/home/notouriousmma/Documents/Tk/pharmacy/Pharmacy_project/venv/lib/python3.12/site-packages/django/template/loader.py", line 19, in get_template
    raise TemplateDoesNotExist(template_name, chain=chain)
django.template.exceptions.TemplateDoesNotExist: inventory/low_stock.html
ERROR 2025-12-18 06:19:21,468 basehttp "GET /inventory/low-stock/ HTTP/1.1" 500 97816
INFO 2025-12-18 06:21:27,530 basehttp "GET /inventory/medicines/create/ HTTP/1.1" 302 0
INFO 2025-12-18 06:21:27,696 basehttp "GET /inventory/ HTTP/1.1" 200 13306
WARNING 2025-12-18 06:21:27,808 basehttp "GET /static/js/main.js HTTP/1.1" 404 1957
WARNING 2025-12-18 06:21:28,310 basehttp "GET /static/js/main.js HTTP/1.1" 404 1957
INFO 2025-12-18 06:21:32,154 basehttp "GET /customers/customers/create/ HTTP/1.1" 200 13676
WARNING 2025-12-18 06:21:32,256 basehttp "GET /static/js/main.js HTTP/1.1" 404 1957
WARNING 2025-12-18 06:21:32,918 basehttp "GET /static/js/main.js HTTP/1.1" 404 1957
INFO 2025-12-18 06:21:35,303 basehttp "GET /reports/sales/ HTTP/1.1" 200 12573
WARNING 2025-12-18 06:21:35,391 basehttp "GET /static/js/main.js HTTP/1.1" 404 1957
WARNING 2025-12-18 06:21:35,873 basehttp "GET /static/js/main.js HTTP/1.1" 404 1957
INFO 2025-12-18 06:21:46,316 basehttp "GET /reports/ HTTP/1.1" 200 13424
WARNING 2025-12-18 06:21:46,400 basehttp "GET /static/js/main.js HTTP/1.1" 404 1957
WARNING 2025-12-18 06:21:46,872 basehttp "GET /static/js/main.js HTTP/1.1" 404 1957
INFO 2025-12-18 06:21:49,298 basehttp "GET /suppliers/ HTTP/1.1" 200 10696
WARNING 2025-12-18 06:21:49,444 basehttp "GET /static/js/main.js HTTP/1.1" 404 1957
WARNING 2025-12-18 06:21:49,892 basehttp "GET /static/js/main.js HTTP/1.1" 404 1957
ERROR 2025-12-18 06:21:52,172 log Internal Server Error: /sales/
Traceback (most recent call last):
  File "/home/notouriousmma/Documents/Tk/pharmacy/Pharmacy_project/venv/lib/python3.12/site-packages/django/db/backends/utils.py", line 105, in _execute
    return self.cursor.execute(sql, params)
           ^^^^^^^^^^^^^^^^^^^^^^^^^^^^^^^^
  File "/home/notouriousmma/Documents/Tk/pharmacy/Pharmacy_project/venv/lib/python3.12/site-packages/django/db/backends/sqlite3/base.py", line 360, in execute
    return super().execute(query, params)
           ^^^^^^^^^^^^^^^^^^^^^^^^^^^^^^
sqlite3.OperationalError: misuse of aggregate function SUM()

The above exception was the direct cause of the following exception:

Traceback (most recent call last):
  File "/home/notouriousmma/Documents/Tk/pharmacy/Pharmacy_project/venv/lib/python3.12/site-packages/django/core/handlers/exception.py", line 55, in inner
    response = get_response(request)
               ^^^^^^^^^^^^^^^^^^^^^
  File "/home/notouriousmma/Documents/Tk/pharmacy/Pharmacy_project/venv/lib/python3.12/site-packages/django/core/handlers/base.py", line 197, in _get_response
    response = wrapped_callback(request, *callback_args, **callback_kwargs)
               ^^^^^^^^^^^^^^^^^^^^^^^^^^^^^^^^^^^^^^^^^^^^^^^^^^^^^^^^^^^^
  File "/home/notouriousmma/Documents/Tk/pharmacy/Pharmacy_project/venv/lib/python3.12/site-packages/django/contrib/auth/decorators.py", line 59, in _view_wrapper
    return view_func(request, *args, **kwargs)
           ^^^^^^^^^^^^^^^^^^^^^^^^^^^^^^^^^^^
  File "/home/notouriousmma/Documents/Tk/pharmacy/Pharmacy_project/sales/views.py", line 307, in sales_list
    totals = sales.aggregate(
             ^^^^^^^^^^^^^^^^
  File "/home/notouriousmma/Documents/Tk/pharmacy/Pharmacy_project/venv/lib/python3.12/site-packages/django/db/models/query.py", line 590, in aggregate
    return self.query.chain().get_aggregation(self.db, kwargs)
           ^^^^^^^^^^^^^^^^^^^^^^^^^^^^^^^^^^^^^^^^^^^^^^^^^^^
  File "/home/notouriousmma/Documents/Tk/pharmacy/Pharmacy_project/venv/lib/python3.12/site-packages/django/db/models/sql/query.py", line 626, in get_aggregation
    result = compiler.execute_sql(SINGLE)
             ^^^^^^^^^^^^^^^^^^^^^^^^^^^^
  File "/home/notouriousmma/Documents/Tk/pharmacy/Pharmacy_project/venv/lib/python3.12/site-packages/django/db/models/sql/compiler.py", line 1623, in execute_sql
    cursor.execute(sql, params)
  File "/home/notouriousmma/Documents/Tk/pharmacy/Pharmacy_project/venv/lib/python3.12/site-packages/django/db/backends/utils.py", line 122, in execute
    return super().execute(sql, params)
           ^^^^^^^^^^^^^^^^^^^^^^^^^^^^
  File "/home/notouriousmma/Documents/Tk/pharmacy/Pharmacy_project/venv/lib/python3.12/site-packages/django/db/backends/utils.py", line 79, in execute
    return self._execute_with_wrappers(
           ^^^^^^^^^^^^^^^^^^^^^^^^^^^^
  File "/home/notouriousmma/Documents/Tk/pharmacy/Pharmacy_project/venv/lib/python3.12/site-packages/django/db/backends/utils.py", line 92, in _execute_with_wrappers
    return executor(sql, params, many, context)
           ^^^^^^^^^^^^^^^^^^^^^^^^^^^^^^^^^^^^
  File "/home/notouriousmma/Documents/Tk/pharmacy/Pharmacy_project/venv/lib/python3.12/site-packages/django/db/backends/utils.py", line 100, in _execute
    with self.db.wrap_database_errors:
  File "/home/notouriousmma/Documents/Tk/pharmacy/Pharmacy_project/venv/lib/python3.12/site-packages/django/db/utils.py", line 91, in __exit__
    raise dj_exc_value.with_traceback(traceback) from exc_value
  File "/home/notouriousmma/Documents/Tk/pharmacy/Pharmacy_project/venv/lib/python3.12/site-packages/django/db/backends/utils.py", line 105, in _execute
    return self.cursor.execute(sql, params)
           ^^^^^^^^^^^^^^^^^^^^^^^^^^^^^^^^
  File "/home/notouriousmma/Documents/Tk/pharmacy/Pharmacy_project/venv/lib/python3.12/site-packages/django/db/backends/sqlite3/base.py", line 360, in execute
    return super().execute(query, params)
           ^^^^^^^^^^^^^^^^^^^^^^^^^^^^^^
django.db.utils.OperationalError: misuse of aggregate function SUM()
ERROR 2025-12-18 06:21:52,176 basehttp "GET /sales/ HTTP/1.1" 500 147944
ERROR 2025-12-18 06:21:56,929 log Internal Server Error: /inventory/expiring/
Traceback (most recent call last):
  File "/home/notouriousmma/Documents/Tk/pharmacy/Pharmacy_project/venv/lib/python3.12/site-packages/django/core/handlers/exception.py", line 55, in inner
    response = get_response(request)
               ^^^^^^^^^^^^^^^^^^^^^
  File "/home/notouriousmma/Documents/Tk/pharmacy/Pharmacy_project/venv/lib/python3.12/site-packages/django/core/handlers/base.py", line 197, in _get_response
    response = wrapped_callback(request, *callback_args, **callback_kwargs)
               ^^^^^^^^^^^^^^^^^^^^^^^^^^^^^^^^^^^^^^^^^^^^^^^^^^^^^^^^^^^^
  File "/home/notouriousmma/Documents/Tk/pharmacy/Pharmacy_project/venv/lib/python3.12/site-packages/django/contrib/auth/decorators.py", line 59, in _view_wrapper
    return view_func(request, *args, **kwargs)
           ^^^^^^^^^^^^^^^^^^^^^^^^^^^^^^^^^^^
  File "/home/notouriousmma/Documents/Tk/pharmacy/Pharmacy_project/inventory/views.py", line 406, in expiring_medicines
    return render(request, 'inventory/expiring.html', context)
           ^^^^^^^^^^^^^^^^^^^^^^^^^^^^^^^^^^^^^^^^^^^^^^^^^^^
  File "/home/notouriousmma/Documents/Tk/pharmacy/Pharmacy_project/venv/lib/python3.12/site-packages/django/shortcuts.py", line 25, in render
    content = loader.render_to_string(template_name, context, request, using=using)
              ^^^^^^^^^^^^^^^^^^^^^^^^^^^^^^^^^^^^^^^^^^^^^^^^^^^^^^^^^^^^^^^^^^^^^
  File "/home/notouriousmma/Documents/Tk/pharmacy/Pharmacy_project/venv/lib/python3.12/site-packages/django/template/loader.py", line 61, in render_to_string
    template = get_template(template_name, using=using)
               ^^^^^^^^^^^^^^^^^^^^^^^^^^^^^^^^^^^^^^^^
  File "/home/notouriousmma/Documents/Tk/pharmacy/Pharmacy_project/venv/lib/python3.12/site-packages/django/template/loader.py", line 19, in get_template
    raise TemplateDoesNotExist(template_name, chain=chain)
django.template.exceptions.TemplateDoesNotExist: inventory/expiring.html
ERROR 2025-12-18 06:21:56,931 basehttp "GET /inventory/expiring/ HTTP/1.1" 500 98584
ERROR 2025-12-18 06:22:15,308 log Internal Server Error: /inventory/categories/
Traceback (most recent call last):
  File "/home/notouriousmma/Documents/Tk/pharmacy/Pharmacy_project/venv/lib/python3.12/site-packages/django/core/handlers/exception.py", line 55, in inner
    response = get_response(request)
               ^^^^^^^^^^^^^^^^^^^^^
  File "/home/notouriousmma/Documents/Tk/pharmacy/Pharmacy_project/venv/lib/python3.12/site-packages/django/core/handlers/base.py", line 197, in _get_response
    response = wrapped_callback(request, *callback_args, **callback_kwargs)
               ^^^^^^^^^^^^^^^^^^^^^^^^^^^^^^^^^^^^^^^^^^^^^^^^^^^^^^^^^^^^
  File "/home/notouriousmma/Documents/Tk/pharmacy/Pharmacy_project/venv/lib/python3.12/site-packages/django/contrib/auth/decorators.py", line 59, in _view_wrapper
    return view_func(request, *args, **kwargs)
           ^^^^^^^^^^^^^^^^^^^^^^^^^^^^^^^^^^^
  File "/home/notouriousmma/Documents/Tk/pharmacy/Pharmacy_project/inventory/views.py", line 420, in categories_list
    return render(request, 'inventory/categories.html', context)
           ^^^^^^^^^^^^^^^^^^^^^^^^^^^^^^^^^^^^^^^^^^^^^^^^^^^^^
  File "/home/notouriousmma/Documents/Tk/pharmacy/Pharmacy_project/venv/lib/python3.12/site-packages/django/shortcuts.py", line 25, in render
    content = loader.render_to_string(template_name, context, request, using=using)
              ^^^^^^^^^^^^^^^^^^^^^^^^^^^^^^^^^^^^^^^^^^^^^^^^^^^^^^^^^^^^^^^^^^^^^
  File "/home/notouriousmma/Documents/Tk/pharmacy/Pharmacy_project/venv/lib/python3.12/site-packages/django/template/loader.py", line 61, in render_to_string
    template = get_template(template_name, using=using)
               ^^^^^^^^^^^^^^^^^^^^^^^^^^^^^^^^^^^^^^^^
  File "/home/notouriousmma/Documents/Tk/pharmacy/Pharmacy_project/venv/lib/python3.12/site-packages/django/template/loader.py", line 19, in get_template
    raise TemplateDoesNotExist(template_name, chain=chain)
django.template.exceptions.TemplateDoesNotExist: inventory/categories.html
ERROR 2025-12-18 06:22:15,309 basehttp "GET /inventory/categories/ HTTP/1.1" 500 96830
ERROR 2025-12-18 06:22:36,555 log Internal Server Error: /inventory/low-stock/
Traceback (most recent call last):
  File "/home/notouriousmma/Documents/Tk/pharmacy/Pharmacy_project/venv/lib/python3.12/site-packages/django/core/handlers/exception.py", line 55, in inner
    response = get_response(request)
               ^^^^^^^^^^^^^^^^^^^^^
  File "/home/notouriousmma/Documents/Tk/pharmacy/Pharmacy_project/venv/lib/python3.12/site-packages/django/core/handlers/base.py", line 197, in _get_response
    response = wrapped_callback(request, *callback_args, **callback_kwargs)
               ^^^^^^^^^^^^^^^^^^^^^^^^^^^^^^^^^^^^^^^^^^^^^^^^^^^^^^^^^^^^
  File "/home/notouriousmma/Documents/Tk/pharmacy/Pharmacy_project/venv/lib/python3.12/site-packages/django/contrib/auth/decorators.py", line 59, in _view_wrapper
    return view_func(request, *args, **kwargs)
           ^^^^^^^^^^^^^^^^^^^^^^^^^^^^^^^^^^^
  File "/home/notouriousmma/Documents/Tk/pharmacy/Pharmacy_project/inventory/views.py", line 379, in low_stock_alert
    return render(request, 'inventory/low_stock.html', context)
           ^^^^^^^^^^^^^^^^^^^^^^^^^^^^^^^^^^^^^^^^^^^^^^^^^^^^
  File "/home/notouriousmma/Documents/Tk/pharmacy/Pharmacy_project/venv/lib/python3.12/site-packages/django/shortcuts.py", line 25, in render
    content = loader.render_to_string(template_name, context, request, using=using)
              ^^^^^^^^^^^^^^^^^^^^^^^^^^^^^^^^^^^^^^^^^^^^^^^^^^^^^^^^^^^^^^^^^^^^^
  File "/home/notouriousmma/Documents/Tk/pharmacy/Pharmacy_project/venv/lib/python3.12/site-packages/django/template/loader.py", line 61, in render_to_string
    template = get_template(template_name, using=using)
               ^^^^^^^^^^^^^^^^^^^^^^^^^^^^^^^^^^^^^^^^
  File "/home/notouriousmma/Documents/Tk/pharmacy/Pharmacy_project/venv/lib/python3.12/site-packages/django/template/loader.py", line 19, in get_template
    raise TemplateDoesNotExist(template_name, chain=chain)
django.template.exceptions.TemplateDoesNotExist: inventory/low_stock.html
ERROR 2025-12-18 06:22:36,557 basehttp "GET /inventory/low-stock/ HTTP/1.1" 500 97826
INFO 2025-12-18 06:23:07,537 basehttp "GET /inventory/ HTTP/1.1" 200 12911
WARNING 2025-12-18 06:23:07,622 basehttp "GET /static/js/main.js HTTP/1.1" 404 1957
WARNING 2025-12-18 06:23:08,089 basehttp "GET /static/js/main.js HTTP/1.1" 404 1957
INFO 2025-12-18 06:23:09,600 basehttp "GET /sales/pos/ HTTP/1.1" 200 0
INFO 2025-12-18 06:23:49,085 basehttp "GET / HTTP/1.1" 200 13850
WARNING 2025-12-18 06:23:49,148 basehttp "GET /static/js/main.js HTTP/1.1" 404 1957
WARNING 2025-12-18 06:23:49,615 basehttp "GET /static/js/main.js HTTP/1.1" 404 1957
ERROR 2025-12-18 06:34:46,001 log Internal Server Error: /inventory/categories/
Traceback (most recent call last):
  File "/home/notouriousmma/Documents/Tk/pharmacy/Pharmacy_project/venv/lib/python3.12/site-packages/django/core/handlers/exception.py", line 55, in inner
    response = get_response(request)
               ^^^^^^^^^^^^^^^^^^^^^
  File "/home/notouriousmma/Documents/Tk/pharmacy/Pharmacy_project/venv/lib/python3.12/site-packages/django/core/handlers/base.py", line 197, in _get_response
    response = wrapped_callback(request, *callback_args, **callback_kwargs)
               ^^^^^^^^^^^^^^^^^^^^^^^^^^^^^^^^^^^^^^^^^^^^^^^^^^^^^^^^^^^^
  File "/home/notouriousmma/Documents/Tk/pharmacy/Pharmacy_project/venv/lib/python3.12/site-packages/django/contrib/auth/decorators.py", line 59, in _view_wrapper
    return view_func(request, *args, **kwargs)
           ^^^^^^^^^^^^^^^^^^^^^^^^^^^^^^^^^^^
  File "/home/notouriousmma/Documents/Tk/pharmacy/Pharmacy_project/inventory/views.py", line 420, in categories_list
    return render(request, 'inventory/categories.html', context)
           ^^^^^^^^^^^^^^^^^^^^^^^^^^^^^^^^^^^^^^^^^^^^^^^^^^^^^
  File "/home/notouriousmma/Documents/Tk/pharmacy/Pharmacy_project/venv/lib/python3.12/site-packages/django/shortcuts.py", line 25, in render
    content = loader.render_to_string(template_name, context, request, using=using)
              ^^^^^^^^^^^^^^^^^^^^^^^^^^^^^^^^^^^^^^^^^^^^^^^^^^^^^^^^^^^^^^^^^^^^^
  File "/home/notouriousmma/Documents/Tk/pharmacy/Pharmacy_project/venv/lib/python3.12/site-packages/django/template/loader.py", line 61, in render_to_string
    template = get_template(template_name, using=using)
               ^^^^^^^^^^^^^^^^^^^^^^^^^^^^^^^^^^^^^^^^
  File "/home/notouriousmma/Documents/Tk/pharmacy/Pharmacy_project/venv/lib/python3.12/site-packages/django/template/loader.py", line 19, in get_template
    raise TemplateDoesNotExist(template_name, chain=chain)
django.template.exceptions.TemplateDoesNotExist: inventory/categories.html
ERROR 2025-12-18 06:34:46,028 basehttp "GET /inventory/categories/ HTTP/1.1" 500 96820
ERROR 2025-12-18 06:35:21,368 log Internal Server Error: /inventory/categories/
Traceback (most recent call last):
  File "/home/notouriousmma/Documents/Tk/pharmacy/Pharmacy_project/venv/lib/python3.12/site-packages/django/core/handlers/exception.py", line 55, in inner
    response = get_response(request)
               ^^^^^^^^^^^^^^^^^^^^^
  File "/home/notouriousmma/Documents/Tk/pharmacy/Pharmacy_project/venv/lib/python3.12/site-packages/django/core/handlers/base.py", line 197, in _get_response
    response = wrapped_callback(request, *callback_args, **callback_kwargs)
               ^^^^^^^^^^^^^^^^^^^^^^^^^^^^^^^^^^^^^^^^^^^^^^^^^^^^^^^^^^^^
  File "/home/notouriousmma/Documents/Tk/pharmacy/Pharmacy_project/venv/lib/python3.12/site-packages/django/contrib/auth/decorators.py", line 59, in _view_wrapper
    return view_func(request, *args, **kwargs)
           ^^^^^^^^^^^^^^^^^^^^^^^^^^^^^^^^^^^
  File "/home/notouriousmma/Documents/Tk/pharmacy/Pharmacy_project/inventory/views.py", line 420, in categories_list
    return render(request, 'inventory/categories.html', context)
           ^^^^^^^^^^^^^^^^^^^^^^^^^^^^^^^^^^^^^^^^^^^^^^^^^^^^^
  File "/home/notouriousmma/Documents/Tk/pharmacy/Pharmacy_project/venv/lib/python3.12/site-packages/django/shortcuts.py", line 25, in render
    content = loader.render_to_string(template_name, context, request, using=using)
              ^^^^^^^^^^^^^^^^^^^^^^^^^^^^^^^^^^^^^^^^^^^^^^^^^^^^^^^^^^^^^^^^^^^^^
  File "/home/notouriousmma/Documents/Tk/pharmacy/Pharmacy_project/venv/lib/python3.12/site-packages/django/template/loader.py", line 62, in render_to_string
    return template.render(context, request)
           ^^^^^^^^^^^^^^^^^^^^^^^^^^^^^^^^^
  File "/home/notouriousmma/Documents/Tk/pharmacy/Pharmacy_project/venv/lib/python3.12/site-packages/django/template/backends/django.py", line 107, in render
    return self.template.render(context)
           ^^^^^^^^^^^^^^^^^^^^^^^^^^^^^
  File "/home/notouriousmma/Documents/Tk/pharmacy/Pharmacy_project/venv/lib/python3.12/site-packages/django/template/base.py", line 171, in render
    return self._render(context)
           ^^^^^^^^^^^^^^^^^^^^^
  File "/home/notouriousmma/Documents/Tk/pharmacy/Pharmacy_project/venv/lib/python3.12/site-packages/django/template/base.py", line 163, in _render
    return self.nodelist.render(context)
           ^^^^^^^^^^^^^^^^^^^^^^^^^^^^^
  File "/home/notouriousmma/Documents/Tk/pharmacy/Pharmacy_project/venv/lib/python3.12/site-packages/django/template/base.py", line 1016, in render
    return SafeString("".join([node.render_annotated(context) for node in self]))
                               ^^^^^^^^^^^^^^^^^^^^^^^^^^^^^^
  File "/home/notouriousmma/Documents/Tk/pharmacy/Pharmacy_project/venv/lib/python3.12/site-packages/django/template/base.py", line 977, in render_annotated
    return self.render(context)
           ^^^^^^^^^^^^^^^^^^^^
  File "/home/notouriousmma/Documents/Tk/pharmacy/Pharmacy_project/venv/lib/python3.12/site-packages/django/template/loader_tags.py", line 159, in render
    return compiled_parent._render(context)
           ^^^^^^^^^^^^^^^^^^^^^^^^^^^^^^^^
  File "/home/notouriousmma/Documents/Tk/pharmacy/Pharmacy_project/venv/lib/python3.12/site-packages/django/template/base.py", line 163, in _render
    return self.nodelist.render(context)
           ^^^^^^^^^^^^^^^^^^^^^^^^^^^^^
  File "/home/notouriousmma/Documents/Tk/pharmacy/Pharmacy_project/venv/lib/python3.12/site-packages/django/template/base.py", line 1016, in render
    return SafeString("".join([node.render_annotated(context) for node in self]))
                               ^^^^^^^^^^^^^^^^^^^^^^^^^^^^^^
  File "/home/notouriousmma/Documents/Tk/pharmacy/Pharmacy_project/venv/lib/python3.12/site-packages/django/template/base.py", line 977, in render_annotated
    return self.render(context)
           ^^^^^^^^^^^^^^^^^^^^
  File "/home/notouriousmma/Documents/Tk/pharmacy/Pharmacy_project/venv/lib/python3.12/site-packages/django/template/defaulttags.py", line 327, in render
    return nodelist.render(context)
           ^^^^^^^^^^^^^^^^^^^^^^^^
  File "/home/notouriousmma/Documents/Tk/pharmacy/Pharmacy_project/venv/lib/python3.12/site-packages/django/template/base.py", line 1016, in render
    return SafeString("".join([node.render_annotated(context) for node in self]))
                               ^^^^^^^^^^^^^^^^^^^^^^^^^^^^^^
  File "/home/notouriousmma/Documents/Tk/pharmacy/Pharmacy_project/venv/lib/python3.12/site-packages/django/template/base.py", line 977, in render_annotated
    return self.render(context)
           ^^^^^^^^^^^^^^^^^^^^
  File "/home/notouriousmma/Documents/Tk/pharmacy/Pharmacy_project/venv/lib/python3.12/site-packages/django/template/loader_tags.py", line 65, in render
    result = block.nodelist.render(context)
             ^^^^^^^^^^^^^^^^^^^^^^^^^^^^^^
  File "/home/notouriousmma/Documents/Tk/pharmacy/Pharmacy_project/venv/lib/python3.12/site-packages/django/template/base.py", line 1016, in render
    return SafeString("".join([node.render_annotated(context) for node in self]))
                               ^^^^^^^^^^^^^^^^^^^^^^^^^^^^^^
  File "/home/notouriousmma/Documents/Tk/pharmacy/Pharmacy_project/venv/lib/python3.12/site-packages/django/template/base.py", line 977, in render_annotated
    return self.render(context)
           ^^^^^^^^^^^^^^^^^^^^
  File "/home/notouriousmma/Documents/Tk/pharmacy/Pharmacy_project/venv/lib/python3.12/site-packages/django/template/defaulttags.py", line 480, in render
    url = reverse(view_name, args=args, kwargs=kwargs, current_app=current_app)
          ^^^^^^^^^^^^^^^^^^^^^^^^^^^^^^^^^^^^^^^^^^^^^^^^^^^^^^^^^^^^^^^^^^^^^
  File "/home/notouriousmma/Documents/Tk/pharmacy/Pharmacy_project/venv/lib/python3.12/site-packages/django/urls/base.py", line 98, in reverse
    resolved_url = resolver._reverse_with_prefix(view, prefix, *args, **kwargs)
                   ^^^^^^^^^^^^^^^^^^^^^^^^^^^^^^^^^^^^^^^^^^^^^^^^^^^^^^^^^^^^
  File "/home/notouriousmma/Documents/Tk/pharmacy/Pharmacy_project/venv/lib/python3.12/site-packages/django/urls/resolvers.py", line 831, in _reverse_with_prefix
    raise NoReverseMatch(msg)
django.urls.exceptions.NoReverseMatch: Reverse for 'category_create' not found. 'category_create' is not a valid view function or pattern name.
ERROR 2025-12-18 06:35:21,371 basehttp "GET /inventory/categories/ HTTP/1.1" 500 193123
ERROR 2025-12-18 06:36:16,397 log Internal Server Error: /sales/pos/
Traceback (most recent call last):
  File "/home/notouriousmma/Documents/Tk/pharmacy/Pharmacy_project/venv/lib/python3.12/site-packages/django/core/handlers/exception.py", line 55, in inner
    response = get_response(request)
               ^^^^^^^^^^^^^^^^^^^^^
  File "/home/notouriousmma/Documents/Tk/pharmacy/Pharmacy_project/venv/lib/python3.12/site-packages/django/core/handlers/base.py", line 197, in _get_response
    response = wrapped_callback(request, *callback_args, **callback_kwargs)
               ^^^^^^^^^^^^^^^^^^^^^^^^^^^^^^^^^^^^^^^^^^^^^^^^^^^^^^^^^^^^
  File "/home/notouriousmma/Documents/Tk/pharmacy/Pharmacy_project/venv/lib/python3.12/site-packages/django/contrib/auth/decorators.py", line 59, in _view_wrapper
    return view_func(request, *args, **kwargs)
           ^^^^^^^^^^^^^^^^^^^^^^^^^^^^^^^^^^^
  File "/home/notouriousmma/Documents/Tk/pharmacy/Pharmacy_project/sales/views.py", line 38, in pos_view
    return render(request, 'sales/pos.html', context)
           ^^^^^^^^^^^^^^^^^^^^^^^^^^^^^^^^^^^^^^^^^^
  File "/home/notouriousmma/Documents/Tk/pharmacy/Pharmacy_project/venv/lib/python3.12/site-packages/django/shortcuts.py", line 25, in render
    content = loader.render_to_string(template_name, context, request, using=using)
              ^^^^^^^^^^^^^^^^^^^^^^^^^^^^^^^^^^^^^^^^^^^^^^^^^^^^^^^^^^^^^^^^^^^^^
  File "/home/notouriousmma/Documents/Tk/pharmacy/Pharmacy_project/venv/lib/python3.12/site-packages/django/template/loader.py", line 62, in render_to_string
    return template.render(context, request)
           ^^^^^^^^^^^^^^^^^^^^^^^^^^^^^^^^^
  File "/home/notouriousmma/Documents/Tk/pharmacy/Pharmacy_project/venv/lib/python3.12/site-packages/django/template/backends/django.py", line 107, in render
    return self.template.render(context)
           ^^^^^^^^^^^^^^^^^^^^^^^^^^^^^
  File "/home/notouriousmma/Documents/Tk/pharmacy/Pharmacy_project/venv/lib/python3.12/site-packages/django/template/base.py", line 171, in render
    return self._render(context)
           ^^^^^^^^^^^^^^^^^^^^^
  File "/home/notouriousmma/Documents/Tk/pharmacy/Pharmacy_project/venv/lib/python3.12/site-packages/django/template/base.py", line 163, in _render
    return self.nodelist.render(context)
           ^^^^^^^^^^^^^^^^^^^^^^^^^^^^^
  File "/home/notouriousmma/Documents/Tk/pharmacy/Pharmacy_project/venv/lib/python3.12/site-packages/django/template/base.py", line 1016, in render
    return SafeString("".join([node.render_annotated(context) for node in self]))
                               ^^^^^^^^^^^^^^^^^^^^^^^^^^^^^^
  File "/home/notouriousmma/Documents/Tk/pharmacy/Pharmacy_project/venv/lib/python3.12/site-packages/django/template/base.py", line 977, in render_annotated
    return self.render(context)
           ^^^^^^^^^^^^^^^^^^^^
  File "/home/notouriousmma/Documents/Tk/pharmacy/Pharmacy_project/venv/lib/python3.12/site-packages/django/template/loader_tags.py", line 159, in render
    return compiled_parent._render(context)
           ^^^^^^^^^^^^^^^^^^^^^^^^^^^^^^^^
  File "/home/notouriousmma/Documents/Tk/pharmacy/Pharmacy_project/venv/lib/python3.12/site-packages/django/template/base.py", line 163, in _render
    return self.nodelist.render(context)
           ^^^^^^^^^^^^^^^^^^^^^^^^^^^^^
  File "/home/notouriousmma/Documents/Tk/pharmacy/Pharmacy_project/venv/lib/python3.12/site-packages/django/template/base.py", line 1016, in render
    return SafeString("".join([node.render_annotated(context) for node in self]))
                               ^^^^^^^^^^^^^^^^^^^^^^^^^^^^^^
  File "/home/notouriousmma/Documents/Tk/pharmacy/Pharmacy_project/venv/lib/python3.12/site-packages/django/template/base.py", line 977, in render_annotated
    return self.render(context)
           ^^^^^^^^^^^^^^^^^^^^
  File "/home/notouriousmma/Documents/Tk/pharmacy/Pharmacy_project/venv/lib/python3.12/site-packages/django/template/loader_tags.py", line 65, in render
    result = block.nodelist.render(context)
             ^^^^^^^^^^^^^^^^^^^^^^^^^^^^^^
  File "/home/notouriousmma/Documents/Tk/pharmacy/Pharmacy_project/venv/lib/python3.12/site-packages/django/template/base.py", line 1016, in render
    return SafeString("".join([node.render_annotated(context) for node in self]))
                               ^^^^^^^^^^^^^^^^^^^^^^^^^^^^^^
  File "/home/notouriousmma/Documents/Tk/pharmacy/Pharmacy_project/venv/lib/python3.12/site-packages/django/template/base.py", line 977, in render_annotated
    return self.render(context)
           ^^^^^^^^^^^^^^^^^^^^
  File "/home/notouriousmma/Documents/Tk/pharmacy/Pharmacy_project/venv/lib/python3.12/site-packages/django/template/defaulttags.py", line 480, in render
    url = reverse(view_name, args=args, kwargs=kwargs, current_app=current_app)
          ^^^^^^^^^^^^^^^^^^^^^^^^^^^^^^^^^^^^^^^^^^^^^^^^^^^^^^^^^^^^^^^^^^^^^
  File "/home/notouriousmma/Documents/Tk/pharmacy/Pharmacy_project/venv/lib/python3.12/site-packages/django/urls/base.py", line 98, in reverse
    resolved_url = resolver._reverse_with_prefix(view, prefix, *args, **kwargs)
                   ^^^^^^^^^^^^^^^^^^^^^^^^^^^^^^^^^^^^^^^^^^^^^^^^^^^^^^^^^^^^
  File "/home/notouriousmma/Documents/Tk/pharmacy/Pharmacy_project/venv/lib/python3.12/site-packages/django/urls/resolvers.py", line 831, in _reverse_with_prefix
    raise NoReverseMatch(msg)
django.urls.exceptions.NoReverseMatch: Reverse for 'create_sale' not found. 'create_sale' is not a valid view function or pattern name.
ERROR 2025-12-18 06:36:16,399 basehttp "GET /sales/pos/ HTTP/1.1" 500 174246
ERROR 2025-12-18 07:45:08,343 log Internal Server Error: /sales/
Traceback (most recent call last):
  File "/home/notouriousmma/Documents/Tk/pharmacy/Pharmacy_project/venv/lib/python3.12/site-packages/django/db/backends/utils.py", line 105, in _execute
    return self.cursor.execute(sql, params)
           ^^^^^^^^^^^^^^^^^^^^^^^^^^^^^^^^
  File "/home/notouriousmma/Documents/Tk/pharmacy/Pharmacy_project/venv/lib/python3.12/site-packages/django/db/backends/sqlite3/base.py", line 360, in execute
    return super().execute(query, params)
           ^^^^^^^^^^^^^^^^^^^^^^^^^^^^^^
sqlite3.OperationalError: misuse of aggregate function SUM()

The above exception was the direct cause of the following exception:

Traceback (most recent call last):
  File "/home/notouriousmma/Documents/Tk/pharmacy/Pharmacy_project/venv/lib/python3.12/site-packages/django/core/handlers/exception.py", line 55, in inner
    response = get_response(request)
               ^^^^^^^^^^^^^^^^^^^^^
  File "/home/notouriousmma/Documents/Tk/pharmacy/Pharmacy_project/venv/lib/python3.12/site-packages/django/core/handlers/base.py", line 197, in _get_response
    response = wrapped_callback(request, *callback_args, **callback_kwargs)
               ^^^^^^^^^^^^^^^^^^^^^^^^^^^^^^^^^^^^^^^^^^^^^^^^^^^^^^^^^^^^
  File "/home/notouriousmma/Documents/Tk/pharmacy/Pharmacy_project/venv/lib/python3.12/site-packages/django/contrib/auth/decorators.py", line 59, in _view_wrapper
    return view_func(request, *args, **kwargs)
           ^^^^^^^^^^^^^^^^^^^^^^^^^^^^^^^^^^^
  File "/home/notouriousmma/Documents/Tk/pharmacy/Pharmacy_project/sales/views.py", line 307, in sales_list
    totals = sales.aggregate(
             ^^^^^^^^^^^^^^^^
  File "/home/notouriousmma/Documents/Tk/pharmacy/Pharmacy_project/venv/lib/python3.12/site-packages/django/db/models/query.py", line 590, in aggregate
    return self.query.chain().get_aggregation(self.db, kwargs)
           ^^^^^^^^^^^^^^^^^^^^^^^^^^^^^^^^^^^^^^^^^^^^^^^^^^^
  File "/home/notouriousmma/Documents/Tk/pharmacy/Pharmacy_project/venv/lib/python3.12/site-packages/django/db/models/sql/query.py", line 626, in get_aggregation
    result = compiler.execute_sql(SINGLE)
             ^^^^^^^^^^^^^^^^^^^^^^^^^^^^
  File "/home/notouriousmma/Documents/Tk/pharmacy/Pharmacy_project/venv/lib/python3.12/site-packages/django/db/models/sql/compiler.py", line 1623, in execute_sql
    cursor.execute(sql, params)
  File "/home/notouriousmma/Documents/Tk/pharmacy/Pharmacy_project/venv/lib/python3.12/site-packages/django/db/backends/utils.py", line 122, in execute
    return super().execute(sql, params)
           ^^^^^^^^^^^^^^^^^^^^^^^^^^^^
  File "/home/notouriousmma/Documents/Tk/pharmacy/Pharmacy_project/venv/lib/python3.12/site-packages/django/db/backends/utils.py", line 79, in execute
    return self._execute_with_wrappers(
           ^^^^^^^^^^^^^^^^^^^^^^^^^^^^
  File "/home/notouriousmma/Documents/Tk/pharmacy/Pharmacy_project/venv/lib/python3.12/site-packages/django/db/backends/utils.py", line 92, in _execute_with_wrappers
    return executor(sql, params, many, context)
           ^^^^^^^^^^^^^^^^^^^^^^^^^^^^^^^^^^^^
  File "/home/notouriousmma/Documents/Tk/pharmacy/Pharmacy_project/venv/lib/python3.12/site-packages/django/db/backends/utils.py", line 100, in _execute
    with self.db.wrap_database_errors:
  File "/home/notouriousmma/Documents/Tk/pharmacy/Pharmacy_project/venv/lib/python3.12/site-packages/django/db/utils.py", line 91, in __exit__
    raise dj_exc_value.with_traceback(traceback) from exc_value
  File "/home/notouriousmma/Documents/Tk/pharmacy/Pharmacy_project/venv/lib/python3.12/site-packages/django/db/backends/utils.py", line 105, in _execute
    return self.cursor.execute(sql, params)
           ^^^^^^^^^^^^^^^^^^^^^^^^^^^^^^^^
  File "/home/notouriousmma/Documents/Tk/pharmacy/Pharmacy_project/venv/lib/python3.12/site-packages/django/db/backends/sqlite3/base.py", line 360, in execute
    return super().execute(query, params)
           ^^^^^^^^^^^^^^^^^^^^^^^^^^^^^^
django.db.utils.OperationalError: misuse of aggregate function SUM()
ERROR 2025-12-18 07:45:08,359 basehttp "GET /sales/ HTTP/1.1" 500 147934
INFO 2025-12-18 07:45:14,488 basehttp "GET /sales/pos/ HTTP/1.1" 200 42416
WARNING 2025-12-18 07:45:15,012 basehttp "GET /static/js/main.js HTTP/1.1" 404 1957
INFO 2025-12-18 07:54:25,380 autoreload Watching for file changes with StatReloader
INFO 2025-12-18 07:55:54,088 basehttp "GET /inventory/low-stock/ HTTP/1.1" 200 12330
WARNING 2025-12-18 07:55:54,275 basehttp "GET /static/js/main.js HTTP/1.1" 404 1957
WARNING 2025-12-18 07:55:54,703 basehttp "GET /static/js/main.js HTTP/1.1" 404 1957
ERROR 2025-12-18 07:56:16,012 log Internal Server Error: /inventory/expiring/
Traceback (most recent call last):
  File "/home/notouriousmma/Documents/Tk/pharmacy/Pharmacy_project/venv/lib/python3.12/site-packages/django/core/handlers/exception.py", line 55, in inner
    response = get_response(request)
               ^^^^^^^^^^^^^^^^^^^^^
  File "/home/notouriousmma/Documents/Tk/pharmacy/Pharmacy_project/venv/lib/python3.12/site-packages/django/core/handlers/base.py", line 197, in _get_response
    response = wrapped_callback(request, *callback_args, **callback_kwargs)
               ^^^^^^^^^^^^^^^^^^^^^^^^^^^^^^^^^^^^^^^^^^^^^^^^^^^^^^^^^^^^
  File "/home/notouriousmma/Documents/Tk/pharmacy/Pharmacy_project/venv/lib/python3.12/site-packages/django/contrib/auth/decorators.py", line 59, in _view_wrapper
    return view_func(request, *args, **kwargs)
           ^^^^^^^^^^^^^^^^^^^^^^^^^^^^^^^^^^^
  File "/home/notouriousmma/Documents/Tk/pharmacy/Pharmacy_project/inventory/views.py", line 406, in expiring_medicines
    return render(request, 'inventory/expiring.html', context)
           ^^^^^^^^^^^^^^^^^^^^^^^^^^^^^^^^^^^^^^^^^^^^^^^^^^^
  File "/home/notouriousmma/Documents/Tk/pharmacy/Pharmacy_project/venv/lib/python3.12/site-packages/django/shortcuts.py", line 25, in render
    content = loader.render_to_string(template_name, context, request, using=using)
              ^^^^^^^^^^^^^^^^^^^^^^^^^^^^^^^^^^^^^^^^^^^^^^^^^^^^^^^^^^^^^^^^^^^^^
  File "/home/notouriousmma/Documents/Tk/pharmacy/Pharmacy_project/venv/lib/python3.12/site-packages/django/template/loader.py", line 61, in render_to_string
    template = get_template(template_name, using=using)
               ^^^^^^^^^^^^^^^^^^^^^^^^^^^^^^^^^^^^^^^^
  File "/home/notouriousmma/Documents/Tk/pharmacy/Pharmacy_project/venv/lib/python3.12/site-packages/django/template/loader.py", line 19, in get_template
    raise TemplateDoesNotExist(template_name, chain=chain)
django.template.exceptions.TemplateDoesNotExist: inventory/expiring.html
ERROR 2025-12-18 07:56:16,015 basehttp "GET /inventory/expiring/ HTTP/1.1" 500 98594
INFO 2025-12-18 08:01:13,544 autoreload Watching for file changes with StatReloader
ERROR 2025-12-18 08:01:29,971 log Internal Server Error: /inventory/expiring/
Traceback (most recent call last):
  File "/home/notouriousmma/Documents/Tk/pharmacy/Pharmacy_project/venv/lib/python3.12/site-packages/django/core/handlers/exception.py", line 55, in inner
    response = get_response(request)
               ^^^^^^^^^^^^^^^^^^^^^
  File "/home/notouriousmma/Documents/Tk/pharmacy/Pharmacy_project/venv/lib/python3.12/site-packages/django/core/handlers/base.py", line 197, in _get_response
    response = wrapped_callback(request, *callback_args, **callback_kwargs)
               ^^^^^^^^^^^^^^^^^^^^^^^^^^^^^^^^^^^^^^^^^^^^^^^^^^^^^^^^^^^^
  File "/home/notouriousmma/Documents/Tk/pharmacy/Pharmacy_project/venv/lib/python3.12/site-packages/django/contrib/auth/decorators.py", line 59, in _view_wrapper
    return view_func(request, *args, **kwargs)
           ^^^^^^^^^^^^^^^^^^^^^^^^^^^^^^^^^^^
  File "/home/notouriousmma/Documents/Tk/pharmacy/Pharmacy_project/inventory/views.py", line 406, in expiring_medicines
    return render(request, 'inventory/expiring.html', context)
           ^^^^^^^^^^^^^^^^^^^^^^^^^^^^^^^^^^^^^^^^^^^^^^^^^^^
  File "/home/notouriousmma/Documents/Tk/pharmacy/Pharmacy_project/venv/lib/python3.12/site-packages/django/shortcuts.py", line 25, in render
    content = loader.render_to_string(template_name, context, request, using=using)
              ^^^^^^^^^^^^^^^^^^^^^^^^^^^^^^^^^^^^^^^^^^^^^^^^^^^^^^^^^^^^^^^^^^^^^
  File "/home/notouriousmma/Documents/Tk/pharmacy/Pharmacy_project/venv/lib/python3.12/site-packages/django/template/loader.py", line 61, in render_to_string
    template = get_template(template_name, using=using)
               ^^^^^^^^^^^^^^^^^^^^^^^^^^^^^^^^^^^^^^^^
  File "/home/notouriousmma/Documents/Tk/pharmacy/Pharmacy_project/venv/lib/python3.12/site-packages/django/template/loader.py", line 15, in get_template
    return engine.get_template(template_name)
           ^^^^^^^^^^^^^^^^^^^^^^^^^^^^^^^^^^
  File "/home/notouriousmma/Documents/Tk/pharmacy/Pharmacy_project/venv/lib/python3.12/site-packages/django/template/backends/django.py", line 79, in get_template
    return Template(self.engine.get_template(template_name), self)
                    ^^^^^^^^^^^^^^^^^^^^^^^^^^^^^^^^^^^^^^^
  File "/home/notouriousmma/Documents/Tk/pharmacy/Pharmacy_project/venv/lib/python3.12/site-packages/django/template/engine.py", line 177, in get_template
    template, origin = self.find_template(template_name)
                       ^^^^^^^^^^^^^^^^^^^^^^^^^^^^^^^^^
  File "/home/notouriousmma/Documents/Tk/pharmacy/Pharmacy_project/venv/lib/python3.12/site-packages/django/template/engine.py", line 159, in find_template
    template = loader.get_template(name, skip=skip)
               ^^^^^^^^^^^^^^^^^^^^^^^^^^^^^^^^^^^^
  File "/home/notouriousmma/Documents/Tk/pharmacy/Pharmacy_project/venv/lib/python3.12/site-packages/django/template/loaders/cached.py", line 57, in get_template
    template = super().get_template(template_name, skip)
               ^^^^^^^^^^^^^^^^^^^^^^^^^^^^^^^^^^^^^^^^^
  File "/home/notouriousmma/Documents/Tk/pharmacy/Pharmacy_project/venv/lib/python3.12/site-packages/django/template/loaders/base.py", line 28, in get_template
    return Template(
           ^^^^^^^^^
  File "/home/notouriousmma/Documents/Tk/pharmacy/Pharmacy_project/venv/lib/python3.12/site-packages/django/template/base.py", line 154, in __init__
    self.nodelist = self.compile_nodelist()
                    ^^^^^^^^^^^^^^^^^^^^^^^
  File "/home/notouriousmma/Documents/Tk/pharmacy/Pharmacy_project/venv/lib/python3.12/site-packages/django/template/base.py", line 196, in compile_nodelist
    nodelist = parser.parse()
               ^^^^^^^^^^^^^^
  File "/home/notouriousmma/Documents/Tk/pharmacy/Pharmacy_project/venv/lib/python3.12/site-packages/django/template/base.py", line 518, in parse
    raise self.error(token, e)
  File "/home/notouriousmma/Documents/Tk/pharmacy/Pharmacy_project/venv/lib/python3.12/site-packages/django/template/base.py", line 516, in parse
    compiled_result = compile_func(self, token)
                      ^^^^^^^^^^^^^^^^^^^^^^^^^
  File "/home/notouriousmma/Documents/Tk/pharmacy/Pharmacy_project/venv/lib/python3.12/site-packages/django/template/loader_tags.py", line 299, in do_extends
    nodelist = parser.parse()
               ^^^^^^^^^^^^^^
  File "/home/notouriousmma/Documents/Tk/pharmacy/Pharmacy_project/venv/lib/python3.12/site-packages/django/template/base.py", line 518, in parse
    raise self.error(token, e)
  File "/home/notouriousmma/Documents/Tk/pharmacy/Pharmacy_project/venv/lib/python3.12/site-packages/django/template/base.py", line 516, in parse
    compiled_result = compile_func(self, token)
                      ^^^^^^^^^^^^^^^^^^^^^^^^^
  File "/home/notouriousmma/Documents/Tk/pharmacy/Pharmacy_project/venv/lib/python3.12/site-packages/django/template/loader_tags.py", line 234, in do_block
    nodelist = parser.parse(("endblock",))
               ^^^^^^^^^^^^^^^^^^^^^^^^^^^
  File "/home/notouriousmma/Documents/Tk/pharmacy/Pharmacy_project/venv/lib/python3.12/site-packages/django/template/base.py", line 518, in parse
    raise self.error(token, e)
  File "/home/notouriousmma/Documents/Tk/pharmacy/Pharmacy_project/venv/lib/python3.12/site-packages/django/template/base.py", line 516, in parse
    compiled_result = compile_func(self, token)
                      ^^^^^^^^^^^^^^^^^^^^^^^^^
  File "/home/notouriousmma/Documents/Tk/pharmacy/Pharmacy_project/venv/lib/python3.12/site-packages/django/template/defaulttags.py", line 962, in do_if
    nodelist = parser.parse(("elif", "else", "endif"))
               ^^^^^^^^^^^^^^^^^^^^^^^^^^^^^^^^^^^^^^^
  File "/home/notouriousmma/Documents/Tk/pharmacy/Pharmacy_project/venv/lib/python3.12/site-packages/django/template/base.py", line 518, in parse
    raise self.error(token, e)
  File "/home/notouriousmma/Documents/Tk/pharmacy/Pharmacy_project/venv/lib/python3.12/site-packages/django/template/base.py", line 516, in parse
    compiled_result = compile_func(self, token)
                      ^^^^^^^^^^^^^^^^^^^^^^^^^
  File "/home/notouriousmma/Documents/Tk/pharmacy/Pharmacy_project/venv/lib/python3.12/site-packages/django/template/defaulttags.py", line 862, in do_for
    nodelist_loop = parser.parse(
                    ^^^^^^^^^^^^^
  File "/home/notouriousmma/Documents/Tk/pharmacy/Pharmacy_project/venv/lib/python3.12/site-packages/django/template/base.py", line 489, in parse
    raise self.error(token, e)
  File "/home/notouriousmma/Documents/Tk/pharmacy/Pharmacy_project/venv/lib/python3.12/site-packages/django/template/base.py", line 487, in parse
    filter_expression = self.compile_filter(token.contents)
                        ^^^^^^^^^^^^^^^^^^^^^^^^^^^^^^^^^^^
  File "/home/notouriousmma/Documents/Tk/pharmacy/Pharmacy_project/venv/lib/python3.12/site-packages/django/template/base.py", line 609, in compile_filter
    return FilterExpression(token, self)
           ^^^^^^^^^^^^^^^^^^^^^^^^^^^^^
  File "/home/notouriousmma/Documents/Tk/pharmacy/Pharmacy_project/venv/lib/python3.12/site-packages/django/template/base.py", line 705, in __init__
    filter_func = parser.find_filter(filter_name)
                  ^^^^^^^^^^^^^^^^^^^^^^^^^^^^^^^
  File "/home/notouriousmma/Documents/Tk/pharmacy/Pharmacy_project/venv/lib/python3.12/site-packages/django/template/base.py", line 615, in find_filter
    raise TemplateSyntaxError("Invalid filter: '%s'" % filter_name)
django.template.exceptions.TemplateSyntaxError: Invalid filter: 'abs'
ERROR 2025-12-18 08:01:29,976 basehttp "GET /inventory/expiring/ HTTP/1.1" 500 334448
WARNING 2025-12-18 08:01:30,346 log Not Found: /favicon.ico
WARNING 2025-12-18 08:01:52,494 log Not Found: /favicon.ico
INFO 2025-12-18 08:02:03,322 basehttp "GET /reports/ HTTP/1.1" 200 13424
WARNING 2025-12-18 08:02:03,397 basehttp "GET /static/js/main.js HTTP/1.1" 404 1957
WARNING 2025-12-18 08:02:03,935 basehttp "GET /static/js/main.js HTTP/1.1" 404 1957
WARNING 2025-12-18 08:02:03,955 log Not Found: /favicon.ico
INFO 2025-12-18 08:02:05,788 basehttp "GET /suppliers/ HTTP/1.1" 200 10696
WARNING 2025-12-18 08:02:05,939 basehttp "GET /static/js/main.js HTTP/1.1" 404 1957
WARNING 2025-12-18 08:02:06,380 basehttp "GET /static/js/main.js HTTP/1.1" 404 1957
ERROR 2025-12-18 08:02:07,996 log Internal Server Error: /inventory/expiring/
Traceback (most recent call last):
  File "/home/notouriousmma/Documents/Tk/pharmacy/Pharmacy_project/venv/lib/python3.12/site-packages/django/core/handlers/exception.py", line 55, in inner
    response = get_response(request)
               ^^^^^^^^^^^^^^^^^^^^^
  File "/home/notouriousmma/Documents/Tk/pharmacy/Pharmacy_project/venv/lib/python3.12/site-packages/django/core/handlers/base.py", line 197, in _get_response
    response = wrapped_callback(request, *callback_args, **callback_kwargs)
               ^^^^^^^^^^^^^^^^^^^^^^^^^^^^^^^^^^^^^^^^^^^^^^^^^^^^^^^^^^^^
  File "/home/notouriousmma/Documents/Tk/pharmacy/Pharmacy_project/venv/lib/python3.12/site-packages/django/contrib/auth/decorators.py", line 59, in _view_wrapper
    return view_func(request, *args, **kwargs)
           ^^^^^^^^^^^^^^^^^^^^^^^^^^^^^^^^^^^
  File "/home/notouriousmma/Documents/Tk/pharmacy/Pharmacy_project/inventory/views.py", line 406, in expiring_medicines
    return render(request, 'inventory/expiring.html', context)
           ^^^^^^^^^^^^^^^^^^^^^^^^^^^^^^^^^^^^^^^^^^^^^^^^^^^
  File "/home/notouriousmma/Documents/Tk/pharmacy/Pharmacy_project/venv/lib/python3.12/site-packages/django/shortcuts.py", line 25, in render
    content = loader.render_to_string(template_name, context, request, using=using)
              ^^^^^^^^^^^^^^^^^^^^^^^^^^^^^^^^^^^^^^^^^^^^^^^^^^^^^^^^^^^^^^^^^^^^^
  File "/home/notouriousmma/Documents/Tk/pharmacy/Pharmacy_project/venv/lib/python3.12/site-packages/django/template/loader.py", line 61, in render_to_string
    template = get_template(template_name, using=using)
               ^^^^^^^^^^^^^^^^^^^^^^^^^^^^^^^^^^^^^^^^
  File "/home/notouriousmma/Documents/Tk/pharmacy/Pharmacy_project/venv/lib/python3.12/site-packages/django/template/loader.py", line 15, in get_template
    return engine.get_template(template_name)
           ^^^^^^^^^^^^^^^^^^^^^^^^^^^^^^^^^^
  File "/home/notouriousmma/Documents/Tk/pharmacy/Pharmacy_project/venv/lib/python3.12/site-packages/django/template/backends/django.py", line 79, in get_template
    return Template(self.engine.get_template(template_name), self)
                    ^^^^^^^^^^^^^^^^^^^^^^^^^^^^^^^^^^^^^^^
  File "/home/notouriousmma/Documents/Tk/pharmacy/Pharmacy_project/venv/lib/python3.12/site-packages/django/template/engine.py", line 177, in get_template
    template, origin = self.find_template(template_name)
                       ^^^^^^^^^^^^^^^^^^^^^^^^^^^^^^^^^
  File "/home/notouriousmma/Documents/Tk/pharmacy/Pharmacy_project/venv/lib/python3.12/site-packages/django/template/engine.py", line 159, in find_template
    template = loader.get_template(name, skip=skip)
               ^^^^^^^^^^^^^^^^^^^^^^^^^^^^^^^^^^^^
  File "/home/notouriousmma/Documents/Tk/pharmacy/Pharmacy_project/venv/lib/python3.12/site-packages/django/template/loaders/cached.py", line 57, in get_template
    template = super().get_template(template_name, skip)
               ^^^^^^^^^^^^^^^^^^^^^^^^^^^^^^^^^^^^^^^^^
  File "/home/notouriousmma/Documents/Tk/pharmacy/Pharmacy_project/venv/lib/python3.12/site-packages/django/template/loaders/base.py", line 28, in get_template
    return Template(
           ^^^^^^^^^
  File "/home/notouriousmma/Documents/Tk/pharmacy/Pharmacy_project/venv/lib/python3.12/site-packages/django/template/base.py", line 154, in __init__
    self.nodelist = self.compile_nodelist()
                    ^^^^^^^^^^^^^^^^^^^^^^^
  File "/home/notouriousmma/Documents/Tk/pharmacy/Pharmacy_project/venv/lib/python3.12/site-packages/django/template/base.py", line 196, in compile_nodelist
    nodelist = parser.parse()
               ^^^^^^^^^^^^^^
  File "/home/notouriousmma/Documents/Tk/pharmacy/Pharmacy_project/venv/lib/python3.12/site-packages/django/template/base.py", line 518, in parse
    raise self.error(token, e)
  File "/home/notouriousmma/Documents/Tk/pharmacy/Pharmacy_project/venv/lib/python3.12/site-packages/django/template/base.py", line 516, in parse
    compiled_result = compile_func(self, token)
                      ^^^^^^^^^^^^^^^^^^^^^^^^^
  File "/home/notouriousmma/Documents/Tk/pharmacy/Pharmacy_project/venv/lib/python3.12/site-packages/django/template/loader_tags.py", line 299, in do_extends
    nodelist = parser.parse()
               ^^^^^^^^^^^^^^
  File "/home/notouriousmma/Documents/Tk/pharmacy/Pharmacy_project/venv/lib/python3.12/site-packages/django/template/base.py", line 518, in parse
    raise self.error(token, e)
  File "/home/notouriousmma/Documents/Tk/pharmacy/Pharmacy_project/venv/lib/python3.12/site-packages/django/template/base.py", line 516, in parse
    compiled_result = compile_func(self, token)
                      ^^^^^^^^^^^^^^^^^^^^^^^^^
  File "/home/notouriousmma/Documents/Tk/pharmacy/Pharmacy_project/venv/lib/python3.12/site-packages/django/template/loader_tags.py", line 234, in do_block
    nodelist = parser.parse(("endblock",))
               ^^^^^^^^^^^^^^^^^^^^^^^^^^^
  File "/home/notouriousmma/Documents/Tk/pharmacy/Pharmacy_project/venv/lib/python3.12/site-packages/django/template/base.py", line 518, in parse
    raise self.error(token, e)
  File "/home/notouriousmma/Documents/Tk/pharmacy/Pharmacy_project/venv/lib/python3.12/site-packages/django/template/base.py", line 516, in parse
    compiled_result = compile_func(self, token)
                      ^^^^^^^^^^^^^^^^^^^^^^^^^
  File "/home/notouriousmma/Documents/Tk/pharmacy/Pharmacy_project/venv/lib/python3.12/site-packages/django/template/defaulttags.py", line 962, in do_if
    nodelist = parser.parse(("elif", "else", "endif"))
               ^^^^^^^^^^^^^^^^^^^^^^^^^^^^^^^^^^^^^^^
  File "/home/notouriousmma/Documents/Tk/pharmacy/Pharmacy_project/venv/lib/python3.12/site-packages/django/template/base.py", line 518, in parse
    raise self.error(token, e)
  File "/home/notouriousmma/Documents/Tk/pharmacy/Pharmacy_project/venv/lib/python3.12/site-packages/django/template/base.py", line 516, in parse
    compiled_result = compile_func(self, token)
                      ^^^^^^^^^^^^^^^^^^^^^^^^^
  File "/home/notouriousmma/Documents/Tk/pharmacy/Pharmacy_project/venv/lib/python3.12/site-packages/django/template/defaulttags.py", line 862, in do_for
    nodelist_loop = parser.parse(
                    ^^^^^^^^^^^^^
  File "/home/notouriousmma/Documents/Tk/pharmacy/Pharmacy_project/venv/lib/python3.12/site-packages/django/template/base.py", line 489, in parse
    raise self.error(token, e)
  File "/home/notouriousmma/Documents/Tk/pharmacy/Pharmacy_project/venv/lib/python3.12/site-packages/django/template/base.py", line 487, in parse
    filter_expression = self.compile_filter(token.contents)
                        ^^^^^^^^^^^^^^^^^^^^^^^^^^^^^^^^^^^
  File "/home/notouriousmma/Documents/Tk/pharmacy/Pharmacy_project/venv/lib/python3.12/site-packages/django/template/base.py", line 609, in compile_filter
    return FilterExpression(token, self)
           ^^^^^^^^^^^^^^^^^^^^^^^^^^^^^
  File "/home/notouriousmma/Documents/Tk/pharmacy/Pharmacy_project/venv/lib/python3.12/site-packages/django/template/base.py", line 705, in __init__
    filter_func = parser.find_filter(filter_name)
                  ^^^^^^^^^^^^^^^^^^^^^^^^^^^^^^^
  File "/home/notouriousmma/Documents/Tk/pharmacy/Pharmacy_project/venv/lib/python3.12/site-packages/django/template/base.py", line 615, in find_filter
    raise TemplateSyntaxError("Invalid filter: '%s'" % filter_name)
django.template.exceptions.TemplateSyntaxError: Invalid filter: 'abs'
ERROR 2025-12-18 08:02:08,001 basehttp "GET /inventory/expiring/ HTTP/1.1" 500 334438
INFO 2025-12-18 08:02:14,139 basehttp "GET /inventory/low-stock/ HTTP/1.1" 200 12330
WARNING 2025-12-18 08:02:14,225 basehttp "GET /static/js/main.js HTTP/1.1" 404 1957
WARNING 2025-12-18 08:02:14,675 basehttp "GET /static/js/main.js HTTP/1.1" 404 1957
INFO 2025-12-18 08:02:22,287 basehttp "GET /inventory/categories/ HTTP/1.1" 200 15430
WARNING 2025-12-18 08:02:22,361 basehttp "GET /static/js/main.js HTTP/1.1" 404 1957
WARNING 2025-12-18 08:02:22,878 basehttp "GET /static/js/main.js HTTP/1.1" 404 1957
WARNING 2025-12-18 08:02:22,947 log Not Found: /favicon.ico
INFO 2025-12-18 08:02:26,880 basehttp "GET /inventory/ HTTP/1.1" 200 12911
WARNING 2025-12-18 08:02:27,003 basehttp "GET /static/js/main.js HTTP/1.1" 404 1957
WARNING 2025-12-18 08:02:27,452 basehttp "GET /static/js/main.js HTTP/1.1" 404 1957
INFO 2025-12-18 08:02:32,772 basehttp "GET /sales/pos/ HTTP/1.1" 200 42416
WARNING 2025-12-18 08:02:32,846 basehttp "GET /static/js/main.js HTTP/1.1" 404 1957
WARNING 2025-12-18 08:02:33,356 basehttp "GET /static/js/main.js HTTP/1.1" 404 1957
ERROR 2025-12-18 08:03:10,223 log Internal Server Error: /sales/
Traceback (most recent call last):
  File "/home/notouriousmma/Documents/Tk/pharmacy/Pharmacy_project/venv/lib/python3.12/site-packages/django/db/backends/utils.py", line 105, in _execute
    return self.cursor.execute(sql, params)
           ^^^^^^^^^^^^^^^^^^^^^^^^^^^^^^^^
  File "/home/notouriousmma/Documents/Tk/pharmacy/Pharmacy_project/venv/lib/python3.12/site-packages/django/db/backends/sqlite3/base.py", line 360, in execute
    return super().execute(query, params)
           ^^^^^^^^^^^^^^^^^^^^^^^^^^^^^^
sqlite3.OperationalError: misuse of aggregate function SUM()

The above exception was the direct cause of the following exception:

Traceback (most recent call last):
  File "/home/notouriousmma/Documents/Tk/pharmacy/Pharmacy_project/venv/lib/python3.12/site-packages/django/core/handlers/exception.py", line 55, in inner
    response = get_response(request)
               ^^^^^^^^^^^^^^^^^^^^^
  File "/home/notouriousmma/Documents/Tk/pharmacy/Pharmacy_project/venv/lib/python3.12/site-packages/django/core/handlers/base.py", line 197, in _get_response
    response = wrapped_callback(request, *callback_args, **callback_kwargs)
               ^^^^^^^^^^^^^^^^^^^^^^^^^^^^^^^^^^^^^^^^^^^^^^^^^^^^^^^^^^^^
  File "/home/notouriousmma/Documents/Tk/pharmacy/Pharmacy_project/venv/lib/python3.12/site-packages/django/contrib/auth/decorators.py", line 59, in _view_wrapper
    return view_func(request, *args, **kwargs)
           ^^^^^^^^^^^^^^^^^^^^^^^^^^^^^^^^^^^
  File "/home/notouriousmma/Documents/Tk/pharmacy/Pharmacy_project/sales/views.py", line 307, in sales_list
    totals = sales.aggregate(
             ^^^^^^^^^^^^^^^^
  File "/home/notouriousmma/Documents/Tk/pharmacy/Pharmacy_project/venv/lib/python3.12/site-packages/django/db/models/query.py", line 590, in aggregate
    return self.query.chain().get_aggregation(self.db, kwargs)
           ^^^^^^^^^^^^^^^^^^^^^^^^^^^^^^^^^^^^^^^^^^^^^^^^^^^
  File "/home/notouriousmma/Documents/Tk/pharmacy/Pharmacy_project/venv/lib/python3.12/site-packages/django/db/models/sql/query.py", line 626, in get_aggregation
    result = compiler.execute_sql(SINGLE)
             ^^^^^^^^^^^^^^^^^^^^^^^^^^^^
  File "/home/notouriousmma/Documents/Tk/pharmacy/Pharmacy_project/venv/lib/python3.12/site-packages/django/db/models/sql/compiler.py", line 1623, in execute_sql
    cursor.execute(sql, params)
  File "/home/notouriousmma/Documents/Tk/pharmacy/Pharmacy_project/venv/lib/python3.12/site-packages/django/db/backends/utils.py", line 122, in execute
    return super().execute(sql, params)
           ^^^^^^^^^^^^^^^^^^^^^^^^^^^^
  File "/home/notouriousmma/Documents/Tk/pharmacy/Pharmacy_project/venv/lib/python3.12/site-packages/django/db/backends/utils.py", line 79, in execute
    return self._execute_with_wrappers(
           ^^^^^^^^^^^^^^^^^^^^^^^^^^^^
  File "/home/notouriousmma/Documents/Tk/pharmacy/Pharmacy_project/venv/lib/python3.12/site-packages/django/db/backends/utils.py", line 92, in _execute_with_wrappers
    return executor(sql, params, many, context)
           ^^^^^^^^^^^^^^^^^^^^^^^^^^^^^^^^^^^^
  File "/home/notouriousmma/Documents/Tk/pharmacy/Pharmacy_project/venv/lib/python3.12/site-packages/django/db/backends/utils.py", line 100, in _execute
    with self.db.wrap_database_errors:
  File "/home/notouriousmma/Documents/Tk/pharmacy/Pharmacy_project/venv/lib/python3.12/site-packages/django/db/utils.py", line 91, in __exit__
    raise dj_exc_value.with_traceback(traceback) from exc_value
  File "/home/notouriousmma/Documents/Tk/pharmacy/Pharmacy_project/venv/lib/python3.12/site-packages/django/db/backends/utils.py", line 105, in _execute
    return self.cursor.execute(sql, params)
           ^^^^^^^^^^^^^^^^^^^^^^^^^^^^^^^^
  File "/home/notouriousmma/Documents/Tk/pharmacy/Pharmacy_project/venv/lib/python3.12/site-packages/django/db/backends/sqlite3/base.py", line 360, in execute
    return super().execute(query, params)
           ^^^^^^^^^^^^^^^^^^^^^^^^^^^^^^
django.db.utils.OperationalError: misuse of aggregate function SUM()
ERROR 2025-12-18 08:03:10,228 basehttp "GET /sales/ HTTP/1.1" 500 147944
INFO 2025-12-18 08:03:23,273 basehttp "GET / HTTP/1.1" 200 13850
WARNING 2025-12-18 08:03:23,374 basehttp "GET /static/js/main.js HTTP/1.1" 404 1957
WARNING 2025-12-18 08:03:23,840 basehttp "GET /static/js/main.js HTTP/1.1" 404 1957
INFO 2025-12-18 08:03:25,277 basehttp "GET /sales/pos/ HTTP/1.1" 200 42416
WARNING 2025-12-18 08:03:25,429 basehttp "GET /static/js/main.js HTTP/1.1" 404 1957
WARNING 2025-12-18 08:03:25,867 basehttp "GET /static/js/main.js HTTP/1.1" 404 1957
INFO 2025-12-18 08:03:27,464 basehttp "GET /inventory/ HTTP/1.1" 200 12911
WARNING 2025-12-18 08:03:27,593 basehttp "GET /static/js/main.js HTTP/1.1" 404 1957
WARNING 2025-12-18 08:03:28,164 basehttp "GET /static/js/main.js HTTP/1.1" 404 1957
INFO 2025-12-18 08:03:28,912 basehttp "GET /inventory/categories/ HTTP/1.1" 200 15430
WARNING 2025-12-18 08:03:29,037 basehttp "GET /static/js/main.js HTTP/1.1" 404 1957
WARNING 2025-12-18 08:03:29,510 basehttp "GET /static/js/main.js HTTP/1.1" 404 1957
INFO 2025-12-18 08:03:30,464 basehttp "GET /inventory/low-stock/ HTTP/1.1" 200 12330
WARNING 2025-12-18 08:03:30,554 basehttp "GET /static/js/main.js HTTP/1.1" 404 1957
WARNING 2025-12-18 08:03:30,975 basehttp "GET /static/js/main.js HTTP/1.1" 404 1957
ERROR 2025-12-18 08:03:35,944 log Internal Server Error: /inventory/expiring/
Traceback (most recent call last):
  File "/home/notouriousmma/Documents/Tk/pharmacy/Pharmacy_project/venv/lib/python3.12/site-packages/django/core/handlers/exception.py", line 55, in inner
    response = get_response(request)
               ^^^^^^^^^^^^^^^^^^^^^
  File "/home/notouriousmma/Documents/Tk/pharmacy/Pharmacy_project/venv/lib/python3.12/site-packages/django/core/handlers/base.py", line 197, in _get_response
    response = wrapped_callback(request, *callback_args, **callback_kwargs)
               ^^^^^^^^^^^^^^^^^^^^^^^^^^^^^^^^^^^^^^^^^^^^^^^^^^^^^^^^^^^^
  File "/home/notouriousmma/Documents/Tk/pharmacy/Pharmacy_project/venv/lib/python3.12/site-packages/django/contrib/auth/decorators.py", line 59, in _view_wrapper
    return view_func(request, *args, **kwargs)
           ^^^^^^^^^^^^^^^^^^^^^^^^^^^^^^^^^^^
  File "/home/notouriousmma/Documents/Tk/pharmacy/Pharmacy_project/inventory/views.py", line 406, in expiring_medicines
    return render(request, 'inventory/expiring.html', context)
           ^^^^^^^^^^^^^^^^^^^^^^^^^^^^^^^^^^^^^^^^^^^^^^^^^^^
  File "/home/notouriousmma/Documents/Tk/pharmacy/Pharmacy_project/venv/lib/python3.12/site-packages/django/shortcuts.py", line 25, in render
    content = loader.render_to_string(template_name, context, request, using=using)
              ^^^^^^^^^^^^^^^^^^^^^^^^^^^^^^^^^^^^^^^^^^^^^^^^^^^^^^^^^^^^^^^^^^^^^
  File "/home/notouriousmma/Documents/Tk/pharmacy/Pharmacy_project/venv/lib/python3.12/site-packages/django/template/loader.py", line 61, in render_to_string
    template = get_template(template_name, using=using)
               ^^^^^^^^^^^^^^^^^^^^^^^^^^^^^^^^^^^^^^^^
  File "/home/notouriousmma/Documents/Tk/pharmacy/Pharmacy_project/venv/lib/python3.12/site-packages/django/template/loader.py", line 15, in get_template
    return engine.get_template(template_name)
           ^^^^^^^^^^^^^^^^^^^^^^^^^^^^^^^^^^
  File "/home/notouriousmma/Documents/Tk/pharmacy/Pharmacy_project/venv/lib/python3.12/site-packages/django/template/backends/django.py", line 79, in get_template
    return Template(self.engine.get_template(template_name), self)
                    ^^^^^^^^^^^^^^^^^^^^^^^^^^^^^^^^^^^^^^^
  File "/home/notouriousmma/Documents/Tk/pharmacy/Pharmacy_project/venv/lib/python3.12/site-packages/django/template/engine.py", line 177, in get_template
    template, origin = self.find_template(template_name)
                       ^^^^^^^^^^^^^^^^^^^^^^^^^^^^^^^^^
  File "/home/notouriousmma/Documents/Tk/pharmacy/Pharmacy_project/venv/lib/python3.12/site-packages/django/template/engine.py", line 159, in find_template
    template = loader.get_template(name, skip=skip)
               ^^^^^^^^^^^^^^^^^^^^^^^^^^^^^^^^^^^^
  File "/home/notouriousmma/Documents/Tk/pharmacy/Pharmacy_project/venv/lib/python3.12/site-packages/django/template/loaders/cached.py", line 57, in get_template
    template = super().get_template(template_name, skip)
               ^^^^^^^^^^^^^^^^^^^^^^^^^^^^^^^^^^^^^^^^^
  File "/home/notouriousmma/Documents/Tk/pharmacy/Pharmacy_project/venv/lib/python3.12/site-packages/django/template/loaders/base.py", line 28, in get_template
    return Template(
           ^^^^^^^^^
  File "/home/notouriousmma/Documents/Tk/pharmacy/Pharmacy_project/venv/lib/python3.12/site-packages/django/template/base.py", line 154, in __init__
    self.nodelist = self.compile_nodelist()
                    ^^^^^^^^^^^^^^^^^^^^^^^
  File "/home/notouriousmma/Documents/Tk/pharmacy/Pharmacy_project/venv/lib/python3.12/site-packages/django/template/base.py", line 196, in compile_nodelist
    nodelist = parser.parse()
               ^^^^^^^^^^^^^^
  File "/home/notouriousmma/Documents/Tk/pharmacy/Pharmacy_project/venv/lib/python3.12/site-packages/django/template/base.py", line 518, in parse
    raise self.error(token, e)
  File "/home/notouriousmma/Documents/Tk/pharmacy/Pharmacy_project/venv/lib/python3.12/site-packages/django/template/base.py", line 516, in parse
    compiled_result = compile_func(self, token)
                      ^^^^^^^^^^^^^^^^^^^^^^^^^
  File "/home/notouriousmma/Documents/Tk/pharmacy/Pharmacy_project/venv/lib/python3.12/site-packages/django/template/loader_tags.py", line 299, in do_extends
    nodelist = parser.parse()
               ^^^^^^^^^^^^^^
  File "/home/notouriousmma/Documents/Tk/pharmacy/Pharmacy_project/venv/lib/python3.12/site-packages/django/template/base.py", line 518, in parse
    raise self.error(token, e)
  File "/home/notouriousmma/Documents/Tk/pharmacy/Pharmacy_project/venv/lib/python3.12/site-packages/django/template/base.py", line 516, in parse
    compiled_result = compile_func(self, token)
                      ^^^^^^^^^^^^^^^^^^^^^^^^^
  File "/home/notouriousmma/Documents/Tk/pharmacy/Pharmacy_project/venv/lib/python3.12/site-packages/django/template/loader_tags.py", line 234, in do_block
    nodelist = parser.parse(("endblock",))
               ^^^^^^^^^^^^^^^^^^^^^^^^^^^
  File "/home/notouriousmma/Documents/Tk/pharmacy/Pharmacy_project/venv/lib/python3.12/site-packages/django/template/base.py", line 518, in parse
    raise self.error(token, e)
  File "/home/notouriousmma/Documents/Tk/pharmacy/Pharmacy_project/venv/lib/python3.12/site-packages/django/template/base.py", line 516, in parse
    compiled_result = compile_func(self, token)
                      ^^^^^^^^^^^^^^^^^^^^^^^^^
  File "/home/notouriousmma/Documents/Tk/pharmacy/Pharmacy_project/venv/lib/python3.12/site-packages/django/template/defaulttags.py", line 962, in do_if
    nodelist = parser.parse(("elif", "else", "endif"))
               ^^^^^^^^^^^^^^^^^^^^^^^^^^^^^^^^^^^^^^^
  File "/home/notouriousmma/Documents/Tk/pharmacy/Pharmacy_project/venv/lib/python3.12/site-packages/django/template/base.py", line 518, in parse
    raise self.error(token, e)
  File "/home/notouriousmma/Documents/Tk/pharmacy/Pharmacy_project/venv/lib/python3.12/site-packages/django/template/base.py", line 516, in parse
    compiled_result = compile_func(self, token)
                      ^^^^^^^^^^^^^^^^^^^^^^^^^
  File "/home/notouriousmma/Documents/Tk/pharmacy/Pharmacy_project/venv/lib/python3.12/site-packages/django/template/defaulttags.py", line 862, in do_for
    nodelist_loop = parser.parse(
                    ^^^^^^^^^^^^^
  File "/home/notouriousmma/Documents/Tk/pharmacy/Pharmacy_project/venv/lib/python3.12/site-packages/django/template/base.py", line 489, in parse
    raise self.error(token, e)
  File "/home/notouriousmma/Documents/Tk/pharmacy/Pharmacy_project/venv/lib/python3.12/site-packages/django/template/base.py", line 487, in parse
    filter_expression = self.compile_filter(token.contents)
                        ^^^^^^^^^^^^^^^^^^^^^^^^^^^^^^^^^^^
  File "/home/notouriousmma/Documents/Tk/pharmacy/Pharmacy_project/venv/lib/python3.12/site-packages/django/template/base.py", line 609, in compile_filter
    return FilterExpression(token, self)
           ^^^^^^^^^^^^^^^^^^^^^^^^^^^^^
  File "/home/notouriousmma/Documents/Tk/pharmacy/Pharmacy_project/venv/lib/python3.12/site-packages/django/template/base.py", line 705, in __init__
    filter_func = parser.find_filter(filter_name)
                  ^^^^^^^^^^^^^^^^^^^^^^^^^^^^^^^
  File "/home/notouriousmma/Documents/Tk/pharmacy/Pharmacy_project/venv/lib/python3.12/site-packages/django/template/base.py", line 615, in find_filter
    raise TemplateSyntaxError("Invalid filter: '%s'" % filter_name)
django.template.exceptions.TemplateSyntaxError: Invalid filter: 'abs'
ERROR 2025-12-18 08:03:35,948 basehttp "GET /inventory/expiring/ HTTP/1.1" 500 334448
INFO 2025-12-18 08:26:13,560 basehttp "GET /inventory/categories/ HTTP/1.1" 200 15430
WARNING 2025-12-18 08:26:13,682 basehttp "GET /static/js/main.js HTTP/1.1" 404 1957
WARNING 2025-12-18 08:26:13,818 basehttp "GET /static/js/main.js HTTP/1.1" 404 1957
INFO 2025-12-19 20:33:56,902 autoreload Watching for file changes with StatReloader
INFO 2025-12-19 20:35:11,963 basehttp "GET / HTTP/1.1" 302 0
WARNING 2025-12-19 20:35:12,114 log Not Found: /accounts/login/
WARNING 2025-12-19 20:35:12,115 basehttp "GET /accounts/login/?next=/ HTTP/1.1" 404 5734
WARNING 2025-12-19 20:35:12,922 log Not Found: /favicon.ico
WARNING 2025-12-19 20:35:12,926 basehttp "GET /favicon.ico HTTP/1.1" 404 5715
INFO 2025-12-19 20:47:17,157 basehttp "GET /admin/ HTTP/1.1" 302 0
INFO 2025-12-19 20:47:17,423 basehttp "GET /admin/login/?next=/admin/ HTTP/1.1" 200 4175
INFO 2025-12-19 20:47:17,594 basehttp "GET /static/admin/css/base.css HTTP/1.1" 200 22120
INFO 2025-12-19 20:47:17,594 basehttp "GET /static/admin/css/nav_sidebar.css HTTP/1.1" 200 2810
INFO 2025-12-19 20:47:17,598 basehttp "GET /static/admin/css/dark_mode.css HTTP/1.1" 200 2808
INFO 2025-12-19 20:47:17,599 basehttp "GET /static/admin/css/login.css HTTP/1.1" 200 951
INFO 2025-12-19 20:47:17,599 basehttp "GET /static/admin/css/responsive.css HTTP/1.1" 200 16565
INFO 2025-12-19 20:47:18,002 basehttp "GET /static/admin/js/theme.js HTTP/1.1" 304 0
INFO 2025-12-19 20:47:18,063 basehttp "GET /static/admin/js/nav_sidebar.js HTTP/1.1" 304 0
INFO 2025-12-19 20:47:26,723 basehttp "POST /admin/login/?next=/admin/ HTTP/1.1" 302 0
INFO 2025-12-19 20:47:26,823 basehttp "GET /admin/ HTTP/1.1" 200 21576
INFO 2025-12-19 20:47:26,951 basehttp "GET /static/admin/css/dashboard.css HTTP/1.1" 200 441
INFO 2025-12-19 20:47:27,122 basehttp "GET /static/admin/img/icon-viewlink.svg HTTP/1.1" 200 581
INFO 2025-12-19 20:47:27,124 basehttp "GET /static/admin/img/icon-addlink.svg HTTP/1.1" 200 331
INFO 2025-12-19 20:47:27,124 basehttp "GET /static/admin/img/icon-changelink.svg HTTP/1.1" 200 380
INFO 2025-12-19 20:47:27,143 basehttp "GET /static/admin/img/icon-addlink.svg HTTP/1.1" 200 331
INFO 2025-12-19 20:47:27,173 basehttp "GET /static/admin/img/icon-changelink.svg HTTP/1.1" 200 380
INFO 2025-12-19 20:47:27,182 basehttp "GET /static/admin/img/icon-viewlink.svg HTTP/1.1" 200 581
WARNING 2025-12-19 20:47:27,192 log Not Found: /favicon.ico
WARNING 2025-12-19 20:47:27,193 basehttp "GET /favicon.ico HTTP/1.1" 404 5715
INFO 2025-12-19 20:47:36,824 basehttp "GET /admin/login/?next=/admin/ HTTP/1.1" 302 0
INFO 2025-12-19 20:47:36,916 basehttp "GET /admin/ HTTP/1.1" 200 21576
INFO 2025-12-19 20:47:50,804 basehttp "GET / HTTP/1.1" 200 13850
WARNING 2025-12-19 20:47:51,632 basehttp "GET /static/js/main.js HTTP/1.1" 404 1957
INFO 2025-12-19 20:47:51,633 basehttp "GET /static/css/style.css HTTP/1.1" 200 8627
WARNING 2025-12-19 20:47:52,582 basehttp "GET /static/js/main.js HTTP/1.1" 404 1957
INFO 2025-12-19 20:48:05,078 basehttp "GET /sales/pos/ HTTP/1.1" 200 42416
WARNING 2025-12-19 20:48:05,212 basehttp "GET /static/js/main.js HTTP/1.1" 404 1957
WARNING 2025-12-19 20:48:05,850 log Not Found: /favicon.ico
WARNING 2025-12-19 20:48:05,951 basehttp "GET /static/js/main.js HTTP/1.1" 404 1957
ERROR 2025-12-19 20:48:12,973 log Internal Server Error: /sales/
Traceback (most recent call last):
  File "/home/notouriousmma/Documents/Tk/pharmacy/Pharmacy_project/venv/lib/python3.12/site-packages/django/db/backends/utils.py", line 105, in _execute
    return self.cursor.execute(sql, params)
           ^^^^^^^^^^^^^^^^^^^^^^^^^^^^^^^^
  File "/home/notouriousmma/Documents/Tk/pharmacy/Pharmacy_project/venv/lib/python3.12/site-packages/django/db/backends/sqlite3/base.py", line 360, in execute
    return super().execute(query, params)
           ^^^^^^^^^^^^^^^^^^^^^^^^^^^^^^
sqlite3.OperationalError: misuse of aggregate function SUM()

The above exception was the direct cause of the following exception:

Traceback (most recent call last):
  File "/home/notouriousmma/Documents/Tk/pharmacy/Pharmacy_project/venv/lib/python3.12/site-packages/django/core/handlers/exception.py", line 55, in inner
    response = get_response(request)
               ^^^^^^^^^^^^^^^^^^^^^
  File "/home/notouriousmma/Documents/Tk/pharmacy/Pharmacy_project/venv/lib/python3.12/site-packages/django/core/handlers/base.py", line 197, in _get_response
    response = wrapped_callback(request, *callback_args, **callback_kwargs)
               ^^^^^^^^^^^^^^^^^^^^^^^^^^^^^^^^^^^^^^^^^^^^^^^^^^^^^^^^^^^^
  File "/home/notouriousmma/Documents/Tk/pharmacy/Pharmacy_project/venv/lib/python3.12/site-packages/django/contrib/auth/decorators.py", line 59, in _view_wrapper
    return view_func(request, *args, **kwargs)
           ^^^^^^^^^^^^^^^^^^^^^^^^^^^^^^^^^^^
  File "/home/notouriousmma/Documents/Tk/pharmacy/Pharmacy_project/sales/views.py", line 307, in sales_list
    totals = sales.aggregate(
             ^^^^^^^^^^^^^^^^
  File "/home/notouriousmma/Documents/Tk/pharmacy/Pharmacy_project/venv/lib/python3.12/site-packages/django/db/models/query.py", line 590, in aggregate
    return self.query.chain().get_aggregation(self.db, kwargs)
           ^^^^^^^^^^^^^^^^^^^^^^^^^^^^^^^^^^^^^^^^^^^^^^^^^^^
  File "/home/notouriousmma/Documents/Tk/pharmacy/Pharmacy_project/venv/lib/python3.12/site-packages/django/db/models/sql/query.py", line 626, in get_aggregation
    result = compiler.execute_sql(SINGLE)
             ^^^^^^^^^^^^^^^^^^^^^^^^^^^^
  File "/home/notouriousmma/Documents/Tk/pharmacy/Pharmacy_project/venv/lib/python3.12/site-packages/django/db/models/sql/compiler.py", line 1623, in execute_sql
    cursor.execute(sql, params)
  File "/home/notouriousmma/Documents/Tk/pharmacy/Pharmacy_project/venv/lib/python3.12/site-packages/django/db/backends/utils.py", line 122, in execute
    return super().execute(sql, params)
           ^^^^^^^^^^^^^^^^^^^^^^^^^^^^
  File "/home/notouriousmma/Documents/Tk/pharmacy/Pharmacy_project/venv/lib/python3.12/site-packages/django/db/backends/utils.py", line 79, in execute
    return self._execute_with_wrappers(
           ^^^^^^^^^^^^^^^^^^^^^^^^^^^^
  File "/home/notouriousmma/Documents/Tk/pharmacy/Pharmacy_project/venv/lib/python3.12/site-packages/django/db/backends/utils.py", line 92, in _execute_with_wrappers
    return executor(sql, params, many, context)
           ^^^^^^^^^^^^^^^^^^^^^^^^^^^^^^^^^^^^
  File "/home/notouriousmma/Documents/Tk/pharmacy/Pharmacy_project/venv/lib/python3.12/site-packages/django/db/backends/utils.py", line 100, in _execute
    with self.db.wrap_database_errors:
  File "/home/notouriousmma/Documents/Tk/pharmacy/Pharmacy_project/venv/lib/python3.12/site-packages/django/db/utils.py", line 91, in __exit__
    raise dj_exc_value.with_traceback(traceback) from exc_value
  File "/home/notouriousmma/Documents/Tk/pharmacy/Pharmacy_project/venv/lib/python3.12/site-packages/django/db/backends/utils.py", line 105, in _execute
    return self.cursor.execute(sql, params)
           ^^^^^^^^^^^^^^^^^^^^^^^^^^^^^^^^
  File "/home/notouriousmma/Documents/Tk/pharmacy/Pharmacy_project/venv/lib/python3.12/site-packages/django/db/backends/sqlite3/base.py", line 360, in execute
    return super().execute(query, params)
           ^^^^^^^^^^^^^^^^^^^^^^^^^^^^^^
django.db.utils.OperationalError: misuse of aggregate function SUM()
ERROR 2025-12-19 20:48:12,980 basehttp "GET /sales/ HTTP/1.1" 500 147787
INFO 2025-12-19 20:56:57,786 autoreload Watching for file changes with StatReloader
ERROR 2025-12-19 20:57:04,934 log Internal Server Error: /sales/
Traceback (most recent call last):
  File "/home/notouriousmma/Documents/Tk/pharmacy/Pharmacy_project/venv/lib/python3.12/site-packages/django/core/handlers/exception.py", line 55, in inner
    response = get_response(request)
               ^^^^^^^^^^^^^^^^^^^^^
  File "/home/notouriousmma/Documents/Tk/pharmacy/Pharmacy_project/venv/lib/python3.12/site-packages/django/core/handlers/base.py", line 197, in _get_response
    response = wrapped_callback(request, *callback_args, **callback_kwargs)
               ^^^^^^^^^^^^^^^^^^^^^^^^^^^^^^^^^^^^^^^^^^^^^^^^^^^^^^^^^^^^
  File "/home/notouriousmma/Documents/Tk/pharmacy/Pharmacy_project/venv/lib/python3.12/site-packages/django/contrib/auth/decorators.py", line 59, in _view_wrapper
    return view_func(request, *args, **kwargs)
           ^^^^^^^^^^^^^^^^^^^^^^^^^^^^^^^^^^^
  File "/home/notouriousmma/Documents/Tk/pharmacy/Pharmacy_project/sales/views.py", line 352, in sales_list
    return render(request, 'sales/sales_list.html', context)
           ^^^^^^^^^^^^^^^^^^^^^^^^^^^^^^^^^^^^^^^^^^^^^^^^^
  File "/home/notouriousmma/Documents/Tk/pharmacy/Pharmacy_project/venv/lib/python3.12/site-packages/django/shortcuts.py", line 25, in render
    content = loader.render_to_string(template_name, context, request, using=using)
              ^^^^^^^^^^^^^^^^^^^^^^^^^^^^^^^^^^^^^^^^^^^^^^^^^^^^^^^^^^^^^^^^^^^^^
  File "/home/notouriousmma/Documents/Tk/pharmacy/Pharmacy_project/venv/lib/python3.12/site-packages/django/template/loader.py", line 61, in render_to_string
    template = get_template(template_name, using=using)
               ^^^^^^^^^^^^^^^^^^^^^^^^^^^^^^^^^^^^^^^^
  File "/home/notouriousmma/Documents/Tk/pharmacy/Pharmacy_project/venv/lib/python3.12/site-packages/django/template/loader.py", line 19, in get_template
    raise TemplateDoesNotExist(template_name, chain=chain)
django.template.exceptions.TemplateDoesNotExist: sales/sales_list.html
ERROR 2025-12-19 20:57:04,939 basehttp "GET /sales/ HTTP/1.1" 500 103649
ERROR 2025-12-19 21:00:23,711 log Internal Server Error: /sales/
Traceback (most recent call last):
  File "/home/notouriousmma/Documents/Tk/pharmacy/Pharmacy_project/venv/lib/python3.12/site-packages/django/core/handlers/exception.py", line 55, in inner
    response = get_response(request)
               ^^^^^^^^^^^^^^^^^^^^^
  File "/home/notouriousmma/Documents/Tk/pharmacy/Pharmacy_project/venv/lib/python3.12/site-packages/django/core/handlers/base.py", line 197, in _get_response
    response = wrapped_callback(request, *callback_args, **callback_kwargs)
               ^^^^^^^^^^^^^^^^^^^^^^^^^^^^^^^^^^^^^^^^^^^^^^^^^^^^^^^^^^^^
  File "/home/notouriousmma/Documents/Tk/pharmacy/Pharmacy_project/venv/lib/python3.12/site-packages/django/contrib/auth/decorators.py", line 59, in _view_wrapper
    return view_func(request, *args, **kwargs)
           ^^^^^^^^^^^^^^^^^^^^^^^^^^^^^^^^^^^
  File "/home/notouriousmma/Documents/Tk/pharmacy/Pharmacy_project/sales/views.py", line 352, in sales_list
    return render(request, 'sales/sales_list.html', context)
           ^^^^^^^^^^^^^^^^^^^^^^^^^^^^^^^^^^^^^^^^^^^^^^^^^
  File "/home/notouriousmma/Documents/Tk/pharmacy/Pharmacy_project/venv/lib/python3.12/site-packages/django/shortcuts.py", line 25, in render
    content = loader.render_to_string(template_name, context, request, using=using)
              ^^^^^^^^^^^^^^^^^^^^^^^^^^^^^^^^^^^^^^^^^^^^^^^^^^^^^^^^^^^^^^^^^^^^^
  File "/home/notouriousmma/Documents/Tk/pharmacy/Pharmacy_project/venv/lib/python3.12/site-packages/django/template/loader.py", line 61, in render_to_string
    template = get_template(template_name, using=using)
               ^^^^^^^^^^^^^^^^^^^^^^^^^^^^^^^^^^^^^^^^
  File "/home/notouriousmma/Documents/Tk/pharmacy/Pharmacy_project/venv/lib/python3.12/site-packages/django/template/loader.py", line 15, in get_template
    return engine.get_template(template_name)
           ^^^^^^^^^^^^^^^^^^^^^^^^^^^^^^^^^^
  File "/home/notouriousmma/Documents/Tk/pharmacy/Pharmacy_project/venv/lib/python3.12/site-packages/django/template/backends/django.py", line 79, in get_template
    return Template(self.engine.get_template(template_name), self)
                    ^^^^^^^^^^^^^^^^^^^^^^^^^^^^^^^^^^^^^^^
  File "/home/notouriousmma/Documents/Tk/pharmacy/Pharmacy_project/venv/lib/python3.12/site-packages/django/template/engine.py", line 177, in get_template
    template, origin = self.find_template(template_name)
                       ^^^^^^^^^^^^^^^^^^^^^^^^^^^^^^^^^
  File "/home/notouriousmma/Documents/Tk/pharmacy/Pharmacy_project/venv/lib/python3.12/site-packages/django/template/engine.py", line 159, in find_template
    template = loader.get_template(name, skip=skip)
               ^^^^^^^^^^^^^^^^^^^^^^^^^^^^^^^^^^^^
  File "/home/notouriousmma/Documents/Tk/pharmacy/Pharmacy_project/venv/lib/python3.12/site-packages/django/template/loaders/cached.py", line 57, in get_template
    template = super().get_template(template_name, skip)
               ^^^^^^^^^^^^^^^^^^^^^^^^^^^^^^^^^^^^^^^^^
  File "/home/notouriousmma/Documents/Tk/pharmacy/Pharmacy_project/venv/lib/python3.12/site-packages/django/template/loaders/base.py", line 28, in get_template
    return Template(
           ^^^^^^^^^
  File "/home/notouriousmma/Documents/Tk/pharmacy/Pharmacy_project/venv/lib/python3.12/site-packages/django/template/base.py", line 154, in __init__
    self.nodelist = self.compile_nodelist()
                    ^^^^^^^^^^^^^^^^^^^^^^^
  File "/home/notouriousmma/Documents/Tk/pharmacy/Pharmacy_project/venv/lib/python3.12/site-packages/django/template/base.py", line 196, in compile_nodelist
    nodelist = parser.parse()
               ^^^^^^^^^^^^^^
  File "/home/notouriousmma/Documents/Tk/pharmacy/Pharmacy_project/venv/lib/python3.12/site-packages/django/template/base.py", line 518, in parse
    raise self.error(token, e)
  File "/home/notouriousmma/Documents/Tk/pharmacy/Pharmacy_project/venv/lib/python3.12/site-packages/django/template/base.py", line 516, in parse
    compiled_result = compile_func(self, token)
                      ^^^^^^^^^^^^^^^^^^^^^^^^^
  File "/home/notouriousmma/Documents/Tk/pharmacy/Pharmacy_project/venv/lib/python3.12/site-packages/django/template/loader_tags.py", line 299, in do_extends
    nodelist = parser.parse()
               ^^^^^^^^^^^^^^
  File "/home/notouriousmma/Documents/Tk/pharmacy/Pharmacy_project/venv/lib/python3.12/site-packages/django/template/base.py", line 518, in parse
    raise self.error(token, e)
  File "/home/notouriousmma/Documents/Tk/pharmacy/Pharmacy_project/venv/lib/python3.12/site-packages/django/template/base.py", line 516, in parse
    compiled_result = compile_func(self, token)
                      ^^^^^^^^^^^^^^^^^^^^^^^^^
  File "/home/notouriousmma/Documents/Tk/pharmacy/Pharmacy_project/venv/lib/python3.12/site-packages/django/template/loader_tags.py", line 234, in do_block
    nodelist = parser.parse(("endblock",))
               ^^^^^^^^^^^^^^^^^^^^^^^^^^^
  File "/home/notouriousmma/Documents/Tk/pharmacy/Pharmacy_project/venv/lib/python3.12/site-packages/django/template/base.py", line 518, in parse
    raise self.error(token, e)
  File "/home/notouriousmma/Documents/Tk/pharmacy/Pharmacy_project/venv/lib/python3.12/site-packages/django/template/base.py", line 516, in parse
    compiled_result = compile_func(self, token)
                      ^^^^^^^^^^^^^^^^^^^^^^^^^
  File "/home/notouriousmma/Documents/Tk/pharmacy/Pharmacy_project/venv/lib/python3.12/site-packages/django/template/defaulttags.py", line 962, in do_if
    nodelist = parser.parse(("elif", "else", "endif"))
               ^^^^^^^^^^^^^^^^^^^^^^^^^^^^^^^^^^^^^^^
  File "/home/notouriousmma/Documents/Tk/pharmacy/Pharmacy_project/venv/lib/python3.12/site-packages/django/template/base.py", line 489, in parse
    raise self.error(token, e)
  File "/home/notouriousmma/Documents/Tk/pharmacy/Pharmacy_project/venv/lib/python3.12/site-packages/django/template/base.py", line 487, in parse
    filter_expression = self.compile_filter(token.contents)
                        ^^^^^^^^^^^^^^^^^^^^^^^^^^^^^^^^^^^
  File "/home/notouriousmma/Documents/Tk/pharmacy/Pharmacy_project/venv/lib/python3.12/site-packages/django/template/base.py", line 609, in compile_filter
    return FilterExpression(token, self)
           ^^^^^^^^^^^^^^^^^^^^^^^^^^^^^
  File "/home/notouriousmma/Documents/Tk/pharmacy/Pharmacy_project/venv/lib/python3.12/site-packages/django/template/base.py", line 705, in __init__
    filter_func = parser.find_filter(filter_name)
                  ^^^^^^^^^^^^^^^^^^^^^^^^^^^^^^^
  File "/home/notouriousmma/Documents/Tk/pharmacy/Pharmacy_project/venv/lib/python3.12/site-packages/django/template/base.py", line 615, in find_filter
    raise TemplateSyntaxError("Invalid filter: '%s'" % filter_name)
django.template.exceptions.TemplateSyntaxError: Invalid filter: 'sum_field'
ERROR 2025-12-19 21:00:23,716 basehttp "GET /sales/ HTTP/1.1" 500 317572
WARNING 2025-12-19 21:00:24,266 log Not Found: /favicon.ico
INFO 2025-12-19 21:02:18,718 basehttp "GET /sales/ HTTP/1.1" 200 21302
WARNING 2025-12-19 21:02:18,830 basehttp "GET /static/js/main.js HTTP/1.1" 404 1957
WARNING 2025-12-19 21:02:19,778 basehttp "GET /static/js/main.js HTTP/1.1" 404 1957
INFO 2025-12-20 04:47:03,556 autoreload Watching for file changes with StatReloader
INFO 2025-12-20 04:47:46,716 basehttp "GET / HTTP/1.1" 200 13850
INFO 2025-12-20 04:47:47,395 basehttp "GET /static/css/style.css HTTP/1.1" 200 8627
WARNING 2025-12-20 04:47:47,421 basehttp "GET /static/js/main.js HTTP/1.1" 404 1957
WARNING 2025-12-20 04:47:49,331 basehttp "GET /static/js/main.js HTTP/1.1" 404 1957
INFO 2025-12-20 05:06:02,704 autoreload Watching for file changes with StatReloader
INFO 2025-12-20 05:23:39,959 basehttp "GET /sales/pos/ HTTP/1.1" 200 42416
WARNING 2025-12-20 05:23:40,108 basehttp "GET /static/js/main.js HTTP/1.1" 404 1957
WARNING 2025-12-20 05:23:40,459 basehttp "GET /static/js/main.js HTTP/1.1" 404 1957
WARNING 2025-12-20 05:23:40,901 log Not Found: /favicon.ico
INFO 2025-12-20 05:23:45,337 basehttp "GET /inventory/ HTTP/1.1" 200 12911
WARNING 2025-12-20 05:23:45,423 basehttp "GET /static/js/main.js HTTP/1.1" 404 1957
WARNING 2025-12-20 05:23:45,897 basehttp "GET /static/js/main.js HTTP/1.1" 404 1957
INFO 2025-12-20 05:23:50,064 basehttp "GET /inventory/categories/ HTTP/1.1" 200 15430
WARNING 2025-12-20 05:23:50,161 basehttp "GET /static/js/main.js HTTP/1.1" 404 1957
WARNING 2025-12-20 05:23:50,627 basehttp "GET /static/js/main.js HTTP/1.1" 404 1957
WARNING 2025-12-20 05:23:50,649 log Not Found: /favicon.ico
INFO 2025-12-20 05:23:54,879 basehttp "GET /inventory/low-stock/ HTTP/1.1" 200 12330
WARNING 2025-12-20 05:23:54,960 basehttp "GET /static/js/main.js HTTP/1.1" 404 1957
WARNING 2025-12-20 05:23:55,438 basehttp "GET /static/js/main.js HTTP/1.1" 404 1957
ERROR 2025-12-20 05:24:14,417 log Internal Server Error: /inventory/expiring/
Traceback (most recent call last):
  File "/home/notouriousmma/Documents/Tk/pharmacy/Pharmacy_project/venv/lib/python3.12/site-packages/django/core/handlers/exception.py", line 55, in inner
    response = get_response(request)
               ^^^^^^^^^^^^^^^^^^^^^
  File "/home/notouriousmma/Documents/Tk/pharmacy/Pharmacy_project/venv/lib/python3.12/site-packages/django/core/handlers/base.py", line 197, in _get_response
    response = wrapped_callback(request, *callback_args, **callback_kwargs)
               ^^^^^^^^^^^^^^^^^^^^^^^^^^^^^^^^^^^^^^^^^^^^^^^^^^^^^^^^^^^^
  File "/home/notouriousmma/Documents/Tk/pharmacy/Pharmacy_project/venv/lib/python3.12/site-packages/django/contrib/auth/decorators.py", line 59, in _view_wrapper
    return view_func(request, *args, **kwargs)
           ^^^^^^^^^^^^^^^^^^^^^^^^^^^^^^^^^^^
  File "/home/notouriousmma/Documents/Tk/pharmacy/Pharmacy_project/inventory/views.py", line 406, in expiring_medicines
    return render(request, 'inventory/expiring.html', context)
           ^^^^^^^^^^^^^^^^^^^^^^^^^^^^^^^^^^^^^^^^^^^^^^^^^^^
  File "/home/notouriousmma/Documents/Tk/pharmacy/Pharmacy_project/venv/lib/python3.12/site-packages/django/shortcuts.py", line 25, in render
    content = loader.render_to_string(template_name, context, request, using=using)
              ^^^^^^^^^^^^^^^^^^^^^^^^^^^^^^^^^^^^^^^^^^^^^^^^^^^^^^^^^^^^^^^^^^^^^
  File "/home/notouriousmma/Documents/Tk/pharmacy/Pharmacy_project/venv/lib/python3.12/site-packages/django/template/loader.py", line 61, in render_to_string
    template = get_template(template_name, using=using)
               ^^^^^^^^^^^^^^^^^^^^^^^^^^^^^^^^^^^^^^^^
  File "/home/notouriousmma/Documents/Tk/pharmacy/Pharmacy_project/venv/lib/python3.12/site-packages/django/template/loader.py", line 15, in get_template
    return engine.get_template(template_name)
           ^^^^^^^^^^^^^^^^^^^^^^^^^^^^^^^^^^
  File "/home/notouriousmma/Documents/Tk/pharmacy/Pharmacy_project/venv/lib/python3.12/site-packages/django/template/backends/django.py", line 79, in get_template
    return Template(self.engine.get_template(template_name), self)
                    ^^^^^^^^^^^^^^^^^^^^^^^^^^^^^^^^^^^^^^^
  File "/home/notouriousmma/Documents/Tk/pharmacy/Pharmacy_project/venv/lib/python3.12/site-packages/django/template/engine.py", line 177, in get_template
    template, origin = self.find_template(template_name)
                       ^^^^^^^^^^^^^^^^^^^^^^^^^^^^^^^^^
  File "/home/notouriousmma/Documents/Tk/pharmacy/Pharmacy_project/venv/lib/python3.12/site-packages/django/template/engine.py", line 159, in find_template
    template = loader.get_template(name, skip=skip)
               ^^^^^^^^^^^^^^^^^^^^^^^^^^^^^^^^^^^^
  File "/home/notouriousmma/Documents/Tk/pharmacy/Pharmacy_project/venv/lib/python3.12/site-packages/django/template/loaders/cached.py", line 57, in get_template
    template = super().get_template(template_name, skip)
               ^^^^^^^^^^^^^^^^^^^^^^^^^^^^^^^^^^^^^^^^^
  File "/home/notouriousmma/Documents/Tk/pharmacy/Pharmacy_project/venv/lib/python3.12/site-packages/django/template/loaders/base.py", line 28, in get_template
    return Template(
           ^^^^^^^^^
  File "/home/notouriousmma/Documents/Tk/pharmacy/Pharmacy_project/venv/lib/python3.12/site-packages/django/template/base.py", line 154, in __init__
    self.nodelist = self.compile_nodelist()
                    ^^^^^^^^^^^^^^^^^^^^^^^
  File "/home/notouriousmma/Documents/Tk/pharmacy/Pharmacy_project/venv/lib/python3.12/site-packages/django/template/base.py", line 196, in compile_nodelist
    nodelist = parser.parse()
               ^^^^^^^^^^^^^^
  File "/home/notouriousmma/Documents/Tk/pharmacy/Pharmacy_project/venv/lib/python3.12/site-packages/django/template/base.py", line 518, in parse
    raise self.error(token, e)
  File "/home/notouriousmma/Documents/Tk/pharmacy/Pharmacy_project/venv/lib/python3.12/site-packages/django/template/base.py", line 516, in parse
    compiled_result = compile_func(self, token)
                      ^^^^^^^^^^^^^^^^^^^^^^^^^
  File "/home/notouriousmma/Documents/Tk/pharmacy/Pharmacy_project/venv/lib/python3.12/site-packages/django/template/loader_tags.py", line 299, in do_extends
    nodelist = parser.parse()
               ^^^^^^^^^^^^^^
  File "/home/notouriousmma/Documents/Tk/pharmacy/Pharmacy_project/venv/lib/python3.12/site-packages/django/template/base.py", line 518, in parse
    raise self.error(token, e)
  File "/home/notouriousmma/Documents/Tk/pharmacy/Pharmacy_project/venv/lib/python3.12/site-packages/django/template/base.py", line 516, in parse
    compiled_result = compile_func(self, token)
                      ^^^^^^^^^^^^^^^^^^^^^^^^^
  File "/home/notouriousmma/Documents/Tk/pharmacy/Pharmacy_project/venv/lib/python3.12/site-packages/django/template/loader_tags.py", line 234, in do_block
    nodelist = parser.parse(("endblock",))
               ^^^^^^^^^^^^^^^^^^^^^^^^^^^
  File "/home/notouriousmma/Documents/Tk/pharmacy/Pharmacy_project/venv/lib/python3.12/site-packages/django/template/base.py", line 518, in parse
    raise self.error(token, e)
  File "/home/notouriousmma/Documents/Tk/pharmacy/Pharmacy_project/venv/lib/python3.12/site-packages/django/template/base.py", line 516, in parse
    compiled_result = compile_func(self, token)
                      ^^^^^^^^^^^^^^^^^^^^^^^^^
  File "/home/notouriousmma/Documents/Tk/pharmacy/Pharmacy_project/venv/lib/python3.12/site-packages/django/template/defaulttags.py", line 962, in do_if
    nodelist = parser.parse(("elif", "else", "endif"))
               ^^^^^^^^^^^^^^^^^^^^^^^^^^^^^^^^^^^^^^^
  File "/home/notouriousmma/Documents/Tk/pharmacy/Pharmacy_project/venv/lib/python3.12/site-packages/django/template/base.py", line 518, in parse
    raise self.error(token, e)
  File "/home/notouriousmma/Documents/Tk/pharmacy/Pharmacy_project/venv/lib/python3.12/site-packages/django/template/base.py", line 516, in parse
    compiled_result = compile_func(self, token)
                      ^^^^^^^^^^^^^^^^^^^^^^^^^
  File "/home/notouriousmma/Documents/Tk/pharmacy/Pharmacy_project/venv/lib/python3.12/site-packages/django/template/defaulttags.py", line 862, in do_for
    nodelist_loop = parser.parse(
                    ^^^^^^^^^^^^^
  File "/home/notouriousmma/Documents/Tk/pharmacy/Pharmacy_project/venv/lib/python3.12/site-packages/django/template/base.py", line 489, in parse
    raise self.error(token, e)
  File "/home/notouriousmma/Documents/Tk/pharmacy/Pharmacy_project/venv/lib/python3.12/site-packages/django/template/base.py", line 487, in parse
    filter_expression = self.compile_filter(token.contents)
                        ^^^^^^^^^^^^^^^^^^^^^^^^^^^^^^^^^^^
  File "/home/notouriousmma/Documents/Tk/pharmacy/Pharmacy_project/venv/lib/python3.12/site-packages/django/template/base.py", line 609, in compile_filter
    return FilterExpression(token, self)
           ^^^^^^^^^^^^^^^^^^^^^^^^^^^^^
  File "/home/notouriousmma/Documents/Tk/pharmacy/Pharmacy_project/venv/lib/python3.12/site-packages/django/template/base.py", line 705, in __init__
    filter_func = parser.find_filter(filter_name)
                  ^^^^^^^^^^^^^^^^^^^^^^^^^^^^^^^
  File "/home/notouriousmma/Documents/Tk/pharmacy/Pharmacy_project/venv/lib/python3.12/site-packages/django/template/base.py", line 615, in find_filter
    raise TemplateSyntaxError("Invalid filter: '%s'" % filter_name)
django.template.exceptions.TemplateSyntaxError: Invalid filter: 'abs'
ERROR 2025-12-20 05:24:14,439 basehttp "GET /inventory/expiring/ HTTP/1.1" 500 334448
WARNING 2025-12-20 05:24:14,577 log Not Found: /favicon.ico
ERROR 2025-12-20 05:28:08,620 log Internal Server Error: /inventory/expiring/
Traceback (most recent call last):
  File "/home/notouriousmma/Documents/Tk/pharmacy/Pharmacy_project/venv/lib/python3.12/site-packages/django/template/defaulttags.py", line 1035, in find_library
    return parser.libraries[name]
           ~~~~~~~~~~~~~~~~^^^^^^
KeyError: 'custom_filters'

During handling of the above exception, another exception occurred:

Traceback (most recent call last):
  File "/home/notouriousmma/Documents/Tk/pharmacy/Pharmacy_project/venv/lib/python3.12/site-packages/django/core/handlers/exception.py", line 55, in inner
    response = get_response(request)
               ^^^^^^^^^^^^^^^^^^^^^
  File "/home/notouriousmma/Documents/Tk/pharmacy/Pharmacy_project/venv/lib/python3.12/site-packages/django/core/handlers/base.py", line 197, in _get_response
    response = wrapped_callback(request, *callback_args, **callback_kwargs)
               ^^^^^^^^^^^^^^^^^^^^^^^^^^^^^^^^^^^^^^^^^^^^^^^^^^^^^^^^^^^^
  File "/home/notouriousmma/Documents/Tk/pharmacy/Pharmacy_project/venv/lib/python3.12/site-packages/django/contrib/auth/decorators.py", line 59, in _view_wrapper
    return view_func(request, *args, **kwargs)
           ^^^^^^^^^^^^^^^^^^^^^^^^^^^^^^^^^^^
  File "/home/notouriousmma/Documents/Tk/pharmacy/Pharmacy_project/inventory/views.py", line 406, in expiring_medicines
    return render(request, 'inventory/expiring.html', context)
           ^^^^^^^^^^^^^^^^^^^^^^^^^^^^^^^^^^^^^^^^^^^^^^^^^^^
  File "/home/notouriousmma/Documents/Tk/pharmacy/Pharmacy_project/venv/lib/python3.12/site-packages/django/shortcuts.py", line 25, in render
    content = loader.render_to_string(template_name, context, request, using=using)
              ^^^^^^^^^^^^^^^^^^^^^^^^^^^^^^^^^^^^^^^^^^^^^^^^^^^^^^^^^^^^^^^^^^^^^
  File "/home/notouriousmma/Documents/Tk/pharmacy/Pharmacy_project/venv/lib/python3.12/site-packages/django/template/loader.py", line 61, in render_to_string
    template = get_template(template_name, using=using)
               ^^^^^^^^^^^^^^^^^^^^^^^^^^^^^^^^^^^^^^^^
  File "/home/notouriousmma/Documents/Tk/pharmacy/Pharmacy_project/venv/lib/python3.12/site-packages/django/template/loader.py", line 15, in get_template
    return engine.get_template(template_name)
           ^^^^^^^^^^^^^^^^^^^^^^^^^^^^^^^^^^
  File "/home/notouriousmma/Documents/Tk/pharmacy/Pharmacy_project/venv/lib/python3.12/site-packages/django/template/backends/django.py", line 79, in get_template
    return Template(self.engine.get_template(template_name), self)
                    ^^^^^^^^^^^^^^^^^^^^^^^^^^^^^^^^^^^^^^^
  File "/home/notouriousmma/Documents/Tk/pharmacy/Pharmacy_project/venv/lib/python3.12/site-packages/django/template/engine.py", line 177, in get_template
    template, origin = self.find_template(template_name)
                       ^^^^^^^^^^^^^^^^^^^^^^^^^^^^^^^^^
  File "/home/notouriousmma/Documents/Tk/pharmacy/Pharmacy_project/venv/lib/python3.12/site-packages/django/template/engine.py", line 159, in find_template
    template = loader.get_template(name, skip=skip)
               ^^^^^^^^^^^^^^^^^^^^^^^^^^^^^^^^^^^^
  File "/home/notouriousmma/Documents/Tk/pharmacy/Pharmacy_project/venv/lib/python3.12/site-packages/django/template/loaders/cached.py", line 57, in get_template
    template = super().get_template(template_name, skip)
               ^^^^^^^^^^^^^^^^^^^^^^^^^^^^^^^^^^^^^^^^^
  File "/home/notouriousmma/Documents/Tk/pharmacy/Pharmacy_project/venv/lib/python3.12/site-packages/django/template/loaders/base.py", line 28, in get_template
    return Template(
           ^^^^^^^^^
  File "/home/notouriousmma/Documents/Tk/pharmacy/Pharmacy_project/venv/lib/python3.12/site-packages/django/template/base.py", line 154, in __init__
    self.nodelist = self.compile_nodelist()
                    ^^^^^^^^^^^^^^^^^^^^^^^
  File "/home/notouriousmma/Documents/Tk/pharmacy/Pharmacy_project/venv/lib/python3.12/site-packages/django/template/base.py", line 196, in compile_nodelist
    nodelist = parser.parse()
               ^^^^^^^^^^^^^^
  File "/home/notouriousmma/Documents/Tk/pharmacy/Pharmacy_project/venv/lib/python3.12/site-packages/django/template/base.py", line 518, in parse
    raise self.error(token, e)
  File "/home/notouriousmma/Documents/Tk/pharmacy/Pharmacy_project/venv/lib/python3.12/site-packages/django/template/base.py", line 516, in parse
    compiled_result = compile_func(self, token)
                      ^^^^^^^^^^^^^^^^^^^^^^^^^
  File "/home/notouriousmma/Documents/Tk/pharmacy/Pharmacy_project/venv/lib/python3.12/site-packages/django/template/loader_tags.py", line 299, in do_extends
    nodelist = parser.parse()
               ^^^^^^^^^^^^^^
  File "/home/notouriousmma/Documents/Tk/pharmacy/Pharmacy_project/venv/lib/python3.12/site-packages/django/template/base.py", line 518, in parse
    raise self.error(token, e)
  File "/home/notouriousmma/Documents/Tk/pharmacy/Pharmacy_project/venv/lib/python3.12/site-packages/django/template/base.py", line 516, in parse
    compiled_result = compile_func(self, token)
                      ^^^^^^^^^^^^^^^^^^^^^^^^^
  File "/home/notouriousmma/Documents/Tk/pharmacy/Pharmacy_project/venv/lib/python3.12/site-packages/django/template/loader_tags.py", line 234, in do_block
    nodelist = parser.parse(("endblock",))
               ^^^^^^^^^^^^^^^^^^^^^^^^^^^
  File "/home/notouriousmma/Documents/Tk/pharmacy/Pharmacy_project/venv/lib/python3.12/site-packages/django/template/base.py", line 518, in parse
    raise self.error(token, e)
  File "/home/notouriousmma/Documents/Tk/pharmacy/Pharmacy_project/venv/lib/python3.12/site-packages/django/template/base.py", line 516, in parse
    compiled_result = compile_func(self, token)
                      ^^^^^^^^^^^^^^^^^^^^^^^^^
  File "/home/notouriousmma/Documents/Tk/pharmacy/Pharmacy_project/venv/lib/python3.12/site-packages/django/template/defaulttags.py", line 1097, in load
    lib = find_library(parser, name)
          ^^^^^^^^^^^^^^^^^^^^^^^^^^
  File "/home/notouriousmma/Documents/Tk/pharmacy/Pharmacy_project/venv/lib/python3.12/site-packages/django/template/defaulttags.py", line 1037, in find_library
    raise TemplateSyntaxError(
django.template.exceptions.TemplateSyntaxError: 'custom_filters' is not a registered tag library. Must be one of:
admin_list
admin_modify
admin_urls
cache
i18n
l10n
log
rest_framework
static
tz
ERROR 2025-12-20 05:28:08,633 basehttp "GET /inventory/expiring/ HTTP/1.1" 500 210979
WARNING 2025-12-20 05:28:08,923 log Not Found: /favicon.ico
INFO 2025-12-20 05:31:44,942 autoreload /home/notouriousmma/Documents/Tk/pharmacy/Pharmacy_project/inventory/views.py changed, reloading.
INFO 2025-12-20 05:31:47,413 autoreload Watching for file changes with StatReloader
ERROR 2025-12-20 05:31:53,394 log Internal Server Error: /inventory/expiring/
Traceback (most recent call last):
  File "/home/notouriousmma/Documents/Tk/pharmacy/Pharmacy_project/venv/lib/python3.12/site-packages/django/template/defaulttags.py", line 1035, in find_library
    return parser.libraries[name]
           ~~~~~~~~~~~~~~~~^^^^^^
KeyError: 'custom_filters'

During handling of the above exception, another exception occurred:

Traceback (most recent call last):
  File "/home/notouriousmma/Documents/Tk/pharmacy/Pharmacy_project/venv/lib/python3.12/site-packages/django/core/handlers/exception.py", line 55, in inner
    response = get_response(request)
               ^^^^^^^^^^^^^^^^^^^^^
  File "/home/notouriousmma/Documents/Tk/pharmacy/Pharmacy_project/venv/lib/python3.12/site-packages/django/core/handlers/base.py", line 197, in _get_response
    response = wrapped_callback(request, *callback_args, **callback_kwargs)
               ^^^^^^^^^^^^^^^^^^^^^^^^^^^^^^^^^^^^^^^^^^^^^^^^^^^^^^^^^^^^
  File "/home/notouriousmma/Documents/Tk/pharmacy/Pharmacy_project/venv/lib/python3.12/site-packages/django/contrib/auth/decorators.py", line 59, in _view_wrapper
    return view_func(request, *args, **kwargs)
           ^^^^^^^^^^^^^^^^^^^^^^^^^^^^^^^^^^^
  File "/home/notouriousmma/Documents/Tk/pharmacy/Pharmacy_project/inventory/views.py", line 423, in expiring_medicines
    return render(request, 'inventory/expiring.html', context)
           ^^^^^^^^^^^^^^^^^^^^^^^^^^^^^^^^^^^^^^^^^^^^^^^^^^^
  File "/home/notouriousmma/Documents/Tk/pharmacy/Pharmacy_project/venv/lib/python3.12/site-packages/django/shortcuts.py", line 25, in render
    content = loader.render_to_string(template_name, context, request, using=using)
              ^^^^^^^^^^^^^^^^^^^^^^^^^^^^^^^^^^^^^^^^^^^^^^^^^^^^^^^^^^^^^^^^^^^^^
  File "/home/notouriousmma/Documents/Tk/pharmacy/Pharmacy_project/venv/lib/python3.12/site-packages/django/template/loader.py", line 61, in render_to_string
    template = get_template(template_name, using=using)
               ^^^^^^^^^^^^^^^^^^^^^^^^^^^^^^^^^^^^^^^^
  File "/home/notouriousmma/Documents/Tk/pharmacy/Pharmacy_project/venv/lib/python3.12/site-packages/django/template/loader.py", line 15, in get_template
    return engine.get_template(template_name)
           ^^^^^^^^^^^^^^^^^^^^^^^^^^^^^^^^^^
  File "/home/notouriousmma/Documents/Tk/pharmacy/Pharmacy_project/venv/lib/python3.12/site-packages/django/template/backends/django.py", line 79, in get_template
    return Template(self.engine.get_template(template_name), self)
                    ^^^^^^^^^^^^^^^^^^^^^^^^^^^^^^^^^^^^^^^
  File "/home/notouriousmma/Documents/Tk/pharmacy/Pharmacy_project/venv/lib/python3.12/site-packages/django/template/engine.py", line 177, in get_template
    template, origin = self.find_template(template_name)
                       ^^^^^^^^^^^^^^^^^^^^^^^^^^^^^^^^^
  File "/home/notouriousmma/Documents/Tk/pharmacy/Pharmacy_project/venv/lib/python3.12/site-packages/django/template/engine.py", line 159, in find_template
    template = loader.get_template(name, skip=skip)
               ^^^^^^^^^^^^^^^^^^^^^^^^^^^^^^^^^^^^
  File "/home/notouriousmma/Documents/Tk/pharmacy/Pharmacy_project/venv/lib/python3.12/site-packages/django/template/loaders/cached.py", line 57, in get_template
    template = super().get_template(template_name, skip)
               ^^^^^^^^^^^^^^^^^^^^^^^^^^^^^^^^^^^^^^^^^
  File "/home/notouriousmma/Documents/Tk/pharmacy/Pharmacy_project/venv/lib/python3.12/site-packages/django/template/loaders/base.py", line 28, in get_template
    return Template(
           ^^^^^^^^^
  File "/home/notouriousmma/Documents/Tk/pharmacy/Pharmacy_project/venv/lib/python3.12/site-packages/django/template/base.py", line 154, in __init__
    self.nodelist = self.compile_nodelist()
                    ^^^^^^^^^^^^^^^^^^^^^^^
  File "/home/notouriousmma/Documents/Tk/pharmacy/Pharmacy_project/venv/lib/python3.12/site-packages/django/template/base.py", line 196, in compile_nodelist
    nodelist = parser.parse()
               ^^^^^^^^^^^^^^
  File "/home/notouriousmma/Documents/Tk/pharmacy/Pharmacy_project/venv/lib/python3.12/site-packages/django/template/base.py", line 518, in parse
    raise self.error(token, e)
  File "/home/notouriousmma/Documents/Tk/pharmacy/Pharmacy_project/venv/lib/python3.12/site-packages/django/template/base.py", line 516, in parse
    compiled_result = compile_func(self, token)
                      ^^^^^^^^^^^^^^^^^^^^^^^^^
  File "/home/notouriousmma/Documents/Tk/pharmacy/Pharmacy_project/venv/lib/python3.12/site-packages/django/template/loader_tags.py", line 299, in do_extends
    nodelist = parser.parse()
               ^^^^^^^^^^^^^^
  File "/home/notouriousmma/Documents/Tk/pharmacy/Pharmacy_project/venv/lib/python3.12/site-packages/django/template/base.py", line 518, in parse
    raise self.error(token, e)
  File "/home/notouriousmma/Documents/Tk/pharmacy/Pharmacy_project/venv/lib/python3.12/site-packages/django/template/base.py", line 516, in parse
    compiled_result = compile_func(self, token)
                      ^^^^^^^^^^^^^^^^^^^^^^^^^
  File "/home/notouriousmma/Documents/Tk/pharmacy/Pharmacy_project/venv/lib/python3.12/site-packages/django/template/loader_tags.py", line 234, in do_block
    nodelist = parser.parse(("endblock",))
               ^^^^^^^^^^^^^^^^^^^^^^^^^^^
  File "/home/notouriousmma/Documents/Tk/pharmacy/Pharmacy_project/venv/lib/python3.12/site-packages/django/template/base.py", line 518, in parse
    raise self.error(token, e)
  File "/home/notouriousmma/Documents/Tk/pharmacy/Pharmacy_project/venv/lib/python3.12/site-packages/django/template/base.py", line 516, in parse
    compiled_result = compile_func(self, token)
                      ^^^^^^^^^^^^^^^^^^^^^^^^^
  File "/home/notouriousmma/Documents/Tk/pharmacy/Pharmacy_project/venv/lib/python3.12/site-packages/django/template/defaulttags.py", line 1097, in load
    lib = find_library(parser, name)
          ^^^^^^^^^^^^^^^^^^^^^^^^^^
  File "/home/notouriousmma/Documents/Tk/pharmacy/Pharmacy_project/venv/lib/python3.12/site-packages/django/template/defaulttags.py", line 1037, in find_library
    raise TemplateSyntaxError(
django.template.exceptions.TemplateSyntaxError: 'custom_filters' is not a registered tag library. Must be one of:
admin_list
admin_modify
admin_urls
cache
i18n
l10n
log
rest_framework
static
tz
ERROR 2025-12-20 05:31:53,399 basehttp "GET /inventory/expiring/ HTTP/1.1" 500 211137
ERROR 2025-12-20 05:31:55,015 log Internal Server Error: /inventory/expiring/
Traceback (most recent call last):
  File "/home/notouriousmma/Documents/Tk/pharmacy/Pharmacy_project/venv/lib/python3.12/site-packages/django/template/defaulttags.py", line 1035, in find_library
    return parser.libraries[name]
           ~~~~~~~~~~~~~~~~^^^^^^
KeyError: 'custom_filters'

During handling of the above exception, another exception occurred:

Traceback (most recent call last):
  File "/home/notouriousmma/Documents/Tk/pharmacy/Pharmacy_project/venv/lib/python3.12/site-packages/django/core/handlers/exception.py", line 55, in inner
    response = get_response(request)
               ^^^^^^^^^^^^^^^^^^^^^
  File "/home/notouriousmma/Documents/Tk/pharmacy/Pharmacy_project/venv/lib/python3.12/site-packages/django/core/handlers/base.py", line 197, in _get_response
    response = wrapped_callback(request, *callback_args, **callback_kwargs)
               ^^^^^^^^^^^^^^^^^^^^^^^^^^^^^^^^^^^^^^^^^^^^^^^^^^^^^^^^^^^^
  File "/home/notouriousmma/Documents/Tk/pharmacy/Pharmacy_project/venv/lib/python3.12/site-packages/django/contrib/auth/decorators.py", line 59, in _view_wrapper
    return view_func(request, *args, **kwargs)
           ^^^^^^^^^^^^^^^^^^^^^^^^^^^^^^^^^^^
  File "/home/notouriousmma/Documents/Tk/pharmacy/Pharmacy_project/inventory/views.py", line 423, in expiring_medicines
    return render(request, 'inventory/expiring.html', context)
           ^^^^^^^^^^^^^^^^^^^^^^^^^^^^^^^^^^^^^^^^^^^^^^^^^^^
  File "/home/notouriousmma/Documents/Tk/pharmacy/Pharmacy_project/venv/lib/python3.12/site-packages/django/shortcuts.py", line 25, in render
    content = loader.render_to_string(template_name, context, request, using=using)
              ^^^^^^^^^^^^^^^^^^^^^^^^^^^^^^^^^^^^^^^^^^^^^^^^^^^^^^^^^^^^^^^^^^^^^
  File "/home/notouriousmma/Documents/Tk/pharmacy/Pharmacy_project/venv/lib/python3.12/site-packages/django/template/loader.py", line 61, in render_to_string
    template = get_template(template_name, using=using)
               ^^^^^^^^^^^^^^^^^^^^^^^^^^^^^^^^^^^^^^^^
  File "/home/notouriousmma/Documents/Tk/pharmacy/Pharmacy_project/venv/lib/python3.12/site-packages/django/template/loader.py", line 15, in get_template
    return engine.get_template(template_name)
           ^^^^^^^^^^^^^^^^^^^^^^^^^^^^^^^^^^
  File "/home/notouriousmma/Documents/Tk/pharmacy/Pharmacy_project/venv/lib/python3.12/site-packages/django/template/backends/django.py", line 79, in get_template
    return Template(self.engine.get_template(template_name), self)
                    ^^^^^^^^^^^^^^^^^^^^^^^^^^^^^^^^^^^^^^^
  File "/home/notouriousmma/Documents/Tk/pharmacy/Pharmacy_project/venv/lib/python3.12/site-packages/django/template/engine.py", line 177, in get_template
    template, origin = self.find_template(template_name)
                       ^^^^^^^^^^^^^^^^^^^^^^^^^^^^^^^^^
  File "/home/notouriousmma/Documents/Tk/pharmacy/Pharmacy_project/venv/lib/python3.12/site-packages/django/template/engine.py", line 159, in find_template
    template = loader.get_template(name, skip=skip)
               ^^^^^^^^^^^^^^^^^^^^^^^^^^^^^^^^^^^^
  File "/home/notouriousmma/Documents/Tk/pharmacy/Pharmacy_project/venv/lib/python3.12/site-packages/django/template/loaders/cached.py", line 57, in get_template
    template = super().get_template(template_name, skip)
               ^^^^^^^^^^^^^^^^^^^^^^^^^^^^^^^^^^^^^^^^^
  File "/home/notouriousmma/Documents/Tk/pharmacy/Pharmacy_project/venv/lib/python3.12/site-packages/django/template/loaders/base.py", line 28, in get_template
    return Template(
           ^^^^^^^^^
  File "/home/notouriousmma/Documents/Tk/pharmacy/Pharmacy_project/venv/lib/python3.12/site-packages/django/template/base.py", line 154, in __init__
    self.nodelist = self.compile_nodelist()
                    ^^^^^^^^^^^^^^^^^^^^^^^
  File "/home/notouriousmma/Documents/Tk/pharmacy/Pharmacy_project/venv/lib/python3.12/site-packages/django/template/base.py", line 196, in compile_nodelist
    nodelist = parser.parse()
               ^^^^^^^^^^^^^^
  File "/home/notouriousmma/Documents/Tk/pharmacy/Pharmacy_project/venv/lib/python3.12/site-packages/django/template/base.py", line 518, in parse
    raise self.error(token, e)
  File "/home/notouriousmma/Documents/Tk/pharmacy/Pharmacy_project/venv/lib/python3.12/site-packages/django/template/base.py", line 516, in parse
    compiled_result = compile_func(self, token)
                      ^^^^^^^^^^^^^^^^^^^^^^^^^
  File "/home/notouriousmma/Documents/Tk/pharmacy/Pharmacy_project/venv/lib/python3.12/site-packages/django/template/loader_tags.py", line 299, in do_extends
    nodelist = parser.parse()
               ^^^^^^^^^^^^^^
  File "/home/notouriousmma/Documents/Tk/pharmacy/Pharmacy_project/venv/lib/python3.12/site-packages/django/template/base.py", line 518, in parse
    raise self.error(token, e)
  File "/home/notouriousmma/Documents/Tk/pharmacy/Pharmacy_project/venv/lib/python3.12/site-packages/django/template/base.py", line 516, in parse
    compiled_result = compile_func(self, token)
                      ^^^^^^^^^^^^^^^^^^^^^^^^^
  File "/home/notouriousmma/Documents/Tk/pharmacy/Pharmacy_project/venv/lib/python3.12/site-packages/django/template/loader_tags.py", line 234, in do_block
    nodelist = parser.parse(("endblock",))
               ^^^^^^^^^^^^^^^^^^^^^^^^^^^
  File "/home/notouriousmma/Documents/Tk/pharmacy/Pharmacy_project/venv/lib/python3.12/site-packages/django/template/base.py", line 518, in parse
    raise self.error(token, e)
  File "/home/notouriousmma/Documents/Tk/pharmacy/Pharmacy_project/venv/lib/python3.12/site-packages/django/template/base.py", line 516, in parse
    compiled_result = compile_func(self, token)
                      ^^^^^^^^^^^^^^^^^^^^^^^^^
  File "/home/notouriousmma/Documents/Tk/pharmacy/Pharmacy_project/venv/lib/python3.12/site-packages/django/template/defaulttags.py", line 1097, in load
    lib = find_library(parser, name)
          ^^^^^^^^^^^^^^^^^^^^^^^^^^
  File "/home/notouriousmma/Documents/Tk/pharmacy/Pharmacy_project/venv/lib/python3.12/site-packages/django/template/defaulttags.py", line 1037, in find_library
    raise TemplateSyntaxError(
django.template.exceptions.TemplateSyntaxError: 'custom_filters' is not a registered tag library. Must be one of:
admin_list
admin_modify
admin_urls
cache
i18n
l10n
log
rest_framework
static
tz
ERROR 2025-12-20 05:31:55,019 basehttp "GET /inventory/expiring/ HTTP/1.1" 500 211137
ERROR 2025-12-20 05:32:02,792 log Internal Server Error: /inventory/expiring/
Traceback (most recent call last):
  File "/home/notouriousmma/Documents/Tk/pharmacy/Pharmacy_project/venv/lib/python3.12/site-packages/django/template/defaulttags.py", line 1035, in find_library
    return parser.libraries[name]
           ~~~~~~~~~~~~~~~~^^^^^^
KeyError: 'custom_filters'

During handling of the above exception, another exception occurred:

Traceback (most recent call last):
  File "/home/notouriousmma/Documents/Tk/pharmacy/Pharmacy_project/venv/lib/python3.12/site-packages/django/core/handlers/exception.py", line 55, in inner
    response = get_response(request)
               ^^^^^^^^^^^^^^^^^^^^^
  File "/home/notouriousmma/Documents/Tk/pharmacy/Pharmacy_project/venv/lib/python3.12/site-packages/django/core/handlers/base.py", line 197, in _get_response
    response = wrapped_callback(request, *callback_args, **callback_kwargs)
               ^^^^^^^^^^^^^^^^^^^^^^^^^^^^^^^^^^^^^^^^^^^^^^^^^^^^^^^^^^^^
  File "/home/notouriousmma/Documents/Tk/pharmacy/Pharmacy_project/venv/lib/python3.12/site-packages/django/contrib/auth/decorators.py", line 59, in _view_wrapper
    return view_func(request, *args, **kwargs)
           ^^^^^^^^^^^^^^^^^^^^^^^^^^^^^^^^^^^
  File "/home/notouriousmma/Documents/Tk/pharmacy/Pharmacy_project/inventory/views.py", line 423, in expiring_medicines
    return render(request, 'inventory/expiring.html', context)
           ^^^^^^^^^^^^^^^^^^^^^^^^^^^^^^^^^^^^^^^^^^^^^^^^^^^
  File "/home/notouriousmma/Documents/Tk/pharmacy/Pharmacy_project/venv/lib/python3.12/site-packages/django/shortcuts.py", line 25, in render
    content = loader.render_to_string(template_name, context, request, using=using)
              ^^^^^^^^^^^^^^^^^^^^^^^^^^^^^^^^^^^^^^^^^^^^^^^^^^^^^^^^^^^^^^^^^^^^^
  File "/home/notouriousmma/Documents/Tk/pharmacy/Pharmacy_project/venv/lib/python3.12/site-packages/django/template/loader.py", line 61, in render_to_string
    template = get_template(template_name, using=using)
               ^^^^^^^^^^^^^^^^^^^^^^^^^^^^^^^^^^^^^^^^
  File "/home/notouriousmma/Documents/Tk/pharmacy/Pharmacy_project/venv/lib/python3.12/site-packages/django/template/loader.py", line 15, in get_template
    return engine.get_template(template_name)
           ^^^^^^^^^^^^^^^^^^^^^^^^^^^^^^^^^^
  File "/home/notouriousmma/Documents/Tk/pharmacy/Pharmacy_project/venv/lib/python3.12/site-packages/django/template/backends/django.py", line 79, in get_template
    return Template(self.engine.get_template(template_name), self)
                    ^^^^^^^^^^^^^^^^^^^^^^^^^^^^^^^^^^^^^^^
  File "/home/notouriousmma/Documents/Tk/pharmacy/Pharmacy_project/venv/lib/python3.12/site-packages/django/template/engine.py", line 177, in get_template
    template, origin = self.find_template(template_name)
                       ^^^^^^^^^^^^^^^^^^^^^^^^^^^^^^^^^
  File "/home/notouriousmma/Documents/Tk/pharmacy/Pharmacy_project/venv/lib/python3.12/site-packages/django/template/engine.py", line 159, in find_template
    template = loader.get_template(name, skip=skip)
               ^^^^^^^^^^^^^^^^^^^^^^^^^^^^^^^^^^^^
  File "/home/notouriousmma/Documents/Tk/pharmacy/Pharmacy_project/venv/lib/python3.12/site-packages/django/template/loaders/cached.py", line 57, in get_template
    template = super().get_template(template_name, skip)
               ^^^^^^^^^^^^^^^^^^^^^^^^^^^^^^^^^^^^^^^^^
  File "/home/notouriousmma/Documents/Tk/pharmacy/Pharmacy_project/venv/lib/python3.12/site-packages/django/template/loaders/base.py", line 28, in get_template
    return Template(
           ^^^^^^^^^
  File "/home/notouriousmma/Documents/Tk/pharmacy/Pharmacy_project/venv/lib/python3.12/site-packages/django/template/base.py", line 154, in __init__
    self.nodelist = self.compile_nodelist()
                    ^^^^^^^^^^^^^^^^^^^^^^^
  File "/home/notouriousmma/Documents/Tk/pharmacy/Pharmacy_project/venv/lib/python3.12/site-packages/django/template/base.py", line 196, in compile_nodelist
    nodelist = parser.parse()
               ^^^^^^^^^^^^^^
  File "/home/notouriousmma/Documents/Tk/pharmacy/Pharmacy_project/venv/lib/python3.12/site-packages/django/template/base.py", line 518, in parse
    raise self.error(token, e)
  File "/home/notouriousmma/Documents/Tk/pharmacy/Pharmacy_project/venv/lib/python3.12/site-packages/django/template/base.py", line 516, in parse
    compiled_result = compile_func(self, token)
                      ^^^^^^^^^^^^^^^^^^^^^^^^^
  File "/home/notouriousmma/Documents/Tk/pharmacy/Pharmacy_project/venv/lib/python3.12/site-packages/django/template/loader_tags.py", line 299, in do_extends
    nodelist = parser.parse()
               ^^^^^^^^^^^^^^
  File "/home/notouriousmma/Documents/Tk/pharmacy/Pharmacy_project/venv/lib/python3.12/site-packages/django/template/base.py", line 518, in parse
    raise self.error(token, e)
  File "/home/notouriousmma/Documents/Tk/pharmacy/Pharmacy_project/venv/lib/python3.12/site-packages/django/template/base.py", line 516, in parse
    compiled_result = compile_func(self, token)
                      ^^^^^^^^^^^^^^^^^^^^^^^^^
  File "/home/notouriousmma/Documents/Tk/pharmacy/Pharmacy_project/venv/lib/python3.12/site-packages/django/template/loader_tags.py", line 234, in do_block
    nodelist = parser.parse(("endblock",))
               ^^^^^^^^^^^^^^^^^^^^^^^^^^^
  File "/home/notouriousmma/Documents/Tk/pharmacy/Pharmacy_project/venv/lib/python3.12/site-packages/django/template/base.py", line 518, in parse
    raise self.error(token, e)
  File "/home/notouriousmma/Documents/Tk/pharmacy/Pharmacy_project/venv/lib/python3.12/site-packages/django/template/base.py", line 516, in parse
    compiled_result = compile_func(self, token)
                      ^^^^^^^^^^^^^^^^^^^^^^^^^
  File "/home/notouriousmma/Documents/Tk/pharmacy/Pharmacy_project/venv/lib/python3.12/site-packages/django/template/defaulttags.py", line 1097, in load
    lib = find_library(parser, name)
          ^^^^^^^^^^^^^^^^^^^^^^^^^^
  File "/home/notouriousmma/Documents/Tk/pharmacy/Pharmacy_project/venv/lib/python3.12/site-packages/django/template/defaulttags.py", line 1037, in find_library
    raise TemplateSyntaxError(
django.template.exceptions.TemplateSyntaxError: 'custom_filters' is not a registered tag library. Must be one of:
admin_list
admin_modify
admin_urls
cache
i18n
l10n
log
rest_framework
static
tz
ERROR 2025-12-20 05:32:02,795 basehttp "GET /inventory/expiring/ HTTP/1.1" 500 211137
INFO 2025-12-20 05:32:14,404 basehttp "GET /sales/ HTTP/1.1" 200 21302
WARNING 2025-12-20 05:32:14,539 basehttp "GET /static/js/main.js HTTP/1.1" 404 1957
WARNING 2025-12-20 05:32:15,226 basehttp "GET /static/js/main.js HTTP/1.1" 404 1957
INFO 2025-12-20 05:32:21,400 basehttp "GET /customers/ HTTP/1.1" 200 9873
WARNING 2025-12-20 05:32:21,548 basehttp "GET /static/js/main.js HTTP/1.1" 404 1957
WARNING 2025-12-20 05:32:22,184 basehttp "GET /static/js/main.js HTTP/1.1" 404 1957
INFO 2025-12-20 05:32:26,629 basehttp "GET /suppliers/ HTTP/1.1" 200 10696
WARNING 2025-12-20 05:32:26,717 basehttp "GET /static/js/main.js HTTP/1.1" 404 1957
WARNING 2025-12-20 05:32:27,169 basehttp "GET /static/js/main.js HTTP/1.1" 404 1957
INFO 2025-12-20 05:32:32,650 basehttp "GET /reports/ HTTP/1.1" 200 13424
WARNING 2025-12-20 05:32:32,785 basehttp "GET /static/js/main.js HTTP/1.1" 404 1957
WARNING 2025-12-20 05:32:33,211 basehttp "GET /static/js/main.js HTTP/1.1" 404 1957
INFO 2025-12-20 05:34:00,229 autoreload Watching for file changes with StatReloader
INFO 2025-12-20 05:34:06,858 basehttp "GET / HTTP/1.1" 200 13850
WARNING 2025-12-20 05:34:07,022 basehttp "GET /static/js/main.js HTTP/1.1" 404 1957
WARNING 2025-12-20 05:34:08,062 basehttp "GET /static/js/main.js HTTP/1.1" 404 1957
ERROR 2025-12-20 05:34:10,793 log Internal Server Error: /inventory/expiring/
Traceback (most recent call last):
  File "/home/notouriousmma/Documents/Tk/pharmacy/Pharmacy_project/venv/lib/python3.12/site-packages/django/template/defaulttags.py", line 1035, in find_library
    return parser.libraries[name]
           ~~~~~~~~~~~~~~~~^^^^^^
KeyError: 'custom_filters'

During handling of the above exception, another exception occurred:

Traceback (most recent call last):
  File "/home/notouriousmma/Documents/Tk/pharmacy/Pharmacy_project/venv/lib/python3.12/site-packages/django/core/handlers/exception.py", line 55, in inner
    response = get_response(request)
               ^^^^^^^^^^^^^^^^^^^^^
  File "/home/notouriousmma/Documents/Tk/pharmacy/Pharmacy_project/venv/lib/python3.12/site-packages/django/core/handlers/base.py", line 197, in _get_response
    response = wrapped_callback(request, *callback_args, **callback_kwargs)
               ^^^^^^^^^^^^^^^^^^^^^^^^^^^^^^^^^^^^^^^^^^^^^^^^^^^^^^^^^^^^
  File "/home/notouriousmma/Documents/Tk/pharmacy/Pharmacy_project/venv/lib/python3.12/site-packages/django/contrib/auth/decorators.py", line 59, in _view_wrapper
    return view_func(request, *args, **kwargs)
           ^^^^^^^^^^^^^^^^^^^^^^^^^^^^^^^^^^^
  File "/home/notouriousmma/Documents/Tk/pharmacy/Pharmacy_project/inventory/views.py", line 423, in expiring_medicines
    return render(request, 'inventory/expiring.html', context)
           ^^^^^^^^^^^^^^^^^^^^^^^^^^^^^^^^^^^^^^^^^^^^^^^^^^^
  File "/home/notouriousmma/Documents/Tk/pharmacy/Pharmacy_project/venv/lib/python3.12/site-packages/django/shortcuts.py", line 25, in render
    content = loader.render_to_string(template_name, context, request, using=using)
              ^^^^^^^^^^^^^^^^^^^^^^^^^^^^^^^^^^^^^^^^^^^^^^^^^^^^^^^^^^^^^^^^^^^^^
  File "/home/notouriousmma/Documents/Tk/pharmacy/Pharmacy_project/venv/lib/python3.12/site-packages/django/template/loader.py", line 61, in render_to_string
    template = get_template(template_name, using=using)
               ^^^^^^^^^^^^^^^^^^^^^^^^^^^^^^^^^^^^^^^^
  File "/home/notouriousmma/Documents/Tk/pharmacy/Pharmacy_project/venv/lib/python3.12/site-packages/django/template/loader.py", line 15, in get_template
    return engine.get_template(template_name)
           ^^^^^^^^^^^^^^^^^^^^^^^^^^^^^^^^^^
  File "/home/notouriousmma/Documents/Tk/pharmacy/Pharmacy_project/venv/lib/python3.12/site-packages/django/template/backends/django.py", line 79, in get_template
    return Template(self.engine.get_template(template_name), self)
                    ^^^^^^^^^^^^^^^^^^^^^^^^^^^^^^^^^^^^^^^
  File "/home/notouriousmma/Documents/Tk/pharmacy/Pharmacy_project/venv/lib/python3.12/site-packages/django/template/engine.py", line 177, in get_template
    template, origin = self.find_template(template_name)
                       ^^^^^^^^^^^^^^^^^^^^^^^^^^^^^^^^^
  File "/home/notouriousmma/Documents/Tk/pharmacy/Pharmacy_project/venv/lib/python3.12/site-packages/django/template/engine.py", line 159, in find_template
    template = loader.get_template(name, skip=skip)
               ^^^^^^^^^^^^^^^^^^^^^^^^^^^^^^^^^^^^
  File "/home/notouriousmma/Documents/Tk/pharmacy/Pharmacy_project/venv/lib/python3.12/site-packages/django/template/loaders/cached.py", line 57, in get_template
    template = super().get_template(template_name, skip)
               ^^^^^^^^^^^^^^^^^^^^^^^^^^^^^^^^^^^^^^^^^
  File "/home/notouriousmma/Documents/Tk/pharmacy/Pharmacy_project/venv/lib/python3.12/site-packages/django/template/loaders/base.py", line 28, in get_template
    return Template(
           ^^^^^^^^^
  File "/home/notouriousmma/Documents/Tk/pharmacy/Pharmacy_project/venv/lib/python3.12/site-packages/django/template/base.py", line 154, in __init__
    self.nodelist = self.compile_nodelist()
                    ^^^^^^^^^^^^^^^^^^^^^^^
  File "/home/notouriousmma/Documents/Tk/pharmacy/Pharmacy_project/venv/lib/python3.12/site-packages/django/template/base.py", line 196, in compile_nodelist
    nodelist = parser.parse()
               ^^^^^^^^^^^^^^
  File "/home/notouriousmma/Documents/Tk/pharmacy/Pharmacy_project/venv/lib/python3.12/site-packages/django/template/base.py", line 518, in parse
    raise self.error(token, e)
  File "/home/notouriousmma/Documents/Tk/pharmacy/Pharmacy_project/venv/lib/python3.12/site-packages/django/template/base.py", line 516, in parse
    compiled_result = compile_func(self, token)
                      ^^^^^^^^^^^^^^^^^^^^^^^^^
  File "/home/notouriousmma/Documents/Tk/pharmacy/Pharmacy_project/venv/lib/python3.12/site-packages/django/template/loader_tags.py", line 299, in do_extends
    nodelist = parser.parse()
               ^^^^^^^^^^^^^^
  File "/home/notouriousmma/Documents/Tk/pharmacy/Pharmacy_project/venv/lib/python3.12/site-packages/django/template/base.py", line 518, in parse
    raise self.error(token, e)
  File "/home/notouriousmma/Documents/Tk/pharmacy/Pharmacy_project/venv/lib/python3.12/site-packages/django/template/base.py", line 516, in parse
    compiled_result = compile_func(self, token)
                      ^^^^^^^^^^^^^^^^^^^^^^^^^
  File "/home/notouriousmma/Documents/Tk/pharmacy/Pharmacy_project/venv/lib/python3.12/site-packages/django/template/loader_tags.py", line 234, in do_block
    nodelist = parser.parse(("endblock",))
               ^^^^^^^^^^^^^^^^^^^^^^^^^^^
  File "/home/notouriousmma/Documents/Tk/pharmacy/Pharmacy_project/venv/lib/python3.12/site-packages/django/template/base.py", line 518, in parse
    raise self.error(token, e)
  File "/home/notouriousmma/Documents/Tk/pharmacy/Pharmacy_project/venv/lib/python3.12/site-packages/django/template/base.py", line 516, in parse
    compiled_result = compile_func(self, token)
                      ^^^^^^^^^^^^^^^^^^^^^^^^^
  File "/home/notouriousmma/Documents/Tk/pharmacy/Pharmacy_project/venv/lib/python3.12/site-packages/django/template/defaulttags.py", line 1097, in load
    lib = find_library(parser, name)
          ^^^^^^^^^^^^^^^^^^^^^^^^^^
  File "/home/notouriousmma/Documents/Tk/pharmacy/Pharmacy_project/venv/lib/python3.12/site-packages/django/template/defaulttags.py", line 1037, in find_library
    raise TemplateSyntaxError(
django.template.exceptions.TemplateSyntaxError: 'custom_filters' is not a registered tag library. Must be one of:
admin_list
admin_modify
admin_urls
cache
i18n
l10n
log
rest_framework
static
tz
ERROR 2025-12-20 05:34:10,797 basehttp "GET /inventory/expiring/ HTTP/1.1" 500 211117
WARNING 2025-12-20 05:34:10,955 log Not Found: /favicon.ico
INFO 2025-12-20 05:36:45,773 basehttp "GET /inventory/expiring/ HTTP/1.1" 200 14364
WARNING 2025-12-20 05:36:45,849 basehttp "GET /static/js/main.js HTTP/1.1" 404 1957
WARNING 2025-12-20 05:36:46,551 basehttp "GET /static/js/main.js HTTP/1.1" 404 1957
INFO 2025-12-20 05:37:10,182 basehttp "GET /sales/ HTTP/1.1" 200 21302
WARNING 2025-12-20 05:37:10,278 basehttp "GET /static/js/main.js HTTP/1.1" 404 1957
WARNING 2025-12-20 05:37:10,880 basehttp "GET /static/js/main.js HTTP/1.1" 404 1957
INFO 2025-12-20 05:39:13,289 autoreload Watching for file changes with StatReloader
INFO 2025-12-20 05:39:20,128 basehttp "GET / HTTP/1.1" 200 13850
WARNING 2025-12-20 05:39:20,339 basehttp "GET /static/js/main.js HTTP/1.1" 404 1957
WARNING 2025-12-20 05:39:21,120 basehttp "GET /static/js/main.js HTTP/1.1" 404 1957
INFO 2025-12-20 07:51:18,543 basehttp "GET /suppliers/ HTTP/1.1" 200 10696
WARNING 2025-12-20 07:51:23,408 basehttp "GET /static/js/main.js HTTP/1.1" 404 1957
ERROR 2025-12-20 08:57:40,382 log Internal Server Error: /suppliers/
Traceback (most recent call last):
  File "/home/notouriousmma/Documents/Tk/pharmacy/Pharmacy_project/venv/lib/python3.12/site-packages/django/core/handlers/exception.py", line 55, in inner
    response = get_response(request)
               ^^^^^^^^^^^^^^^^^^^^^
  File "/home/notouriousmma/Documents/Tk/pharmacy/Pharmacy_project/venv/lib/python3.12/site-packages/django/core/handlers/base.py", line 197, in _get_response
    response = wrapped_callback(request, *callback_args, **callback_kwargs)
               ^^^^^^^^^^^^^^^^^^^^^^^^^^^^^^^^^^^^^^^^^^^^^^^^^^^^^^^^^^^^
  File "/home/notouriousmma/Documents/Tk/pharmacy/Pharmacy_project/venv/lib/python3.12/site-packages/django/contrib/auth/decorators.py", line 59, in _view_wrapper
    return view_func(request, *args, **kwargs)
           ^^^^^^^^^^^^^^^^^^^^^^^^^^^^^^^^^^^
  File "/home/notouriousmma/Documents/Tk/pharmacy/Pharmacy_project/suppliers/views.py", line 41, in supplier_list
    return render(request, 'suppliers/supplier_list.html', context)
           ^^^^^^^^^^^^^^^^^^^^^^^^^^^^^^^^^^^^^^^^^^^^^^^^^^^^^^^^
  File "/home/notouriousmma/Documents/Tk/pharmacy/Pharmacy_project/venv/lib/python3.12/site-packages/django/shortcuts.py", line 25, in render
    content = loader.render_to_string(template_name, context, request, using=using)
              ^^^^^^^^^^^^^^^^^^^^^^^^^^^^^^^^^^^^^^^^^^^^^^^^^^^^^^^^^^^^^^^^^^^^^
  File "/home/notouriousmma/Documents/Tk/pharmacy/Pharmacy_project/venv/lib/python3.12/site-packages/django/template/loader.py", line 62, in render_to_string
    return template.render(context, request)
           ^^^^^^^^^^^^^^^^^^^^^^^^^^^^^^^^^
  File "/home/notouriousmma/Documents/Tk/pharmacy/Pharmacy_project/venv/lib/python3.12/site-packages/django/template/backends/django.py", line 107, in render
    return self.template.render(context)
           ^^^^^^^^^^^^^^^^^^^^^^^^^^^^^
  File "/home/notouriousmma/Documents/Tk/pharmacy/Pharmacy_project/venv/lib/python3.12/site-packages/django/template/base.py", line 171, in render
    return self._render(context)
           ^^^^^^^^^^^^^^^^^^^^^
  File "/home/notouriousmma/Documents/Tk/pharmacy/Pharmacy_project/venv/lib/python3.12/site-packages/django/test/utils.py", line 114, in instrumented_test_render
    return self.nodelist.render(context)
           ^^^^^^^^^^^^^^^^^^^^^^^^^^^^^
  File "/home/notouriousmma/Documents/Tk/pharmacy/Pharmacy_project/venv/lib/python3.12/site-packages/django/template/base.py", line 1016, in render
    return SafeString("".join([node.render_annotated(context) for node in self]))
                               ^^^^^^^^^^^^^^^^^^^^^^^^^^^^^^
  File "/home/notouriousmma/Documents/Tk/pharmacy/Pharmacy_project/venv/lib/python3.12/site-packages/django/template/base.py", line 977, in render_annotated
    return self.render(context)
           ^^^^^^^^^^^^^^^^^^^^
  File "/home/notouriousmma/Documents/Tk/pharmacy/Pharmacy_project/venv/lib/python3.12/site-packages/django/template/loader_tags.py", line 159, in render
    return compiled_parent._render(context)
           ^^^^^^^^^^^^^^^^^^^^^^^^^^^^^^^^
  File "/home/notouriousmma/Documents/Tk/pharmacy/Pharmacy_project/venv/lib/python3.12/site-packages/django/test/utils.py", line 114, in instrumented_test_render
    return self.nodelist.render(context)
           ^^^^^^^^^^^^^^^^^^^^^^^^^^^^^
  File "/home/notouriousmma/Documents/Tk/pharmacy/Pharmacy_project/venv/lib/python3.12/site-packages/django/template/base.py", line 1016, in render
    return SafeString("".join([node.render_annotated(context) for node in self]))
                               ^^^^^^^^^^^^^^^^^^^^^^^^^^^^^^
  File "/home/notouriousmma/Documents/Tk/pharmacy/Pharmacy_project/venv/lib/python3.12/site-packages/django/template/base.py", line 977, in render_annotated
    return self.render(context)
           ^^^^^^^^^^^^^^^^^^^^
  File "/home/notouriousmma/Documents/Tk/pharmacy/Pharmacy_project/venv/lib/python3.12/site-packages/django/template/defaulttags.py", line 327, in render
    return nodelist.render(context)
           ^^^^^^^^^^^^^^^^^^^^^^^^
  File "/home/notouriousmma/Documents/Tk/pharmacy/Pharmacy_project/venv/lib/python3.12/site-packages/django/template/base.py", line 1016, in render
    return SafeString("".join([node.render_annotated(context) for node in self]))
                               ^^^^^^^^^^^^^^^^^^^^^^^^^^^^^^
  File "/home/notouriousmma/Documents/Tk/pharmacy/Pharmacy_project/venv/lib/python3.12/site-packages/django/template/base.py", line 977, in render_annotated
    return self.render(context)
           ^^^^^^^^^^^^^^^^^^^^
  File "/home/notouriousmma/Documents/Tk/pharmacy/Pharmacy_project/venv/lib/python3.12/site-packages/django/template/loader_tags.py", line 65, in render
    result = block.nodelist.render(context)
             ^^^^^^^^^^^^^^^^^^^^^^^^^^^^^^
  File "/home/notouriousmma/Documents/Tk/pharmacy/Pharmacy_project/venv/lib/python3.12/site-packages/django/template/base.py", line 1016, in render
    return SafeString("".join([node.render_annotated(context) for node in self]))
                               ^^^^^^^^^^^^^^^^^^^^^^^^^^^^^^
  File "/home/notouriousmma/Documents/Tk/pharmacy/Pharmacy_project/venv/lib/python3.12/site-packages/django/template/base.py", line 977, in render_annotated
    return self.render(context)
           ^^^^^^^^^^^^^^^^^^^^
  File "/home/notouriousmma/Documents/Tk/pharmacy/Pharmacy_project/venv/lib/python3.12/site-packages/django/template/defaulttags.py", line 243, in render
    nodelist.append(node.render_annotated(context))
                    ^^^^^^^^^^^^^^^^^^^^^^^^^^^^^^
  File "/home/notouriousmma/Documents/Tk/pharmacy/Pharmacy_project/venv/lib/python3.12/site-packages/django/template/base.py", line 977, in render_annotated
    return self.render(context)
           ^^^^^^^^^^^^^^^^^^^^
  File "/home/notouriousmma/Documents/Tk/pharmacy/Pharmacy_project/venv/lib/python3.12/site-packages/django/template/defaulttags.py", line 480, in render
    url = reverse(view_name, args=args, kwargs=kwargs, current_app=current_app)
          ^^^^^^^^^^^^^^^^^^^^^^^^^^^^^^^^^^^^^^^^^^^^^^^^^^^^^^^^^^^^^^^^^^^^^
  File "/home/notouriousmma/Documents/Tk/pharmacy/Pharmacy_project/venv/lib/python3.12/site-packages/django/urls/base.py", line 98, in reverse
    resolved_url = resolver._reverse_with_prefix(view, prefix, *args, **kwargs)
                   ^^^^^^^^^^^^^^^^^^^^^^^^^^^^^^^^^^^^^^^^^^^^^^^^^^^^^^^^^^^^
  File "/home/notouriousmma/Documents/Tk/pharmacy/Pharmacy_project/venv/lib/python3.12/site-packages/django/urls/resolvers.py", line 831, in _reverse_with_prefix
    raise NoReverseMatch(msg)
django.urls.exceptions.NoReverseMatch: Reverse for 'supplier_edit' not found. 'supplier_edit' is not a valid view function or pattern name.
ERROR 2025-12-20 08:57:43,464 log Internal Server Error: /suppliers/
Traceback (most recent call last):
  File "/home/notouriousmma/Documents/Tk/pharmacy/Pharmacy_project/venv/lib/python3.12/site-packages/django/core/handlers/exception.py", line 55, in inner
    response = get_response(request)
               ^^^^^^^^^^^^^^^^^^^^^
  File "/home/notouriousmma/Documents/Tk/pharmacy/Pharmacy_project/venv/lib/python3.12/site-packages/django/core/handlers/base.py", line 197, in _get_response
    response = wrapped_callback(request, *callback_args, **callback_kwargs)
               ^^^^^^^^^^^^^^^^^^^^^^^^^^^^^^^^^^^^^^^^^^^^^^^^^^^^^^^^^^^^
  File "/home/notouriousmma/Documents/Tk/pharmacy/Pharmacy_project/venv/lib/python3.12/site-packages/django/contrib/auth/decorators.py", line 59, in _view_wrapper
    return view_func(request, *args, **kwargs)
           ^^^^^^^^^^^^^^^^^^^^^^^^^^^^^^^^^^^
  File "/home/notouriousmma/Documents/Tk/pharmacy/Pharmacy_project/suppliers/views.py", line 41, in supplier_list
    return render(request, 'suppliers/supplier_list.html', context)
           ^^^^^^^^^^^^^^^^^^^^^^^^^^^^^^^^^^^^^^^^^^^^^^^^^^^^^^^^
  File "/home/notouriousmma/Documents/Tk/pharmacy/Pharmacy_project/venv/lib/python3.12/site-packages/django/shortcuts.py", line 25, in render
    content = loader.render_to_string(template_name, context, request, using=using)
              ^^^^^^^^^^^^^^^^^^^^^^^^^^^^^^^^^^^^^^^^^^^^^^^^^^^^^^^^^^^^^^^^^^^^^
  File "/home/notouriousmma/Documents/Tk/pharmacy/Pharmacy_project/venv/lib/python3.12/site-packages/django/template/loader.py", line 62, in render_to_string
    return template.render(context, request)
           ^^^^^^^^^^^^^^^^^^^^^^^^^^^^^^^^^
  File "/home/notouriousmma/Documents/Tk/pharmacy/Pharmacy_project/venv/lib/python3.12/site-packages/django/template/backends/django.py", line 107, in render
    return self.template.render(context)
           ^^^^^^^^^^^^^^^^^^^^^^^^^^^^^
  File "/home/notouriousmma/Documents/Tk/pharmacy/Pharmacy_project/venv/lib/python3.12/site-packages/django/template/base.py", line 171, in render
    return self._render(context)
           ^^^^^^^^^^^^^^^^^^^^^
  File "/home/notouriousmma/Documents/Tk/pharmacy/Pharmacy_project/venv/lib/python3.12/site-packages/django/test/utils.py", line 114, in instrumented_test_render
    return self.nodelist.render(context)
           ^^^^^^^^^^^^^^^^^^^^^^^^^^^^^
  File "/home/notouriousmma/Documents/Tk/pharmacy/Pharmacy_project/venv/lib/python3.12/site-packages/django/template/base.py", line 1016, in render
    return SafeString("".join([node.render_annotated(context) for node in self]))
                               ^^^^^^^^^^^^^^^^^^^^^^^^^^^^^^
  File "/home/notouriousmma/Documents/Tk/pharmacy/Pharmacy_project/venv/lib/python3.12/site-packages/django/template/base.py", line 977, in render_annotated
    return self.render(context)
           ^^^^^^^^^^^^^^^^^^^^
  File "/home/notouriousmma/Documents/Tk/pharmacy/Pharmacy_project/venv/lib/python3.12/site-packages/django/template/loader_tags.py", line 159, in render
    return compiled_parent._render(context)
           ^^^^^^^^^^^^^^^^^^^^^^^^^^^^^^^^
  File "/home/notouriousmma/Documents/Tk/pharmacy/Pharmacy_project/venv/lib/python3.12/site-packages/django/test/utils.py", line 114, in instrumented_test_render
    return self.nodelist.render(context)
           ^^^^^^^^^^^^^^^^^^^^^^^^^^^^^
  File "/home/notouriousmma/Documents/Tk/pharmacy/Pharmacy_project/venv/lib/python3.12/site-packages/django/template/base.py", line 1016, in render
    return SafeString("".join([node.render_annotated(context) for node in self]))
                               ^^^^^^^^^^^^^^^^^^^^^^^^^^^^^^
  File "/home/notouriousmma/Documents/Tk/pharmacy/Pharmacy_project/venv/lib/python3.12/site-packages/django/template/base.py", line 977, in render_annotated
    return self.render(context)
           ^^^^^^^^^^^^^^^^^^^^
  File "/home/notouriousmma/Documents/Tk/pharmacy/Pharmacy_project/venv/lib/python3.12/site-packages/django/template/defaulttags.py", line 327, in render
    return nodelist.render(context)
           ^^^^^^^^^^^^^^^^^^^^^^^^
  File "/home/notouriousmma/Documents/Tk/pharmacy/Pharmacy_project/venv/lib/python3.12/site-packages/django/template/base.py", line 1016, in render
    return SafeString("".join([node.render_annotated(context) for node in self]))
                               ^^^^^^^^^^^^^^^^^^^^^^^^^^^^^^
  File "/home/notouriousmma/Documents/Tk/pharmacy/Pharmacy_project/venv/lib/python3.12/site-packages/django/template/base.py", line 977, in render_annotated
    return self.render(context)
           ^^^^^^^^^^^^^^^^^^^^
  File "/home/notouriousmma/Documents/Tk/pharmacy/Pharmacy_project/venv/lib/python3.12/site-packages/django/template/loader_tags.py", line 65, in render
    result = block.nodelist.render(context)
             ^^^^^^^^^^^^^^^^^^^^^^^^^^^^^^
  File "/home/notouriousmma/Documents/Tk/pharmacy/Pharmacy_project/venv/lib/python3.12/site-packages/django/template/base.py", line 1016, in render
    return SafeString("".join([node.render_annotated(context) for node in self]))
                               ^^^^^^^^^^^^^^^^^^^^^^^^^^^^^^
  File "/home/notouriousmma/Documents/Tk/pharmacy/Pharmacy_project/venv/lib/python3.12/site-packages/django/template/base.py", line 977, in render_annotated
    return self.render(context)
           ^^^^^^^^^^^^^^^^^^^^
  File "/home/notouriousmma/Documents/Tk/pharmacy/Pharmacy_project/venv/lib/python3.12/site-packages/django/template/defaulttags.py", line 243, in render
    nodelist.append(node.render_annotated(context))
                    ^^^^^^^^^^^^^^^^^^^^^^^^^^^^^^
  File "/home/notouriousmma/Documents/Tk/pharmacy/Pharmacy_project/venv/lib/python3.12/site-packages/django/template/base.py", line 977, in render_annotated
    return self.render(context)
           ^^^^^^^^^^^^^^^^^^^^
  File "/home/notouriousmma/Documents/Tk/pharmacy/Pharmacy_project/venv/lib/python3.12/site-packages/django/template/defaulttags.py", line 480, in render
    url = reverse(view_name, args=args, kwargs=kwargs, current_app=current_app)
          ^^^^^^^^^^^^^^^^^^^^^^^^^^^^^^^^^^^^^^^^^^^^^^^^^^^^^^^^^^^^^^^^^^^^^
  File "/home/notouriousmma/Documents/Tk/pharmacy/Pharmacy_project/venv/lib/python3.12/site-packages/django/urls/base.py", line 98, in reverse
    resolved_url = resolver._reverse_with_prefix(view, prefix, *args, **kwargs)
                   ^^^^^^^^^^^^^^^^^^^^^^^^^^^^^^^^^^^^^^^^^^^^^^^^^^^^^^^^^^^^
  File "/home/notouriousmma/Documents/Tk/pharmacy/Pharmacy_project/venv/lib/python3.12/site-packages/django/urls/resolvers.py", line 831, in _reverse_with_prefix
    raise NoReverseMatch(msg)
django.urls.exceptions.NoReverseMatch: Reverse for 'supplier_edit' not found. 'supplier_edit' is not a valid view function or pattern name.
ERROR 2025-12-20 08:57:46,203 log Internal Server Error: /suppliers/suppliers/1/
Traceback (most recent call last):
  File "/home/notouriousmma/Documents/Tk/pharmacy/Pharmacy_project/venv/lib/python3.12/site-packages/django/core/handlers/exception.py", line 55, in inner
    response = get_response(request)
               ^^^^^^^^^^^^^^^^^^^^^
  File "/home/notouriousmma/Documents/Tk/pharmacy/Pharmacy_project/venv/lib/python3.12/site-packages/django/core/handlers/base.py", line 197, in _get_response
    response = wrapped_callback(request, *callback_args, **callback_kwargs)
               ^^^^^^^^^^^^^^^^^^^^^^^^^^^^^^^^^^^^^^^^^^^^^^^^^^^^^^^^^^^^
  File "/home/notouriousmma/Documents/Tk/pharmacy/Pharmacy_project/venv/lib/python3.12/site-packages/django/contrib/auth/decorators.py", line 59, in _view_wrapper
    return view_func(request, *args, **kwargs)
           ^^^^^^^^^^^^^^^^^^^^^^^^^^^^^^^^^^^
  File "/home/notouriousmma/Documents/Tk/pharmacy/Pharmacy_project/suppliers/views.py", line 70, in supplier_detail
    return render(request, 'suppliers/supplier_detail.html', context)
           ^^^^^^^^^^^^^^^^^^^^^^^^^^^^^^^^^^^^^^^^^^^^^^^^^^^^^^^^^^
  File "/home/notouriousmma/Documents/Tk/pharmacy/Pharmacy_project/venv/lib/python3.12/site-packages/django/shortcuts.py", line 25, in render
    content = loader.render_to_string(template_name, context, request, using=using)
              ^^^^^^^^^^^^^^^^^^^^^^^^^^^^^^^^^^^^^^^^^^^^^^^^^^^^^^^^^^^^^^^^^^^^^
  File "/home/notouriousmma/Documents/Tk/pharmacy/Pharmacy_project/venv/lib/python3.12/site-packages/django/template/loader.py", line 62, in render_to_string
    return template.render(context, request)
           ^^^^^^^^^^^^^^^^^^^^^^^^^^^^^^^^^
  File "/home/notouriousmma/Documents/Tk/pharmacy/Pharmacy_project/venv/lib/python3.12/site-packages/django/template/backends/django.py", line 107, in render
    return self.template.render(context)
           ^^^^^^^^^^^^^^^^^^^^^^^^^^^^^
  File "/home/notouriousmma/Documents/Tk/pharmacy/Pharmacy_project/venv/lib/python3.12/site-packages/django/template/base.py", line 171, in render
    return self._render(context)
           ^^^^^^^^^^^^^^^^^^^^^
  File "/home/notouriousmma/Documents/Tk/pharmacy/Pharmacy_project/venv/lib/python3.12/site-packages/django/test/utils.py", line 114, in instrumented_test_render
    return self.nodelist.render(context)
           ^^^^^^^^^^^^^^^^^^^^^^^^^^^^^
  File "/home/notouriousmma/Documents/Tk/pharmacy/Pharmacy_project/venv/lib/python3.12/site-packages/django/template/base.py", line 1016, in render
    return SafeString("".join([node.render_annotated(context) for node in self]))
                               ^^^^^^^^^^^^^^^^^^^^^^^^^^^^^^
  File "/home/notouriousmma/Documents/Tk/pharmacy/Pharmacy_project/venv/lib/python3.12/site-packages/django/template/base.py", line 977, in render_annotated
    return self.render(context)
           ^^^^^^^^^^^^^^^^^^^^
  File "/home/notouriousmma/Documents/Tk/pharmacy/Pharmacy_project/venv/lib/python3.12/site-packages/django/template/loader_tags.py", line 159, in render
    return compiled_parent._render(context)
           ^^^^^^^^^^^^^^^^^^^^^^^^^^^^^^^^
  File "/home/notouriousmma/Documents/Tk/pharmacy/Pharmacy_project/venv/lib/python3.12/site-packages/django/test/utils.py", line 114, in instrumented_test_render
    return self.nodelist.render(context)
           ^^^^^^^^^^^^^^^^^^^^^^^^^^^^^
  File "/home/notouriousmma/Documents/Tk/pharmacy/Pharmacy_project/venv/lib/python3.12/site-packages/django/template/base.py", line 1016, in render
    return SafeString("".join([node.render_annotated(context) for node in self]))
                               ^^^^^^^^^^^^^^^^^^^^^^^^^^^^^^
  File "/home/notouriousmma/Documents/Tk/pharmacy/Pharmacy_project/venv/lib/python3.12/site-packages/django/template/base.py", line 977, in render_annotated
    return self.render(context)
           ^^^^^^^^^^^^^^^^^^^^
  File "/home/notouriousmma/Documents/Tk/pharmacy/Pharmacy_project/venv/lib/python3.12/site-packages/django/template/defaulttags.py", line 327, in render
    return nodelist.render(context)
           ^^^^^^^^^^^^^^^^^^^^^^^^
  File "/home/notouriousmma/Documents/Tk/pharmacy/Pharmacy_project/venv/lib/python3.12/site-packages/django/template/base.py", line 1016, in render
    return SafeString("".join([node.render_annotated(context) for node in self]))
                               ^^^^^^^^^^^^^^^^^^^^^^^^^^^^^^
  File "/home/notouriousmma/Documents/Tk/pharmacy/Pharmacy_project/venv/lib/python3.12/site-packages/django/template/base.py", line 977, in render_annotated
    return self.render(context)
           ^^^^^^^^^^^^^^^^^^^^
  File "/home/notouriousmma/Documents/Tk/pharmacy/Pharmacy_project/venv/lib/python3.12/site-packages/django/template/loader_tags.py", line 65, in render
    result = block.nodelist.render(context)
             ^^^^^^^^^^^^^^^^^^^^^^^^^^^^^^
  File "/home/notouriousmma/Documents/Tk/pharmacy/Pharmacy_project/venv/lib/python3.12/site-packages/django/template/base.py", line 1016, in render
    return SafeString("".join([node.render_annotated(context) for node in self]))
                               ^^^^^^^^^^^^^^^^^^^^^^^^^^^^^^
  File "/home/notouriousmma/Documents/Tk/pharmacy/Pharmacy_project/venv/lib/python3.12/site-packages/django/template/base.py", line 977, in render_annotated
    return self.render(context)
           ^^^^^^^^^^^^^^^^^^^^
  File "/home/notouriousmma/Documents/Tk/pharmacy/Pharmacy_project/venv/lib/python3.12/site-packages/django/template/defaulttags.py", line 480, in render
    url = reverse(view_name, args=args, kwargs=kwargs, current_app=current_app)
          ^^^^^^^^^^^^^^^^^^^^^^^^^^^^^^^^^^^^^^^^^^^^^^^^^^^^^^^^^^^^^^^^^^^^^
  File "/home/notouriousmma/Documents/Tk/pharmacy/Pharmacy_project/venv/lib/python3.12/site-packages/django/urls/base.py", line 98, in reverse
    resolved_url = resolver._reverse_with_prefix(view, prefix, *args, **kwargs)
                   ^^^^^^^^^^^^^^^^^^^^^^^^^^^^^^^^^^^^^^^^^^^^^^^^^^^^^^^^^^^^
  File "/home/notouriousmma/Documents/Tk/pharmacy/Pharmacy_project/venv/lib/python3.12/site-packages/django/urls/resolvers.py", line 831, in _reverse_with_prefix
    raise NoReverseMatch(msg)
django.urls.exceptions.NoReverseMatch: Reverse for 'supplier_edit' not found. 'supplier_edit' is not a valid view function or pattern name.
ERROR 2025-12-20 08:57:48,138 log Internal Server Error: /suppliers/
Traceback (most recent call last):
  File "/home/notouriousmma/Documents/Tk/pharmacy/Pharmacy_project/venv/lib/python3.12/site-packages/django/core/handlers/exception.py", line 55, in inner
    response = get_response(request)
               ^^^^^^^^^^^^^^^^^^^^^
  File "/home/notouriousmma/Documents/Tk/pharmacy/Pharmacy_project/venv/lib/python3.12/site-packages/django/core/handlers/base.py", line 197, in _get_response
    response = wrapped_callback(request, *callback_args, **callback_kwargs)
               ^^^^^^^^^^^^^^^^^^^^^^^^^^^^^^^^^^^^^^^^^^^^^^^^^^^^^^^^^^^^
  File "/home/notouriousmma/Documents/Tk/pharmacy/Pharmacy_project/venv/lib/python3.12/site-packages/django/contrib/auth/decorators.py", line 59, in _view_wrapper
    return view_func(request, *args, **kwargs)
           ^^^^^^^^^^^^^^^^^^^^^^^^^^^^^^^^^^^
  File "/home/notouriousmma/Documents/Tk/pharmacy/Pharmacy_project/suppliers/views.py", line 41, in supplier_list
    return render(request, 'suppliers/supplier_list.html', context)
           ^^^^^^^^^^^^^^^^^^^^^^^^^^^^^^^^^^^^^^^^^^^^^^^^^^^^^^^^
  File "/home/notouriousmma/Documents/Tk/pharmacy/Pharmacy_project/venv/lib/python3.12/site-packages/django/shortcuts.py", line 25, in render
    content = loader.render_to_string(template_name, context, request, using=using)
              ^^^^^^^^^^^^^^^^^^^^^^^^^^^^^^^^^^^^^^^^^^^^^^^^^^^^^^^^^^^^^^^^^^^^^
  File "/home/notouriousmma/Documents/Tk/pharmacy/Pharmacy_project/venv/lib/python3.12/site-packages/django/template/loader.py", line 62, in render_to_string
    return template.render(context, request)
           ^^^^^^^^^^^^^^^^^^^^^^^^^^^^^^^^^
  File "/home/notouriousmma/Documents/Tk/pharmacy/Pharmacy_project/venv/lib/python3.12/site-packages/django/template/backends/django.py", line 107, in render
    return self.template.render(context)
           ^^^^^^^^^^^^^^^^^^^^^^^^^^^^^
  File "/home/notouriousmma/Documents/Tk/pharmacy/Pharmacy_project/venv/lib/python3.12/site-packages/django/template/base.py", line 171, in render
    return self._render(context)
           ^^^^^^^^^^^^^^^^^^^^^
  File "/home/notouriousmma/Documents/Tk/pharmacy/Pharmacy_project/venv/lib/python3.12/site-packages/django/test/utils.py", line 114, in instrumented_test_render
    return self.nodelist.render(context)
           ^^^^^^^^^^^^^^^^^^^^^^^^^^^^^
  File "/home/notouriousmma/Documents/Tk/pharmacy/Pharmacy_project/venv/lib/python3.12/site-packages/django/template/base.py", line 1016, in render
    return SafeString("".join([node.render_annotated(context) for node in self]))
                               ^^^^^^^^^^^^^^^^^^^^^^^^^^^^^^
  File "/home/notouriousmma/Documents/Tk/pharmacy/Pharmacy_project/venv/lib/python3.12/site-packages/django/template/base.py", line 977, in render_annotated
    return self.render(context)
           ^^^^^^^^^^^^^^^^^^^^
  File "/home/notouriousmma/Documents/Tk/pharmacy/Pharmacy_project/venv/lib/python3.12/site-packages/django/template/loader_tags.py", line 159, in render
    return compiled_parent._render(context)
           ^^^^^^^^^^^^^^^^^^^^^^^^^^^^^^^^
  File "/home/notouriousmma/Documents/Tk/pharmacy/Pharmacy_project/venv/lib/python3.12/site-packages/django/test/utils.py", line 114, in instrumented_test_render
    return self.nodelist.render(context)
           ^^^^^^^^^^^^^^^^^^^^^^^^^^^^^
  File "/home/notouriousmma/Documents/Tk/pharmacy/Pharmacy_project/venv/lib/python3.12/site-packages/django/template/base.py", line 1016, in render
    return SafeString("".join([node.render_annotated(context) for node in self]))
                               ^^^^^^^^^^^^^^^^^^^^^^^^^^^^^^
  File "/home/notouriousmma/Documents/Tk/pharmacy/Pharmacy_project/venv/lib/python3.12/site-packages/django/template/base.py", line 977, in render_annotated
    return self.render(context)
           ^^^^^^^^^^^^^^^^^^^^
  File "/home/notouriousmma/Documents/Tk/pharmacy/Pharmacy_project/venv/lib/python3.12/site-packages/django/template/defaulttags.py", line 327, in render
    return nodelist.render(context)
           ^^^^^^^^^^^^^^^^^^^^^^^^
  File "/home/notouriousmma/Documents/Tk/pharmacy/Pharmacy_project/venv/lib/python3.12/site-packages/django/template/base.py", line 1016, in render
    return SafeString("".join([node.render_annotated(context) for node in self]))
                               ^^^^^^^^^^^^^^^^^^^^^^^^^^^^^^
  File "/home/notouriousmma/Documents/Tk/pharmacy/Pharmacy_project/venv/lib/python3.12/site-packages/django/template/base.py", line 977, in render_annotated
    return self.render(context)
           ^^^^^^^^^^^^^^^^^^^^
  File "/home/notouriousmma/Documents/Tk/pharmacy/Pharmacy_project/venv/lib/python3.12/site-packages/django/template/loader_tags.py", line 65, in render
    result = block.nodelist.render(context)
             ^^^^^^^^^^^^^^^^^^^^^^^^^^^^^^
  File "/home/notouriousmma/Documents/Tk/pharmacy/Pharmacy_project/venv/lib/python3.12/site-packages/django/template/base.py", line 1016, in render
    return SafeString("".join([node.render_annotated(context) for node in self]))
                               ^^^^^^^^^^^^^^^^^^^^^^^^^^^^^^
  File "/home/notouriousmma/Documents/Tk/pharmacy/Pharmacy_project/venv/lib/python3.12/site-packages/django/template/base.py", line 977, in render_annotated
    return self.render(context)
           ^^^^^^^^^^^^^^^^^^^^
  File "/home/notouriousmma/Documents/Tk/pharmacy/Pharmacy_project/venv/lib/python3.12/site-packages/django/template/defaulttags.py", line 243, in render
    nodelist.append(node.render_annotated(context))
                    ^^^^^^^^^^^^^^^^^^^^^^^^^^^^^^
  File "/home/notouriousmma/Documents/Tk/pharmacy/Pharmacy_project/venv/lib/python3.12/site-packages/django/template/base.py", line 977, in render_annotated
    return self.render(context)
           ^^^^^^^^^^^^^^^^^^^^
  File "/home/notouriousmma/Documents/Tk/pharmacy/Pharmacy_project/venv/lib/python3.12/site-packages/django/template/defaulttags.py", line 480, in render
    url = reverse(view_name, args=args, kwargs=kwargs, current_app=current_app)
          ^^^^^^^^^^^^^^^^^^^^^^^^^^^^^^^^^^^^^^^^^^^^^^^^^^^^^^^^^^^^^^^^^^^^^
  File "/home/notouriousmma/Documents/Tk/pharmacy/Pharmacy_project/venv/lib/python3.12/site-packages/django/urls/base.py", line 98, in reverse
    resolved_url = resolver._reverse_with_prefix(view, prefix, *args, **kwargs)
                   ^^^^^^^^^^^^^^^^^^^^^^^^^^^^^^^^^^^^^^^^^^^^^^^^^^^^^^^^^^^^
  File "/home/notouriousmma/Documents/Tk/pharmacy/Pharmacy_project/venv/lib/python3.12/site-packages/django/urls/resolvers.py", line 831, in _reverse_with_prefix
    raise NoReverseMatch(msg)
django.urls.exceptions.NoReverseMatch: Reverse for 'supplier_edit' not found. 'supplier_edit' is not a valid view function or pattern name.
INFO 2025-12-21 07:35:24,721 autoreload Watching for file changes with StatReloader
INFO 2025-12-21 07:35:39,971 basehttp "GET / HTTP/1.1" 302 0
WARNING 2025-12-21 07:35:40,874 log Not Found: /accounts/login/
WARNING 2025-12-21 07:35:40,875 basehttp "GET /accounts/login/?next=/ HTTP/1.1" 404 5734
INFO 2025-12-21 08:10:07,418 basehttp "GET /admin/ HTTP/1.1" 302 0
INFO 2025-12-21 08:10:08,011 basehttp "GET /admin/login/?next=/admin/ HTTP/1.1" 200 4175
INFO 2025-12-21 08:10:08,732 basehttp "GET /static/admin/css/dark_mode.css HTTP/1.1" 200 2808
INFO 2025-12-21 08:10:08,733 basehttp "GET /static/admin/css/base.css HTTP/1.1" 200 22120
INFO 2025-12-21 08:10:08,843 basehttp "GET /static/admin/css/nav_sidebar.css HTTP/1.1" 200 2810
INFO 2025-12-21 08:10:08,844 basehttp "GET /static/admin/css/login.css HTTP/1.1" 200 951
INFO 2025-12-21 08:10:08,844 basehttp "GET /static/admin/css/responsive.css HTTP/1.1" 200 16565
INFO 2025-12-21 08:10:22,569 basehttp "POST /admin/login/?next=/admin/ HTTP/1.1" 302 0
INFO 2025-12-21 08:10:22,776 basehttp "GET /admin/ HTTP/1.1" 200 21576
INFO 2025-12-21 08:10:23,359 basehttp "GET /static/admin/css/dashboard.css HTTP/1.1" 200 441
INFO 2025-12-21 08:10:23,825 basehttp "GET /static/admin/img/icon-addlink.svg HTTP/1.1" 200 331
INFO 2025-12-21 08:10:23,825 basehttp "GET /static/admin/img/icon-changelink.svg HTTP/1.1" 200 380
INFO 2025-12-21 08:10:23,826 basehttp "GET /static/admin/img/icon-viewlink.svg HTTP/1.1" 200 581
INFO 2025-12-21 08:10:25,457 basehttp "GET /static/admin/img/icon-viewlink.svg HTTP/1.1" 200 581
INFO 2025-12-21 08:10:25,458 basehttp "GET /static/admin/img/icon-addlink.svg HTTP/1.1" 200 331
INFO 2025-12-21 08:10:25,458 basehttp "GET /static/admin/img/icon-changelink.svg HTTP/1.1" 200 380
INFO 2025-12-21 08:13:25,868 basehttp "GET /admin/login/?next=/admin/ HTTP/1.1" 302 0
INFO 2025-12-21 08:13:25,987 basehttp "GET /admin/ HTTP/1.1" 200 21576
INFO 2025-12-21 08:13:49,165 basehttp "GET / HTTP/1.1" 200 13850
INFO 2025-12-21 08:13:51,182 basehttp "GET /static/css/style.css HTTP/1.1" 200 8627
WARNING 2025-12-21 08:13:51,223 basehttp "GET /static/js/main.js HTTP/1.1" 404 1957
WARNING 2025-12-21 08:13:52,858 basehttp "GET /static/js/main.js HTTP/1.1" 404 1957
ERROR 2025-12-21 08:25:35,142 log Internal Server Error: /sales/
Traceback (most recent call last):
  File "/home/notouriousmma/Documents/Tk/pharmacy/Pharmacy_project/venv/lib/python3.12/site-packages/django/core/handlers/exception.py", line 55, in inner
    response = get_response(request)
               ^^^^^^^^^^^^^^^^^^^^^
  File "/home/notouriousmma/Documents/Tk/pharmacy/Pharmacy_project/venv/lib/python3.12/site-packages/django/core/handlers/base.py", line 197, in _get_response
    response = wrapped_callback(request, *callback_args, **callback_kwargs)
               ^^^^^^^^^^^^^^^^^^^^^^^^^^^^^^^^^^^^^^^^^^^^^^^^^^^^^^^^^^^^
  File "/home/notouriousmma/Documents/Tk/pharmacy/Pharmacy_project/venv/lib/python3.12/site-packages/django/contrib/auth/decorators.py", line 59, in _view_wrapper
    return view_func(request, *args, **kwargs)
           ^^^^^^^^^^^^^^^^^^^^^^^^^^^^^^^^^^^
  File "/home/notouriousmma/Documents/Tk/pharmacy/Pharmacy_project/sales/views.py", line 352, in sales_list
    return render(request, 'sales/sales_list.html', context)
           ^^^^^^^^^^^^^^^^^^^^^^^^^^^^^^^^^^^^^^^^^^^^^^^^^
  File "/home/notouriousmma/Documents/Tk/pharmacy/Pharmacy_project/venv/lib/python3.12/site-packages/django/shortcuts.py", line 25, in render
    content = loader.render_to_string(template_name, context, request, using=using)
              ^^^^^^^^^^^^^^^^^^^^^^^^^^^^^^^^^^^^^^^^^^^^^^^^^^^^^^^^^^^^^^^^^^^^^
  File "/home/notouriousmma/Documents/Tk/pharmacy/Pharmacy_project/venv/lib/python3.12/site-packages/django/template/loader.py", line 62, in render_to_string
    return template.render(context, request)
           ^^^^^^^^^^^^^^^^^^^^^^^^^^^^^^^^^
  File "/home/notouriousmma/Documents/Tk/pharmacy/Pharmacy_project/venv/lib/python3.12/site-packages/django/template/backends/django.py", line 107, in render
    return self.template.render(context)
           ^^^^^^^^^^^^^^^^^^^^^^^^^^^^^
  File "/home/notouriousmma/Documents/Tk/pharmacy/Pharmacy_project/venv/lib/python3.12/site-packages/django/template/base.py", line 171, in render
    return self._render(context)
           ^^^^^^^^^^^^^^^^^^^^^
  File "/home/notouriousmma/Documents/Tk/pharmacy/Pharmacy_project/venv/lib/python3.12/site-packages/django/test/utils.py", line 114, in instrumented_test_render
    return self.nodelist.render(context)
           ^^^^^^^^^^^^^^^^^^^^^^^^^^^^^
  File "/home/notouriousmma/Documents/Tk/pharmacy/Pharmacy_project/venv/lib/python3.12/site-packages/django/template/base.py", line 1016, in render
    return SafeString("".join([node.render_annotated(context) for node in self]))
                               ^^^^^^^^^^^^^^^^^^^^^^^^^^^^^^
  File "/home/notouriousmma/Documents/Tk/pharmacy/Pharmacy_project/venv/lib/python3.12/site-packages/django/template/base.py", line 977, in render_annotated
    return self.render(context)
           ^^^^^^^^^^^^^^^^^^^^
  File "/home/notouriousmma/Documents/Tk/pharmacy/Pharmacy_project/venv/lib/python3.12/site-packages/django/template/loader_tags.py", line 159, in render
    return compiled_parent._render(context)
           ^^^^^^^^^^^^^^^^^^^^^^^^^^^^^^^^
  File "/home/notouriousmma/Documents/Tk/pharmacy/Pharmacy_project/venv/lib/python3.12/site-packages/django/test/utils.py", line 114, in instrumented_test_render
    return self.nodelist.render(context)
           ^^^^^^^^^^^^^^^^^^^^^^^^^^^^^
  File "/home/notouriousmma/Documents/Tk/pharmacy/Pharmacy_project/venv/lib/python3.12/site-packages/django/template/base.py", line 1016, in render
    return SafeString("".join([node.render_annotated(context) for node in self]))
                               ^^^^^^^^^^^^^^^^^^^^^^^^^^^^^^
  File "/home/notouriousmma/Documents/Tk/pharmacy/Pharmacy_project/venv/lib/python3.12/site-packages/django/template/base.py", line 977, in render_annotated
    return self.render(context)
           ^^^^^^^^^^^^^^^^^^^^
  File "/home/notouriousmma/Documents/Tk/pharmacy/Pharmacy_project/venv/lib/python3.12/site-packages/django/template/defaulttags.py", line 327, in render
    return nodelist.render(context)
           ^^^^^^^^^^^^^^^^^^^^^^^^
  File "/home/notouriousmma/Documents/Tk/pharmacy/Pharmacy_project/venv/lib/python3.12/site-packages/django/template/base.py", line 1016, in render
    return SafeString("".join([node.render_annotated(context) for node in self]))
                               ^^^^^^^^^^^^^^^^^^^^^^^^^^^^^^
  File "/home/notouriousmma/Documents/Tk/pharmacy/Pharmacy_project/venv/lib/python3.12/site-packages/django/template/base.py", line 977, in render_annotated
    return self.render(context)
           ^^^^^^^^^^^^^^^^^^^^
  File "/home/notouriousmma/Documents/Tk/pharmacy/Pharmacy_project/venv/lib/python3.12/site-packages/django/template/loader_tags.py", line 65, in render
    result = block.nodelist.render(context)
             ^^^^^^^^^^^^^^^^^^^^^^^^^^^^^^
  File "/home/notouriousmma/Documents/Tk/pharmacy/Pharmacy_project/venv/lib/python3.12/site-packages/django/template/base.py", line 1016, in render
    return SafeString("".join([node.render_annotated(context) for node in self]))
                               ^^^^^^^^^^^^^^^^^^^^^^^^^^^^^^
  File "/home/notouriousmma/Documents/Tk/pharmacy/Pharmacy_project/venv/lib/python3.12/site-packages/django/template/base.py", line 977, in render_annotated
    return self.render(context)
           ^^^^^^^^^^^^^^^^^^^^
  File "/home/notouriousmma/Documents/Tk/pharmacy/Pharmacy_project/venv/lib/python3.12/site-packages/django/template/defaulttags.py", line 243, in render
    nodelist.append(node.render_annotated(context))
                    ^^^^^^^^^^^^^^^^^^^^^^^^^^^^^^
  File "/home/notouriousmma/Documents/Tk/pharmacy/Pharmacy_project/venv/lib/python3.12/site-packages/django/template/base.py", line 977, in render_annotated
    return self.render(context)
           ^^^^^^^^^^^^^^^^^^^^
  File "/home/notouriousmma/Documents/Tk/pharmacy/Pharmacy_project/venv/lib/python3.12/site-packages/django/template/defaulttags.py", line 480, in render
    url = reverse(view_name, args=args, kwargs=kwargs, current_app=current_app)
          ^^^^^^^^^^^^^^^^^^^^^^^^^^^^^^^^^^^^^^^^^^^^^^^^^^^^^^^^^^^^^^^^^^^^^
  File "/home/notouriousmma/Documents/Tk/pharmacy/Pharmacy_project/venv/lib/python3.12/site-packages/django/urls/base.py", line 98, in reverse
    resolved_url = resolver._reverse_with_prefix(view, prefix, *args, **kwargs)
                   ^^^^^^^^^^^^^^^^^^^^^^^^^^^^^^^^^^^^^^^^^^^^^^^^^^^^^^^^^^^^
  File "/home/notouriousmma/Documents/Tk/pharmacy/Pharmacy_project/venv/lib/python3.12/site-packages/django/urls/resolvers.py", line 831, in _reverse_with_prefix
    raise NoReverseMatch(msg)
django.urls.exceptions.NoReverseMatch: Reverse for 'sale_receipt' not found. 'sale_receipt' is not a valid view function or pattern name.
ERROR 2025-12-21 08:25:37,706 log Internal Server Error: /sales/
Traceback (most recent call last):
  File "/home/notouriousmma/Documents/Tk/pharmacy/Pharmacy_project/venv/lib/python3.12/site-packages/django/core/handlers/exception.py", line 55, in inner
    response = get_response(request)
               ^^^^^^^^^^^^^^^^^^^^^
  File "/home/notouriousmma/Documents/Tk/pharmacy/Pharmacy_project/venv/lib/python3.12/site-packages/django/core/handlers/base.py", line 197, in _get_response
    response = wrapped_callback(request, *callback_args, **callback_kwargs)
               ^^^^^^^^^^^^^^^^^^^^^^^^^^^^^^^^^^^^^^^^^^^^^^^^^^^^^^^^^^^^
  File "/home/notouriousmma/Documents/Tk/pharmacy/Pharmacy_project/venv/lib/python3.12/site-packages/django/contrib/auth/decorators.py", line 59, in _view_wrapper
    return view_func(request, *args, **kwargs)
           ^^^^^^^^^^^^^^^^^^^^^^^^^^^^^^^^^^^
  File "/home/notouriousmma/Documents/Tk/pharmacy/Pharmacy_project/sales/views.py", line 352, in sales_list
    return render(request, 'sales/sales_list.html', context)
           ^^^^^^^^^^^^^^^^^^^^^^^^^^^^^^^^^^^^^^^^^^^^^^^^^
  File "/home/notouriousmma/Documents/Tk/pharmacy/Pharmacy_project/venv/lib/python3.12/site-packages/django/shortcuts.py", line 25, in render
    content = loader.render_to_string(template_name, context, request, using=using)
              ^^^^^^^^^^^^^^^^^^^^^^^^^^^^^^^^^^^^^^^^^^^^^^^^^^^^^^^^^^^^^^^^^^^^^
  File "/home/notouriousmma/Documents/Tk/pharmacy/Pharmacy_project/venv/lib/python3.12/site-packages/django/template/loader.py", line 62, in render_to_string
    return template.render(context, request)
           ^^^^^^^^^^^^^^^^^^^^^^^^^^^^^^^^^
  File "/home/notouriousmma/Documents/Tk/pharmacy/Pharmacy_project/venv/lib/python3.12/site-packages/django/template/backends/django.py", line 107, in render
    return self.template.render(context)
           ^^^^^^^^^^^^^^^^^^^^^^^^^^^^^
  File "/home/notouriousmma/Documents/Tk/pharmacy/Pharmacy_project/venv/lib/python3.12/site-packages/django/template/base.py", line 171, in render
    return self._render(context)
           ^^^^^^^^^^^^^^^^^^^^^
  File "/home/notouriousmma/Documents/Tk/pharmacy/Pharmacy_project/venv/lib/python3.12/site-packages/django/test/utils.py", line 114, in instrumented_test_render
    return self.nodelist.render(context)
           ^^^^^^^^^^^^^^^^^^^^^^^^^^^^^
  File "/home/notouriousmma/Documents/Tk/pharmacy/Pharmacy_project/venv/lib/python3.12/site-packages/django/template/base.py", line 1016, in render
    return SafeString("".join([node.render_annotated(context) for node in self]))
                               ^^^^^^^^^^^^^^^^^^^^^^^^^^^^^^
  File "/home/notouriousmma/Documents/Tk/pharmacy/Pharmacy_project/venv/lib/python3.12/site-packages/django/template/base.py", line 977, in render_annotated
    return self.render(context)
           ^^^^^^^^^^^^^^^^^^^^
  File "/home/notouriousmma/Documents/Tk/pharmacy/Pharmacy_project/venv/lib/python3.12/site-packages/django/template/loader_tags.py", line 159, in render
    return compiled_parent._render(context)
           ^^^^^^^^^^^^^^^^^^^^^^^^^^^^^^^^
  File "/home/notouriousmma/Documents/Tk/pharmacy/Pharmacy_project/venv/lib/python3.12/site-packages/django/test/utils.py", line 114, in instrumented_test_render
    return self.nodelist.render(context)
           ^^^^^^^^^^^^^^^^^^^^^^^^^^^^^
  File "/home/notouriousmma/Documents/Tk/pharmacy/Pharmacy_project/venv/lib/python3.12/site-packages/django/template/base.py", line 1016, in render
    return SafeString("".join([node.render_annotated(context) for node in self]))
                               ^^^^^^^^^^^^^^^^^^^^^^^^^^^^^^
  File "/home/notouriousmma/Documents/Tk/pharmacy/Pharmacy_project/venv/lib/python3.12/site-packages/django/template/base.py", line 977, in render_annotated
    return self.render(context)
           ^^^^^^^^^^^^^^^^^^^^
  File "/home/notouriousmma/Documents/Tk/pharmacy/Pharmacy_project/venv/lib/python3.12/site-packages/django/template/defaulttags.py", line 327, in render
    return nodelist.render(context)
           ^^^^^^^^^^^^^^^^^^^^^^^^
  File "/home/notouriousmma/Documents/Tk/pharmacy/Pharmacy_project/venv/lib/python3.12/site-packages/django/template/base.py", line 1016, in render
    return SafeString("".join([node.render_annotated(context) for node in self]))
                               ^^^^^^^^^^^^^^^^^^^^^^^^^^^^^^
  File "/home/notouriousmma/Documents/Tk/pharmacy/Pharmacy_project/venv/lib/python3.12/site-packages/django/template/base.py", line 977, in render_annotated
    return self.render(context)
           ^^^^^^^^^^^^^^^^^^^^
  File "/home/notouriousmma/Documents/Tk/pharmacy/Pharmacy_project/venv/lib/python3.12/site-packages/django/template/loader_tags.py", line 65, in render
    result = block.nodelist.render(context)
             ^^^^^^^^^^^^^^^^^^^^^^^^^^^^^^
  File "/home/notouriousmma/Documents/Tk/pharmacy/Pharmacy_project/venv/lib/python3.12/site-packages/django/template/base.py", line 1016, in render
    return SafeString("".join([node.render_annotated(context) for node in self]))
                               ^^^^^^^^^^^^^^^^^^^^^^^^^^^^^^
  File "/home/notouriousmma/Documents/Tk/pharmacy/Pharmacy_project/venv/lib/python3.12/site-packages/django/template/base.py", line 977, in render_annotated
    return self.render(context)
           ^^^^^^^^^^^^^^^^^^^^
  File "/home/notouriousmma/Documents/Tk/pharmacy/Pharmacy_project/venv/lib/python3.12/site-packages/django/template/defaulttags.py", line 243, in render
    nodelist.append(node.render_annotated(context))
                    ^^^^^^^^^^^^^^^^^^^^^^^^^^^^^^
  File "/home/notouriousmma/Documents/Tk/pharmacy/Pharmacy_project/venv/lib/python3.12/site-packages/django/template/base.py", line 977, in render_annotated
    return self.render(context)
           ^^^^^^^^^^^^^^^^^^^^
  File "/home/notouriousmma/Documents/Tk/pharmacy/Pharmacy_project/venv/lib/python3.12/site-packages/django/template/defaulttags.py", line 480, in render
    url = reverse(view_name, args=args, kwargs=kwargs, current_app=current_app)
          ^^^^^^^^^^^^^^^^^^^^^^^^^^^^^^^^^^^^^^^^^^^^^^^^^^^^^^^^^^^^^^^^^^^^^
  File "/home/notouriousmma/Documents/Tk/pharmacy/Pharmacy_project/venv/lib/python3.12/site-packages/django/urls/base.py", line 98, in reverse
    resolved_url = resolver._reverse_with_prefix(view, prefix, *args, **kwargs)
                   ^^^^^^^^^^^^^^^^^^^^^^^^^^^^^^^^^^^^^^^^^^^^^^^^^^^^^^^^^^^^
  File "/home/notouriousmma/Documents/Tk/pharmacy/Pharmacy_project/venv/lib/python3.12/site-packages/django/urls/resolvers.py", line 831, in _reverse_with_prefix
    raise NoReverseMatch(msg)
django.urls.exceptions.NoReverseMatch: Reverse for 'sale_receipt' not found. 'sale_receipt' is not a valid view function or pattern name.
ERROR 2025-12-21 08:25:41,795 log Internal Server Error: /sales/sales/1/
Traceback (most recent call last):
  File "/home/notouriousmma/Documents/Tk/pharmacy/Pharmacy_project/venv/lib/python3.12/site-packages/django/core/handlers/exception.py", line 55, in inner
    response = get_response(request)
               ^^^^^^^^^^^^^^^^^^^^^
  File "/home/notouriousmma/Documents/Tk/pharmacy/Pharmacy_project/venv/lib/python3.12/site-packages/django/core/handlers/base.py", line 197, in _get_response
    response = wrapped_callback(request, *callback_args, **callback_kwargs)
               ^^^^^^^^^^^^^^^^^^^^^^^^^^^^^^^^^^^^^^^^^^^^^^^^^^^^^^^^^^^^
  File "/home/notouriousmma/Documents/Tk/pharmacy/Pharmacy_project/venv/lib/python3.12/site-packages/django/contrib/auth/decorators.py", line 59, in _view_wrapper
    return view_func(request, *args, **kwargs)
           ^^^^^^^^^^^^^^^^^^^^^^^^^^^^^^^^^^^
  File "/home/notouriousmma/Documents/Tk/pharmacy/Pharmacy_project/sales/views.py", line 368, in sale_detail
    return render(request, 'sales/sale_detail.html', context)
           ^^^^^^^^^^^^^^^^^^^^^^^^^^^^^^^^^^^^^^^^^^^^^^^^^^
  File "/home/notouriousmma/Documents/Tk/pharmacy/Pharmacy_project/venv/lib/python3.12/site-packages/django/shortcuts.py", line 25, in render
    content = loader.render_to_string(template_name, context, request, using=using)
              ^^^^^^^^^^^^^^^^^^^^^^^^^^^^^^^^^^^^^^^^^^^^^^^^^^^^^^^^^^^^^^^^^^^^^
  File "/home/notouriousmma/Documents/Tk/pharmacy/Pharmacy_project/venv/lib/python3.12/site-packages/django/template/loader.py", line 61, in render_to_string
    template = get_template(template_name, using=using)
               ^^^^^^^^^^^^^^^^^^^^^^^^^^^^^^^^^^^^^^^^
  File "/home/notouriousmma/Documents/Tk/pharmacy/Pharmacy_project/venv/lib/python3.12/site-packages/django/template/loader.py", line 19, in get_template
    raise TemplateDoesNotExist(template_name, chain=chain)
django.template.exceptions.TemplateDoesNotExist: sales/sale_detail.html
ERROR 2025-12-21 08:25:44,011 log Internal Server Error: /sales/
Traceback (most recent call last):
  File "/home/notouriousmma/Documents/Tk/pharmacy/Pharmacy_project/venv/lib/python3.12/site-packages/django/core/handlers/exception.py", line 55, in inner
    response = get_response(request)
               ^^^^^^^^^^^^^^^^^^^^^
  File "/home/notouriousmma/Documents/Tk/pharmacy/Pharmacy_project/venv/lib/python3.12/site-packages/django/core/handlers/base.py", line 197, in _get_response
    response = wrapped_callback(request, *callback_args, **callback_kwargs)
               ^^^^^^^^^^^^^^^^^^^^^^^^^^^^^^^^^^^^^^^^^^^^^^^^^^^^^^^^^^^^
  File "/home/notouriousmma/Documents/Tk/pharmacy/Pharmacy_project/venv/lib/python3.12/site-packages/django/contrib/auth/decorators.py", line 59, in _view_wrapper
    return view_func(request, *args, **kwargs)
           ^^^^^^^^^^^^^^^^^^^^^^^^^^^^^^^^^^^
  File "/home/notouriousmma/Documents/Tk/pharmacy/Pharmacy_project/sales/views.py", line 352, in sales_list
    return render(request, 'sales/sales_list.html', context)
           ^^^^^^^^^^^^^^^^^^^^^^^^^^^^^^^^^^^^^^^^^^^^^^^^^
  File "/home/notouriousmma/Documents/Tk/pharmacy/Pharmacy_project/venv/lib/python3.12/site-packages/django/shortcuts.py", line 25, in render
    content = loader.render_to_string(template_name, context, request, using=using)
              ^^^^^^^^^^^^^^^^^^^^^^^^^^^^^^^^^^^^^^^^^^^^^^^^^^^^^^^^^^^^^^^^^^^^^
  File "/home/notouriousmma/Documents/Tk/pharmacy/Pharmacy_project/venv/lib/python3.12/site-packages/django/template/loader.py", line 62, in render_to_string
    return template.render(context, request)
           ^^^^^^^^^^^^^^^^^^^^^^^^^^^^^^^^^
  File "/home/notouriousmma/Documents/Tk/pharmacy/Pharmacy_project/venv/lib/python3.12/site-packages/django/template/backends/django.py", line 107, in render
    return self.template.render(context)
           ^^^^^^^^^^^^^^^^^^^^^^^^^^^^^
  File "/home/notouriousmma/Documents/Tk/pharmacy/Pharmacy_project/venv/lib/python3.12/site-packages/django/template/base.py", line 171, in render
    return self._render(context)
           ^^^^^^^^^^^^^^^^^^^^^
  File "/home/notouriousmma/Documents/Tk/pharmacy/Pharmacy_project/venv/lib/python3.12/site-packages/django/test/utils.py", line 114, in instrumented_test_render
    return self.nodelist.render(context)
           ^^^^^^^^^^^^^^^^^^^^^^^^^^^^^
  File "/home/notouriousmma/Documents/Tk/pharmacy/Pharmacy_project/venv/lib/python3.12/site-packages/django/template/base.py", line 1016, in render
    return SafeString("".join([node.render_annotated(context) for node in self]))
                               ^^^^^^^^^^^^^^^^^^^^^^^^^^^^^^
  File "/home/notouriousmma/Documents/Tk/pharmacy/Pharmacy_project/venv/lib/python3.12/site-packages/django/template/base.py", line 977, in render_annotated
    return self.render(context)
           ^^^^^^^^^^^^^^^^^^^^
  File "/home/notouriousmma/Documents/Tk/pharmacy/Pharmacy_project/venv/lib/python3.12/site-packages/django/template/loader_tags.py", line 159, in render
    return compiled_parent._render(context)
           ^^^^^^^^^^^^^^^^^^^^^^^^^^^^^^^^
  File "/home/notouriousmma/Documents/Tk/pharmacy/Pharmacy_project/venv/lib/python3.12/site-packages/django/test/utils.py", line 114, in instrumented_test_render
    return self.nodelist.render(context)
           ^^^^^^^^^^^^^^^^^^^^^^^^^^^^^
  File "/home/notouriousmma/Documents/Tk/pharmacy/Pharmacy_project/venv/lib/python3.12/site-packages/django/template/base.py", line 1016, in render
    return SafeString("".join([node.render_annotated(context) for node in self]))
                               ^^^^^^^^^^^^^^^^^^^^^^^^^^^^^^
  File "/home/notouriousmma/Documents/Tk/pharmacy/Pharmacy_project/venv/lib/python3.12/site-packages/django/template/base.py", line 977, in render_annotated
    return self.render(context)
           ^^^^^^^^^^^^^^^^^^^^
  File "/home/notouriousmma/Documents/Tk/pharmacy/Pharmacy_project/venv/lib/python3.12/site-packages/django/template/defaulttags.py", line 327, in render
    return nodelist.render(context)
           ^^^^^^^^^^^^^^^^^^^^^^^^
  File "/home/notouriousmma/Documents/Tk/pharmacy/Pharmacy_project/venv/lib/python3.12/site-packages/django/template/base.py", line 1016, in render
    return SafeString("".join([node.render_annotated(context) for node in self]))
                               ^^^^^^^^^^^^^^^^^^^^^^^^^^^^^^
  File "/home/notouriousmma/Documents/Tk/pharmacy/Pharmacy_project/venv/lib/python3.12/site-packages/django/template/base.py", line 977, in render_annotated
    return self.render(context)
           ^^^^^^^^^^^^^^^^^^^^
  File "/home/notouriousmma/Documents/Tk/pharmacy/Pharmacy_project/venv/lib/python3.12/site-packages/django/template/loader_tags.py", line 65, in render
    result = block.nodelist.render(context)
             ^^^^^^^^^^^^^^^^^^^^^^^^^^^^^^
  File "/home/notouriousmma/Documents/Tk/pharmacy/Pharmacy_project/venv/lib/python3.12/site-packages/django/template/base.py", line 1016, in render
    return SafeString("".join([node.render_annotated(context) for node in self]))
                               ^^^^^^^^^^^^^^^^^^^^^^^^^^^^^^
  File "/home/notouriousmma/Documents/Tk/pharmacy/Pharmacy_project/venv/lib/python3.12/site-packages/django/template/base.py", line 977, in render_annotated
    return self.render(context)
           ^^^^^^^^^^^^^^^^^^^^
  File "/home/notouriousmma/Documents/Tk/pharmacy/Pharmacy_project/venv/lib/python3.12/site-packages/django/template/defaulttags.py", line 243, in render
    nodelist.append(node.render_annotated(context))
                    ^^^^^^^^^^^^^^^^^^^^^^^^^^^^^^
  File "/home/notouriousmma/Documents/Tk/pharmacy/Pharmacy_project/venv/lib/python3.12/site-packages/django/template/base.py", line 977, in render_annotated
    return self.render(context)
           ^^^^^^^^^^^^^^^^^^^^
  File "/home/notouriousmma/Documents/Tk/pharmacy/Pharmacy_project/venv/lib/python3.12/site-packages/django/template/defaulttags.py", line 480, in render
    url = reverse(view_name, args=args, kwargs=kwargs, current_app=current_app)
          ^^^^^^^^^^^^^^^^^^^^^^^^^^^^^^^^^^^^^^^^^^^^^^^^^^^^^^^^^^^^^^^^^^^^^
  File "/home/notouriousmma/Documents/Tk/pharmacy/Pharmacy_project/venv/lib/python3.12/site-packages/django/urls/base.py", line 98, in reverse
    resolved_url = resolver._reverse_with_prefix(view, prefix, *args, **kwargs)
                   ^^^^^^^^^^^^^^^^^^^^^^^^^^^^^^^^^^^^^^^^^^^^^^^^^^^^^^^^^^^^
  File "/home/notouriousmma/Documents/Tk/pharmacy/Pharmacy_project/venv/lib/python3.12/site-packages/django/urls/resolvers.py", line 831, in _reverse_with_prefix
    raise NoReverseMatch(msg)
django.urls.exceptions.NoReverseMatch: Reverse for 'sale_receipt' not found. 'sale_receipt' is not a valid view function or pattern name.
INFO 2025-12-21 11:33:10,274 autoreload Watching for file changes with StatReloader
INFO 2025-12-21 11:34:40,758 basehttp "GET / HTTP/1.1" 200 13850
WARNING 2025-12-21 11:34:41,658 basehttp "GET /static/js/main.js HTTP/1.1" 404 1957
WARNING 2025-12-21 11:34:41,905 basehttp "GET /static/js/main.js HTTP/1.1" 404 1957
INFO 2025-12-21 11:34:52,389 basehttp "GET /inventory/low-stock/ HTTP/1.1" 200 12330
WARNING 2025-12-21 11:34:52,504 basehttp "GET /static/js/main.js HTTP/1.1" 404 1957
WARNING 2025-12-21 11:34:52,734 basehttp "GET /static/js/main.js HTTP/1.1" 404 1957
INFO 2025-12-21 17:39:31,249 autoreload Watching for file changes with StatReloader
INFO 2025-12-21 17:39:56,604 basehttp "GET / HTTP/1.1" 200 13850
WARNING 2025-12-21 17:39:58,139 basehttp "GET /static/js/main.js HTTP/1.1" 404 1957
WARNING 2025-12-21 17:39:58,602 basehttp "GET /static/js/main.js HTTP/1.1" 404 1957
INFO 2025-12-21 17:41:20,254 basehttp "GET /sales/pos/ HTTP/1.1" 200 42416
WARNING 2025-12-21 17:41:20,352 basehttp "GET /static/js/main.js HTTP/1.1" 404 1957
WARNING 2025-12-21 17:41:20,884 basehttp "GET /static/js/main.js HTTP/1.1" 404 1957
INFO 2025-12-21 17:41:30,097 basehttp "GET /sales/ HTTP/1.1" 200 21302
WARNING 2025-12-21 17:41:30,172 basehttp "GET /static/js/main.js HTTP/1.1" 404 1957
WARNING 2025-12-21 17:41:30,677 basehttp "GET /static/js/main.js HTTP/1.1" 404 1957
INFO 2025-12-21 17:41:50,124 basehttp "GET /sales/?start_date=&end_date=&date_filter=today&payment_method=&status=&search= HTTP/1.1" 200 21606
WARNING 2025-12-21 17:41:50,242 basehttp "GET /static/js/main.js HTTP/1.1" 404 1957
WARNING 2025-12-21 17:41:50,719 basehttp "GET /static/js/main.js HTTP/1.1" 404 1957
INFO 2025-12-21 17:41:55,928 basehttp "GET /sales/?start_date=&end_date=&date_filter=yesterday&payment_method=&status=&search= HTTP/1.1" 200 21606
WARNING 2025-12-21 17:41:56,044 basehttp "GET /static/js/main.js HTTP/1.1" 404 1957
WARNING 2025-12-21 17:41:56,515 basehttp "GET /static/js/main.js HTTP/1.1" 404 1957
INFO 2025-12-21 17:42:01,304 basehttp "GET /sales/?start_date=&end_date=&date_filter=week&payment_method=&status=&search= HTTP/1.1" 200 21606
WARNING 2025-12-21 17:42:01,403 basehttp "GET /static/js/main.js HTTP/1.1" 404 1957
WARNING 2025-12-21 17:42:01,893 basehttp "GET /static/js/main.js HTTP/1.1" 404 1957
INFO 2025-12-21 17:42:04,860 basehttp "GET /sales/?start_date=&end_date=&date_filter=month&payment_method=&status=&search= HTTP/1.1" 200 21606
WARNING 2025-12-21 17:42:04,943 basehttp "GET /static/js/main.js HTTP/1.1" 404 1957
WARNING 2025-12-21 17:42:05,419 basehttp "GET /static/js/main.js HTTP/1.1" 404 1957
INFO 2025-12-21 17:42:44,597 basehttp "GET / HTTP/1.1" 200 13850
WARNING 2025-12-21 17:42:44,736 basehttp "GET /static/js/main.js HTTP/1.1" 404 1957
WARNING 2025-12-21 17:42:45,205 basehttp "GET /static/js/main.js HTTP/1.1" 404 1957
INFO 2025-12-21 17:42:45,928 basehttp "GET /sales/pos/ HTTP/1.1" 200 42416
WARNING 2025-12-21 17:42:46,013 basehttp "GET /static/js/main.js HTTP/1.1" 404 1957
WARNING 2025-12-21 17:42:46,548 basehttp "GET /static/js/main.js HTTP/1.1" 404 1957
INFO 2025-12-21 17:43:34,697 basehttp "GET /inventory/ HTTP/1.1" 200 12911
WARNING 2025-12-21 17:43:34,778 basehttp "GET /static/js/main.js HTTP/1.1" 404 1957
WARNING 2025-12-21 17:43:35,265 basehttp "GET /static/js/main.js HTTP/1.1" 404 1957
INFO 2025-12-21 17:43:37,674 basehttp "GET /inventory/categories/ HTTP/1.1" 200 15430
WARNING 2025-12-21 17:43:37,742 basehttp "GET /static/js/main.js HTTP/1.1" 404 1957
WARNING 2025-12-21 17:43:38,221 basehttp "GET /static/js/main.js HTTP/1.1" 404 1957
INFO 2025-12-21 17:43:48,440 basehttp "GET /inventory/low-stock/ HTTP/1.1" 200 12330
WARNING 2025-12-21 17:43:48,554 basehttp "GET /static/js/main.js HTTP/1.1" 404 1957
WARNING 2025-12-21 17:43:48,971 basehttp "GET /static/js/main.js HTTP/1.1" 404 1957
INFO 2025-12-21 17:44:08,967 basehttp "GET /inventory/expiring/ HTTP/1.1" 200 14364
WARNING 2025-12-21 17:44:09,086 basehttp "GET /static/js/main.js HTTP/1.1" 404 1957
WARNING 2025-12-21 17:44:09,501 basehttp "GET /static/js/main.js HTTP/1.1" 404 1957
INFO 2025-12-22 07:18:31,769 autoreload Watching for file changes with StatReloader
INFO 2025-12-22 07:19:02,535 basehttp "GET / HTTP/1.1" 200 13850
INFO 2025-12-22 07:19:03,270 basehttp "GET /static/css/style.css HTTP/1.1" 304 0
WARNING 2025-12-22 07:19:03,720 basehttp "GET /static/js/main.js HTTP/1.1" 404 1957
WARNING 2025-12-22 07:19:04,304 basehttp "GET /static/js/main.js HTTP/1.1" 404 1957
INFO 2025-12-22 07:19:32,084 basehttp "GET /logout/ HTTP/1.1" 302 0
INFO 2025-12-22 07:19:32,159 basehttp "GET /login/ HTTP/1.1" 200 5629
WARNING 2025-12-22 07:19:32,279 basehttp "GET /static/js/main.js HTTP/1.1" 404 1957
WARNING 2025-12-22 07:19:32,419 basehttp "GET /static/js/main.js HTTP/1.1" 404 1957
INFO 2025-12-22 07:20:35,275 basehttp "POST /login/ HTTP/1.1" 302 0
INFO 2025-12-22 07:20:35,318 basehttp "GET / HTTP/1.1" 200 14226
WARNING 2025-12-22 07:20:35,484 basehttp "GET /static/js/main.js HTTP/1.1" 404 1957
WARNING 2025-12-22 07:20:35,982 basehttp "GET /static/js/main.js HTTP/1.1" 404 1957
INFO 2025-12-22 07:23:11,893 basehttp "GET /sales/pos/ HTTP/1.1" 200 42416
WARNING 2025-12-22 07:23:12,019 basehttp "GET /static/js/main.js HTTP/1.1" 404 1957
WARNING 2025-12-22 07:23:12,640 basehttp "GET /static/js/main.js HTTP/1.1" 404 1957
INFO 2025-12-22 07:26:02,743 basehttp "GET /inventory/ HTTP/1.1" 200 12911
WARNING 2025-12-22 07:26:02,867 basehttp "GET /static/js/main.js HTTP/1.1" 404 1957
WARNING 2025-12-22 07:26:03,359 basehttp "GET /static/js/main.js HTTP/1.1" 404 1957
INFO 2025-12-22 07:26:16,145 basehttp "GET /inventory/low-stock/ HTTP/1.1" 200 12330
WARNING 2025-12-22 07:26:16,257 basehttp "GET /static/js/main.js HTTP/1.1" 404 1957
WARNING 2025-12-22 07:26:16,764 basehttp "GET /static/js/main.js HTTP/1.1" 404 1957
INFO 2025-12-22 07:29:44,968 basehttp "GET /inventory/expiring/ HTTP/1.1" 200 14364
WARNING 2025-12-22 07:29:45,123 basehttp "GET /static/js/main.js HTTP/1.1" 404 1957
WARNING 2025-12-22 07:29:45,579 basehttp "GET /static/js/main.js HTTP/1.1" 404 1957
INFO 2025-12-22 07:29:54,692 basehttp "GET /inventory/ HTTP/1.1" 200 12911
WARNING 2025-12-22 07:29:54,821 basehttp "GET /static/js/main.js HTTP/1.1" 404 1957
WARNING 2025-12-22 07:29:55,323 basehttp "GET /static/js/main.js HTTP/1.1" 404 1957
ERROR 2025-12-22 11:56:38,937 log Internal Server Error: /change-password/
Traceback (most recent call last):
  File "/home/notouriousmma/Documents/Tk/pharmacy/Pharmacy_project/venv/lib/python3.12/site-packages/django/core/handlers/exception.py", line 55, in inner
    response = get_response(request)
               ^^^^^^^^^^^^^^^^^^^^^
  File "/home/notouriousmma/Documents/Tk/pharmacy/Pharmacy_project/venv/lib/python3.12/site-packages/django/core/handlers/base.py", line 197, in _get_response
    response = wrapped_callback(request, *callback_args, **callback_kwargs)
               ^^^^^^^^^^^^^^^^^^^^^^^^^^^^^^^^^^^^^^^^^^^^^^^^^^^^^^^^^^^^
  File "/home/notouriousmma/Documents/Tk/pharmacy/Pharmacy_project/venv/lib/python3.12/site-packages/django/contrib/auth/decorators.py", line 59, in _view_wrapper
    return view_func(request, *args, **kwargs)
           ^^^^^^^^^^^^^^^^^^^^^^^^^^^^^^^^^^^
  File "/home/notouriousmma/Documents/Tk/pharmacy/Pharmacy_project/accounts/views.py", line 327, in change_password
    return render(request, 'accounts/change_password.html')
           ^^^^^^^^^^^^^^^^^^^^^^^^^^^^^^^^^^^^^^^^^^^^^^^^
  File "/home/notouriousmma/Documents/Tk/pharmacy/Pharmacy_project/venv/lib/python3.12/site-packages/django/shortcuts.py", line 25, in render
    content = loader.render_to_string(template_name, context, request, using=using)
              ^^^^^^^^^^^^^^^^^^^^^^^^^^^^^^^^^^^^^^^^^^^^^^^^^^^^^^^^^^^^^^^^^^^^^
  File "/home/notouriousmma/Documents/Tk/pharmacy/Pharmacy_project/venv/lib/python3.12/site-packages/django/template/loader.py", line 61, in render_to_string
    template = get_template(template_name, using=using)
               ^^^^^^^^^^^^^^^^^^^^^^^^^^^^^^^^^^^^^^^^
  File "/home/notouriousmma/Documents/Tk/pharmacy/Pharmacy_project/venv/lib/python3.12/site-packages/django/template/loader.py", line 19, in get_template
    raise TemplateDoesNotExist(template_name, chain=chain)
django.template.exceptions.TemplateDoesNotExist: accounts/change_password.html
ERROR 2025-12-22 11:57:14,398 log Internal Server Error: /users/3/
Traceback (most recent call last):
  File "/home/notouriousmma/Documents/Tk/pharmacy/Pharmacy_project/venv/lib/python3.12/site-packages/django/core/handlers/exception.py", line 55, in inner
    response = get_response(request)
               ^^^^^^^^^^^^^^^^^^^^^
  File "/home/notouriousmma/Documents/Tk/pharmacy/Pharmacy_project/venv/lib/python3.12/site-packages/django/core/handlers/base.py", line 197, in _get_response
    response = wrapped_callback(request, *callback_args, **callback_kwargs)
               ^^^^^^^^^^^^^^^^^^^^^^^^^^^^^^^^^^^^^^^^^^^^^^^^^^^^^^^^^^^^
  File "/home/notouriousmma/Documents/Tk/pharmacy/Pharmacy_project/venv/lib/python3.12/site-packages/django/contrib/auth/decorators.py", line 59, in _view_wrapper
    return view_func(request, *args, **kwargs)
           ^^^^^^^^^^^^^^^^^^^^^^^^^^^^^^^^^^^
  File "/home/notouriousmma/Documents/Tk/pharmacy/Pharmacy_project/venv/lib/python3.12/site-packages/django/contrib/auth/decorators.py", line 59, in _view_wrapper
    return view_func(request, *args, **kwargs)
           ^^^^^^^^^^^^^^^^^^^^^^^^^^^^^^^^^^^
  File "/home/notouriousmma/Documents/Tk/pharmacy/Pharmacy_project/accounts/views.py", line 287, in user_detail
    return render(request, 'accounts/user_detail.html', context)
           ^^^^^^^^^^^^^^^^^^^^^^^^^^^^^^^^^^^^^^^^^^^^^^^^^^^^^
  File "/home/notouriousmma/Documents/Tk/pharmacy/Pharmacy_project/venv/lib/python3.12/site-packages/django/shortcuts.py", line 25, in render
    content = loader.render_to_string(template_name, context, request, using=using)
              ^^^^^^^^^^^^^^^^^^^^^^^^^^^^^^^^^^^^^^^^^^^^^^^^^^^^^^^^^^^^^^^^^^^^^
  File "/home/notouriousmma/Documents/Tk/pharmacy/Pharmacy_project/venv/lib/python3.12/site-packages/django/template/loader.py", line 61, in render_to_string
    template = get_template(template_name, using=using)
               ^^^^^^^^^^^^^^^^^^^^^^^^^^^^^^^^^^^^^^^^
  File "/home/notouriousmma/Documents/Tk/pharmacy/Pharmacy_project/venv/lib/python3.12/site-packages/django/template/loader.py", line 19, in get_template
    raise TemplateDoesNotExist(template_name, chain=chain)
django.template.exceptions.TemplateDoesNotExist: accounts/user_detail.html
ERROR 2025-12-22 11:57:19,703 log Internal Server Error: /users/3/
Traceback (most recent call last):
  File "/home/notouriousmma/Documents/Tk/pharmacy/Pharmacy_project/venv/lib/python3.12/site-packages/django/core/handlers/exception.py", line 55, in inner
    response = get_response(request)
               ^^^^^^^^^^^^^^^^^^^^^
  File "/home/notouriousmma/Documents/Tk/pharmacy/Pharmacy_project/venv/lib/python3.12/site-packages/django/core/handlers/base.py", line 197, in _get_response
    response = wrapped_callback(request, *callback_args, **callback_kwargs)
               ^^^^^^^^^^^^^^^^^^^^^^^^^^^^^^^^^^^^^^^^^^^^^^^^^^^^^^^^^^^^
  File "/home/notouriousmma/Documents/Tk/pharmacy/Pharmacy_project/venv/lib/python3.12/site-packages/django/contrib/auth/decorators.py", line 59, in _view_wrapper
    return view_func(request, *args, **kwargs)
           ^^^^^^^^^^^^^^^^^^^^^^^^^^^^^^^^^^^
  File "/home/notouriousmma/Documents/Tk/pharmacy/Pharmacy_project/venv/lib/python3.12/site-packages/django/contrib/auth/decorators.py", line 59, in _view_wrapper
    return view_func(request, *args, **kwargs)
           ^^^^^^^^^^^^^^^^^^^^^^^^^^^^^^^^^^^
  File "/home/notouriousmma/Documents/Tk/pharmacy/Pharmacy_project/accounts/views.py", line 287, in user_detail
    return render(request, 'accounts/user_detail.html', context)
           ^^^^^^^^^^^^^^^^^^^^^^^^^^^^^^^^^^^^^^^^^^^^^^^^^^^^^
  File "/home/notouriousmma/Documents/Tk/pharmacy/Pharmacy_project/venv/lib/python3.12/site-packages/django/shortcuts.py", line 25, in render
    content = loader.render_to_string(template_name, context, request, using=using)
              ^^^^^^^^^^^^^^^^^^^^^^^^^^^^^^^^^^^^^^^^^^^^^^^^^^^^^^^^^^^^^^^^^^^^^
  File "/home/notouriousmma/Documents/Tk/pharmacy/Pharmacy_project/venv/lib/python3.12/site-packages/django/template/loader.py", line 61, in render_to_string
    template = get_template(template_name, using=using)
               ^^^^^^^^^^^^^^^^^^^^^^^^^^^^^^^^^^^^^^^^
  File "/home/notouriousmma/Documents/Tk/pharmacy/Pharmacy_project/venv/lib/python3.12/site-packages/django/template/loader.py", line 19, in get_template
    raise TemplateDoesNotExist(template_name, chain=chain)
django.template.exceptions.TemplateDoesNotExist: accounts/user_detail.html
ERROR 2025-12-22 11:57:28,952 log Internal Server Error: /users/
Traceback (most recent call last):
  File "/home/notouriousmma/Documents/Tk/pharmacy/Pharmacy_project/venv/lib/python3.12/site-packages/django/core/handlers/exception.py", line 55, in inner
    response = get_response(request)
               ^^^^^^^^^^^^^^^^^^^^^
  File "/home/notouriousmma/Documents/Tk/pharmacy/Pharmacy_project/venv/lib/python3.12/site-packages/django/core/handlers/base.py", line 197, in _get_response
    response = wrapped_callback(request, *callback_args, **callback_kwargs)
               ^^^^^^^^^^^^^^^^^^^^^^^^^^^^^^^^^^^^^^^^^^^^^^^^^^^^^^^^^^^^
  File "/home/notouriousmma/Documents/Tk/pharmacy/Pharmacy_project/venv/lib/python3.12/site-packages/django/contrib/auth/decorators.py", line 59, in _view_wrapper
    return view_func(request, *args, **kwargs)
           ^^^^^^^^^^^^^^^^^^^^^^^^^^^^^^^^^^^
  File "/home/notouriousmma/Documents/Tk/pharmacy/Pharmacy_project/venv/lib/python3.12/site-packages/django/contrib/auth/decorators.py", line 59, in _view_wrapper
    return view_func(request, *args, **kwargs)
           ^^^^^^^^^^^^^^^^^^^^^^^^^^^^^^^^^^^
  File "/home/notouriousmma/Documents/Tk/pharmacy/Pharmacy_project/accounts/views.py", line 266, in user_list
    return render(request, 'accounts/user_list.html', context)
           ^^^^^^^^^^^^^^^^^^^^^^^^^^^^^^^^^^^^^^^^^^^^^^^^^^^
  File "/home/notouriousmma/Documents/Tk/pharmacy/Pharmacy_project/venv/lib/python3.12/site-packages/django/shortcuts.py", line 25, in render
    content = loader.render_to_string(template_name, context, request, using=using)
              ^^^^^^^^^^^^^^^^^^^^^^^^^^^^^^^^^^^^^^^^^^^^^^^^^^^^^^^^^^^^^^^^^^^^^
  File "/home/notouriousmma/Documents/Tk/pharmacy/Pharmacy_project/venv/lib/python3.12/site-packages/django/template/loader.py", line 61, in render_to_string
    template = get_template(template_name, using=using)
               ^^^^^^^^^^^^^^^^^^^^^^^^^^^^^^^^^^^^^^^^
  File "/home/notouriousmma/Documents/Tk/pharmacy/Pharmacy_project/venv/lib/python3.12/site-packages/django/template/loader.py", line 19, in get_template
    raise TemplateDoesNotExist(template_name, chain=chain)
django.template.exceptions.TemplateDoesNotExist: accounts/user_list.html
ERROR 2025-12-22 11:57:34,071 log Internal Server Error: /users/
Traceback (most recent call last):
  File "/home/notouriousmma/Documents/Tk/pharmacy/Pharmacy_project/venv/lib/python3.12/site-packages/django/core/handlers/exception.py", line 55, in inner
    response = get_response(request)
               ^^^^^^^^^^^^^^^^^^^^^
  File "/home/notouriousmma/Documents/Tk/pharmacy/Pharmacy_project/venv/lib/python3.12/site-packages/django/core/handlers/base.py", line 197, in _get_response
    response = wrapped_callback(request, *callback_args, **callback_kwargs)
               ^^^^^^^^^^^^^^^^^^^^^^^^^^^^^^^^^^^^^^^^^^^^^^^^^^^^^^^^^^^^
  File "/home/notouriousmma/Documents/Tk/pharmacy/Pharmacy_project/venv/lib/python3.12/site-packages/django/contrib/auth/decorators.py", line 59, in _view_wrapper
    return view_func(request, *args, **kwargs)
           ^^^^^^^^^^^^^^^^^^^^^^^^^^^^^^^^^^^
  File "/home/notouriousmma/Documents/Tk/pharmacy/Pharmacy_project/venv/lib/python3.12/site-packages/django/contrib/auth/decorators.py", line 59, in _view_wrapper
    return view_func(request, *args, **kwargs)
           ^^^^^^^^^^^^^^^^^^^^^^^^^^^^^^^^^^^
  File "/home/notouriousmma/Documents/Tk/pharmacy/Pharmacy_project/accounts/views.py", line 266, in user_list
    return render(request, 'accounts/user_list.html', context)
           ^^^^^^^^^^^^^^^^^^^^^^^^^^^^^^^^^^^^^^^^^^^^^^^^^^^
  File "/home/notouriousmma/Documents/Tk/pharmacy/Pharmacy_project/venv/lib/python3.12/site-packages/django/shortcuts.py", line 25, in render
    content = loader.render_to_string(template_name, context, request, using=using)
              ^^^^^^^^^^^^^^^^^^^^^^^^^^^^^^^^^^^^^^^^^^^^^^^^^^^^^^^^^^^^^^^^^^^^^
  File "/home/notouriousmma/Documents/Tk/pharmacy/Pharmacy_project/venv/lib/python3.12/site-packages/django/template/loader.py", line 61, in render_to_string
    template = get_template(template_name, using=using)
               ^^^^^^^^^^^^^^^^^^^^^^^^^^^^^^^^^^^^^^^^
  File "/home/notouriousmma/Documents/Tk/pharmacy/Pharmacy_project/venv/lib/python3.12/site-packages/django/template/loader.py", line 19, in get_template
    raise TemplateDoesNotExist(template_name, chain=chain)
django.template.exceptions.TemplateDoesNotExist: accounts/user_list.html
ERROR 2025-12-22 11:57:44,732 log Internal Server Error: /users/
Traceback (most recent call last):
  File "/home/notouriousmma/Documents/Tk/pharmacy/Pharmacy_project/venv/lib/python3.12/site-packages/django/core/handlers/exception.py", line 55, in inner
    response = get_response(request)
               ^^^^^^^^^^^^^^^^^^^^^
  File "/home/notouriousmma/Documents/Tk/pharmacy/Pharmacy_project/venv/lib/python3.12/site-packages/django/core/handlers/base.py", line 197, in _get_response
    response = wrapped_callback(request, *callback_args, **callback_kwargs)
               ^^^^^^^^^^^^^^^^^^^^^^^^^^^^^^^^^^^^^^^^^^^^^^^^^^^^^^^^^^^^
  File "/home/notouriousmma/Documents/Tk/pharmacy/Pharmacy_project/venv/lib/python3.12/site-packages/django/contrib/auth/decorators.py", line 59, in _view_wrapper
    return view_func(request, *args, **kwargs)
           ^^^^^^^^^^^^^^^^^^^^^^^^^^^^^^^^^^^
  File "/home/notouriousmma/Documents/Tk/pharmacy/Pharmacy_project/venv/lib/python3.12/site-packages/django/contrib/auth/decorators.py", line 59, in _view_wrapper
    return view_func(request, *args, **kwargs)
           ^^^^^^^^^^^^^^^^^^^^^^^^^^^^^^^^^^^
  File "/home/notouriousmma/Documents/Tk/pharmacy/Pharmacy_project/accounts/views.py", line 266, in user_list
    return render(request, 'accounts/user_list.html', context)
           ^^^^^^^^^^^^^^^^^^^^^^^^^^^^^^^^^^^^^^^^^^^^^^^^^^^
  File "/home/notouriousmma/Documents/Tk/pharmacy/Pharmacy_project/venv/lib/python3.12/site-packages/django/shortcuts.py", line 25, in render
    content = loader.render_to_string(template_name, context, request, using=using)
              ^^^^^^^^^^^^^^^^^^^^^^^^^^^^^^^^^^^^^^^^^^^^^^^^^^^^^^^^^^^^^^^^^^^^^
  File "/home/notouriousmma/Documents/Tk/pharmacy/Pharmacy_project/venv/lib/python3.12/site-packages/django/template/loader.py", line 61, in render_to_string
    template = get_template(template_name, using=using)
               ^^^^^^^^^^^^^^^^^^^^^^^^^^^^^^^^^^^^^^^^
  File "/home/notouriousmma/Documents/Tk/pharmacy/Pharmacy_project/venv/lib/python3.12/site-packages/django/template/loader.py", line 19, in get_template
    raise TemplateDoesNotExist(template_name, chain=chain)
django.template.exceptions.TemplateDoesNotExist: accounts/user_list.html
INFO 2025-12-22 12:52:02,840 autoreload Watching for file changes with StatReloader
INFO 2025-12-22 12:52:18,004 basehttp "GET /sales/ HTTP/1.1" 200 21302
WARNING 2025-12-22 12:52:19,934 basehttp "GET /static/js/main.js HTTP/1.1" 404 1957
WARNING 2025-12-22 12:52:24,135 basehttp "GET /static/js/main.js HTTP/1.1" 404 1957
INFO 2025-12-22 12:52:38,624 basehttp "GET /admin/ HTTP/1.1" 200 21576
INFO 2025-12-22 12:52:38,968 basehttp "GET /static/admin/js/theme.js HTTP/1.1" 304 0
INFO 2025-12-22 12:52:38,991 basehttp "GET /static/admin/js/nav_sidebar.js HTTP/1.1" 304 0
INFO 2025-12-22 12:52:39,823 basehttp "GET /static/admin/img/icon-addlink.svg HTTP/1.1" 200 331
INFO 2025-12-22 12:52:39,824 basehttp "GET /static/admin/img/icon-viewlink.svg HTTP/1.1" 200 581
INFO 2025-12-22 12:52:39,825 basehttp "GET /static/admin/img/icon-changelink.svg HTTP/1.1" 200 380
INFO 2025-12-22 12:52:52,400 basehttp "GET /admin/suppliers/supplier/add/ HTTP/1.1" 200 36308
INFO 2025-12-22 12:52:52,786 basehttp "GET /static/admin/img/icon-deletelink.svg HTTP/1.1" 200 392
INFO 2025-12-22 12:52:53,048 basehttp "GET /static/admin/css/forms.css HTTP/1.1" 304 0
INFO 2025-12-22 12:52:53,053 basehttp "GET /static/admin/js/actions.js HTTP/1.1" 304 0
INFO 2025-12-22 12:52:53,053 basehttp "GET /static/admin/js/jquery.init.js HTTP/1.1" 304 0
INFO 2025-12-22 12:52:53,054 basehttp "GET /static/admin/js/admin/RelatedObjectLookups.js HTTP/1.1" 304 0
INFO 2025-12-22 12:52:53,056 basehttp "GET /static/admin/js/core.js HTTP/1.1" 304 0
INFO 2025-12-22 12:52:53,060 basehttp "GET /static/admin/js/vendor/jquery/jquery.js HTTP/1.1" 304 0
INFO 2025-12-22 12:52:53,062 basehttp "GET /static/admin/js/prepopulate.js HTTP/1.1" 304 0
INFO 2025-12-22 12:52:53,062 basehttp "GET /static/admin/js/urlify.js HTTP/1.1" 304 0
INFO 2025-12-22 12:52:53,151 basehttp "GET /static/admin/js/vendor/xregexp/xregexp.js HTTP/1.1" 304 0
INFO 2025-12-22 12:52:53,164 basehttp "GET /static/admin/js/change_form.js HTTP/1.1" 304 0
INFO 2025-12-22 12:52:53,164 basehttp "GET /static/admin/js/prepopulate_init.js HTTP/1.1" 304 0
INFO 2025-12-22 12:52:53,168 basehttp "GET /admin/jsi18n/ HTTP/1.1" 200 3342
INFO 2025-12-22 12:52:53,239 basehttp "GET /static/admin/css/widgets.css HTTP/1.1" 304 0
INFO 2025-12-22 12:53:11,600 basehttp "GET /admin/ HTTP/1.1" 200 21576
INFO 2025-12-22 13:06:45,065 autoreload Watching for file changes with StatReloader
INFO 2025-12-22 13:07:01,708 basehttp "GET /logout/ HTTP/1.1" 302 0
INFO 2025-12-22 13:07:01,735 basehttp "GET /login/ HTTP/1.1" 200 5629
WARNING 2025-12-22 13:07:02,113 basehttp "GET /static/js/main.js HTTP/1.1" 404 1957
WARNING 2025-12-22 13:07:02,227 basehttp "GET /static/js/main.js HTTP/1.1" 404 1957
INFO 2025-12-25 07:32:06,172 autoreload Watching for file changes with StatReloader
INFO 2025-12-25 07:32:55,407 basehttp "GET / HTTP/1.1" 302 0
WARNING 2025-12-25 07:32:55,700 log Not Found: /accounts/login/
WARNING 2025-12-25 07:32:55,701 basehttp "GET /accounts/login/?next=/ HTTP/1.1" 404 5734
INFO 2025-12-25 07:33:09,190 basehttp "GET / HTTP/1.1" 302 0
WARNING 2025-12-25 07:33:09,220 log Not Found: /accounts/login/
WARNING 2025-12-25 07:33:09,221 basehttp "GET /accounts/login/?next=/ HTTP/1.1" 404 5734
INFO 2025-12-25 07:33:19,256 basehttp "GET /admin/ HTTP/1.1" 302 0
INFO 2025-12-25 07:33:19,472 basehttp "GET /admin/login/?next=/admin/ HTTP/1.1" 200 4175
INFO 2025-12-25 07:33:19,702 basehttp "GET /static/admin/css/dark_mode.css HTTP/1.1" 304 0
INFO 2025-12-25 07:33:19,705 basehttp "GET /static/admin/css/base.css HTTP/1.1" 304 0
INFO 2025-12-25 07:33:19,705 basehttp "GET /static/admin/css/responsive.css HTTP/1.1" 304 0
INFO 2025-12-25 07:33:19,705 basehttp "GET /static/admin/css/nav_sidebar.css HTTP/1.1" 304 0
INFO 2025-12-25 07:33:19,706 basehttp "GET /static/admin/css/login.css HTTP/1.1" 304 0
INFO 2025-12-25 07:33:19,723 basehttp "GET /static/admin/js/nav_sidebar.js HTTP/1.1" 304 0
INFO 2025-12-25 07:33:19,725 basehttp "GET /static/admin/js/theme.js HTTP/1.1" 304 0
INFO 2025-12-25 07:33:28,389 basehttp "POST /admin/login/?next=/admin/ HTTP/1.1" 302 0
INFO 2025-12-25 07:33:28,475 basehttp "GET /admin/ HTTP/1.1" 200 21576
INFO 2025-12-25 07:33:28,681 basehttp "GET /static/admin/css/dashboard.css HTTP/1.1" 304 0
INFO 2025-12-25 07:33:28,722 basehttp "GET /static/admin/img/icon-addlink.svg HTTP/1.1" 200 331
INFO 2025-12-25 07:33:28,722 basehttp "GET /static/admin/img/icon-viewlink.svg HTTP/1.1" 200 581
INFO 2025-12-25 07:33:28,722 basehttp "GET /static/admin/img/icon-changelink.svg HTTP/1.1" 200 380
INFO 2025-12-25 07:33:32,365 basehttp "GET /admin/login/?next=/admin/ HTTP/1.1" 302 0
INFO 2025-12-25 07:33:32,405 basehttp "GET /admin/ HTTP/1.1" 200 21576
INFO 2025-12-25 07:33:47,135 basehttp "GET / HTTP/1.1" 200 13850
INFO 2025-12-25 07:33:47,696 basehttp "GET /static/css/style.css HTTP/1.1" 304 0
WARNING 2025-12-25 07:33:47,904 basehttp "GET /static/js/main.js HTTP/1.1" 404 1957
WARNING 2025-12-25 07:33:48,517 basehttp "GET /static/js/main.js HTTP/1.1" 404 1957
INFO 2025-12-28 09:56:46,040 autoreload Watching for file changes with StatReloader
INFO 2025-12-28 09:57:25,014 basehttp "GET / HTTP/1.1" 302 0
INFO 2025-12-28 09:57:25,609 basehttp "GET / HTTP/1.1" 302 0
WARNING 2025-12-28 09:57:26,212 log Not Found: /accounts/login/
WARNING 2025-12-28 09:57:26,212 log Not Found: /accounts/login/
WARNING 2025-12-28 09:57:26,213 basehttp "GET /accounts/login/?next=/ HTTP/1.1" 404 5734
WARNING 2025-12-28 09:57:26,214 basehttp "GET /accounts/login/?next=/ HTTP/1.1" 404 5734
INFO 2025-12-28 09:58:39,050 basehttp "GET /login/ HTTP/1.1" 200 5343
WARNING 2025-12-28 09:58:39,195 basehttp "GET /static/js/main.js HTTP/1.1" 404 1957
INFO 2025-12-28 09:58:39,230 basehttp "GET /static/css/style.css HTTP/1.1" 304 0
WARNING 2025-12-28 09:58:39,939 basehttp "GET /static/js/main.js HTTP/1.1" 404 1957
INFO 2025-12-28 09:58:50,749 basehttp "POST /login/ HTTP/1.1" 302 0
INFO 2025-12-28 09:58:50,876 basehttp "GET / HTTP/1.1" 200 14226
WARNING 2025-12-28 09:58:51,019 basehttp "GET /static/js/main.js HTTP/1.1" 404 1957
WARNING 2025-12-28 09:58:51,194 basehttp "GET /static/js/main.js HTTP/1.1" 404 1957
INFO 2025-12-28 10:09:17,376 basehttp "GET /sales/pos/ HTTP/1.1" 200 42416
WARNING 2025-12-28 10:09:17,482 basehttp "GET /static/js/main.js HTTP/1.1" 404 1957
WARNING 2025-12-28 10:09:17,997 basehttp "GET /static/js/main.js HTTP/1.1" 404 1957
INFO 2025-12-28 10:09:20,929 basehttp "GET /inventory/ HTTP/1.1" 200 12911
WARNING 2025-12-28 10:09:21,037 basehttp "GET /static/js/main.js HTTP/1.1" 404 1957
WARNING 2025-12-28 10:09:21,487 basehttp "GET /static/js/main.js HTTP/1.1" 404 1957
INFO 2025-12-28 10:09:23,567 basehttp "GET /inventory/categories/ HTTP/1.1" 200 15430
WARNING 2025-12-28 10:09:23,640 basehttp "GET /static/js/main.js HTTP/1.1" 404 1957
WARNING 2025-12-28 10:09:24,097 basehttp "GET /static/js/main.js HTTP/1.1" 404 1957
ERROR 2025-12-28 10:58:37,504 log Internal Server Error: /sales/
Traceback (most recent call last):
  File "/home/notouriousmma/Documents/Tk/pharmacy/Pharmacy_project/venv/lib/python3.12/site-packages/django/core/handlers/exception.py", line 55, in inner
    response = get_response(request)
               ^^^^^^^^^^^^^^^^^^^^^
  File "/home/notouriousmma/Documents/Tk/pharmacy/Pharmacy_project/venv/lib/python3.12/site-packages/django/core/handlers/base.py", line 197, in _get_response
    response = wrapped_callback(request, *callback_args, **callback_kwargs)
               ^^^^^^^^^^^^^^^^^^^^^^^^^^^^^^^^^^^^^^^^^^^^^^^^^^^^^^^^^^^^
  File "/home/notouriousmma/Documents/Tk/pharmacy/Pharmacy_project/venv/lib/python3.12/site-packages/django/contrib/auth/decorators.py", line 59, in _view_wrapper
    return view_func(request, *args, **kwargs)
           ^^^^^^^^^^^^^^^^^^^^^^^^^^^^^^^^^^^
  File "/home/notouriousmma/Documents/Tk/pharmacy/Pharmacy_project/sales/views.py", line 352, in sales_list
    return render(request, 'sales/sales_list.html', context)
           ^^^^^^^^^^^^^^^^^^^^^^^^^^^^^^^^^^^^^^^^^^^^^^^^^
  File "/home/notouriousmma/Documents/Tk/pharmacy/Pharmacy_project/venv/lib/python3.12/site-packages/django/shortcuts.py", line 25, in render
    content = loader.render_to_string(template_name, context, request, using=using)
              ^^^^^^^^^^^^^^^^^^^^^^^^^^^^^^^^^^^^^^^^^^^^^^^^^^^^^^^^^^^^^^^^^^^^^
  File "/home/notouriousmma/Documents/Tk/pharmacy/Pharmacy_project/venv/lib/python3.12/site-packages/django/template/loader.py", line 62, in render_to_string
    return template.render(context, request)
           ^^^^^^^^^^^^^^^^^^^^^^^^^^^^^^^^^
  File "/home/notouriousmma/Documents/Tk/pharmacy/Pharmacy_project/venv/lib/python3.12/site-packages/django/template/backends/django.py", line 107, in render
    return self.template.render(context)
           ^^^^^^^^^^^^^^^^^^^^^^^^^^^^^
  File "/home/notouriousmma/Documents/Tk/pharmacy/Pharmacy_project/venv/lib/python3.12/site-packages/django/template/base.py", line 171, in render
    return self._render(context)
           ^^^^^^^^^^^^^^^^^^^^^
  File "/home/notouriousmma/Documents/Tk/pharmacy/Pharmacy_project/venv/lib/python3.12/site-packages/django/test/utils.py", line 114, in instrumented_test_render
    return self.nodelist.render(context)
           ^^^^^^^^^^^^^^^^^^^^^^^^^^^^^
  File "/home/notouriousmma/Documents/Tk/pharmacy/Pharmacy_project/venv/lib/python3.12/site-packages/django/template/base.py", line 1016, in render
    return SafeString("".join([node.render_annotated(context) for node in self]))
                               ^^^^^^^^^^^^^^^^^^^^^^^^^^^^^^
  File "/home/notouriousmma/Documents/Tk/pharmacy/Pharmacy_project/venv/lib/python3.12/site-packages/django/template/base.py", line 977, in render_annotated
    return self.render(context)
           ^^^^^^^^^^^^^^^^^^^^
  File "/home/notouriousmma/Documents/Tk/pharmacy/Pharmacy_project/venv/lib/python3.12/site-packages/django/template/loader_tags.py", line 159, in render
    return compiled_parent._render(context)
           ^^^^^^^^^^^^^^^^^^^^^^^^^^^^^^^^
  File "/home/notouriousmma/Documents/Tk/pharmacy/Pharmacy_project/venv/lib/python3.12/site-packages/django/test/utils.py", line 114, in instrumented_test_render
    return self.nodelist.render(context)
           ^^^^^^^^^^^^^^^^^^^^^^^^^^^^^
  File "/home/notouriousmma/Documents/Tk/pharmacy/Pharmacy_project/venv/lib/python3.12/site-packages/django/template/base.py", line 1016, in render
    return SafeString("".join([node.render_annotated(context) for node in self]))
                               ^^^^^^^^^^^^^^^^^^^^^^^^^^^^^^
  File "/home/notouriousmma/Documents/Tk/pharmacy/Pharmacy_project/venv/lib/python3.12/site-packages/django/template/base.py", line 977, in render_annotated
    return self.render(context)
           ^^^^^^^^^^^^^^^^^^^^
  File "/home/notouriousmma/Documents/Tk/pharmacy/Pharmacy_project/venv/lib/python3.12/site-packages/django/template/defaulttags.py", line 327, in render
    return nodelist.render(context)
           ^^^^^^^^^^^^^^^^^^^^^^^^
  File "/home/notouriousmma/Documents/Tk/pharmacy/Pharmacy_project/venv/lib/python3.12/site-packages/django/template/base.py", line 1016, in render
    return SafeString("".join([node.render_annotated(context) for node in self]))
                               ^^^^^^^^^^^^^^^^^^^^^^^^^^^^^^
  File "/home/notouriousmma/Documents/Tk/pharmacy/Pharmacy_project/venv/lib/python3.12/site-packages/django/template/base.py", line 977, in render_annotated
    return self.render(context)
           ^^^^^^^^^^^^^^^^^^^^
  File "/home/notouriousmma/Documents/Tk/pharmacy/Pharmacy_project/venv/lib/python3.12/site-packages/django/template/loader_tags.py", line 65, in render
    result = block.nodelist.render(context)
             ^^^^^^^^^^^^^^^^^^^^^^^^^^^^^^
  File "/home/notouriousmma/Documents/Tk/pharmacy/Pharmacy_project/venv/lib/python3.12/site-packages/django/template/base.py", line 1016, in render
    return SafeString("".join([node.render_annotated(context) for node in self]))
                               ^^^^^^^^^^^^^^^^^^^^^^^^^^^^^^
  File "/home/notouriousmma/Documents/Tk/pharmacy/Pharmacy_project/venv/lib/python3.12/site-packages/django/template/base.py", line 977, in render_annotated
    return self.render(context)
           ^^^^^^^^^^^^^^^^^^^^
  File "/home/notouriousmma/Documents/Tk/pharmacy/Pharmacy_project/venv/lib/python3.12/site-packages/django/template/defaulttags.py", line 243, in render
    nodelist.append(node.render_annotated(context))
                    ^^^^^^^^^^^^^^^^^^^^^^^^^^^^^^
  File "/home/notouriousmma/Documents/Tk/pharmacy/Pharmacy_project/venv/lib/python3.12/site-packages/django/template/base.py", line 977, in render_annotated
    return self.render(context)
           ^^^^^^^^^^^^^^^^^^^^
  File "/home/notouriousmma/Documents/Tk/pharmacy/Pharmacy_project/venv/lib/python3.12/site-packages/django/template/defaulttags.py", line 480, in render
    url = reverse(view_name, args=args, kwargs=kwargs, current_app=current_app)
          ^^^^^^^^^^^^^^^^^^^^^^^^^^^^^^^^^^^^^^^^^^^^^^^^^^^^^^^^^^^^^^^^^^^^^
  File "/home/notouriousmma/Documents/Tk/pharmacy/Pharmacy_project/venv/lib/python3.12/site-packages/django/urls/base.py", line 98, in reverse
    resolved_url = resolver._reverse_with_prefix(view, prefix, *args, **kwargs)
                   ^^^^^^^^^^^^^^^^^^^^^^^^^^^^^^^^^^^^^^^^^^^^^^^^^^^^^^^^^^^^
  File "/home/notouriousmma/Documents/Tk/pharmacy/Pharmacy_project/venv/lib/python3.12/site-packages/django/urls/resolvers.py", line 831, in _reverse_with_prefix
    raise NoReverseMatch(msg)
django.urls.exceptions.NoReverseMatch: Reverse for 'sale_receipt' not found. 'sale_receipt' is not a valid view function or pattern name.
ERROR 2025-12-28 10:58:39,354 log Internal Server Error: /sales/
Traceback (most recent call last):
  File "/home/notouriousmma/Documents/Tk/pharmacy/Pharmacy_project/venv/lib/python3.12/site-packages/django/core/handlers/exception.py", line 55, in inner
    response = get_response(request)
               ^^^^^^^^^^^^^^^^^^^^^
  File "/home/notouriousmma/Documents/Tk/pharmacy/Pharmacy_project/venv/lib/python3.12/site-packages/django/core/handlers/base.py", line 197, in _get_response
    response = wrapped_callback(request, *callback_args, **callback_kwargs)
               ^^^^^^^^^^^^^^^^^^^^^^^^^^^^^^^^^^^^^^^^^^^^^^^^^^^^^^^^^^^^
  File "/home/notouriousmma/Documents/Tk/pharmacy/Pharmacy_project/venv/lib/python3.12/site-packages/django/contrib/auth/decorators.py", line 59, in _view_wrapper
    return view_func(request, *args, **kwargs)
           ^^^^^^^^^^^^^^^^^^^^^^^^^^^^^^^^^^^
  File "/home/notouriousmma/Documents/Tk/pharmacy/Pharmacy_project/sales/views.py", line 352, in sales_list
    return render(request, 'sales/sales_list.html', context)
           ^^^^^^^^^^^^^^^^^^^^^^^^^^^^^^^^^^^^^^^^^^^^^^^^^
  File "/home/notouriousmma/Documents/Tk/pharmacy/Pharmacy_project/venv/lib/python3.12/site-packages/django/shortcuts.py", line 25, in render
    content = loader.render_to_string(template_name, context, request, using=using)
              ^^^^^^^^^^^^^^^^^^^^^^^^^^^^^^^^^^^^^^^^^^^^^^^^^^^^^^^^^^^^^^^^^^^^^
  File "/home/notouriousmma/Documents/Tk/pharmacy/Pharmacy_project/venv/lib/python3.12/site-packages/django/template/loader.py", line 62, in render_to_string
    return template.render(context, request)
           ^^^^^^^^^^^^^^^^^^^^^^^^^^^^^^^^^
  File "/home/notouriousmma/Documents/Tk/pharmacy/Pharmacy_project/venv/lib/python3.12/site-packages/django/template/backends/django.py", line 107, in render
    return self.template.render(context)
           ^^^^^^^^^^^^^^^^^^^^^^^^^^^^^
  File "/home/notouriousmma/Documents/Tk/pharmacy/Pharmacy_project/venv/lib/python3.12/site-packages/django/template/base.py", line 171, in render
    return self._render(context)
           ^^^^^^^^^^^^^^^^^^^^^
  File "/home/notouriousmma/Documents/Tk/pharmacy/Pharmacy_project/venv/lib/python3.12/site-packages/django/test/utils.py", line 114, in instrumented_test_render
    return self.nodelist.render(context)
           ^^^^^^^^^^^^^^^^^^^^^^^^^^^^^
  File "/home/notouriousmma/Documents/Tk/pharmacy/Pharmacy_project/venv/lib/python3.12/site-packages/django/template/base.py", line 1016, in render
    return SafeString("".join([node.render_annotated(context) for node in self]))
                               ^^^^^^^^^^^^^^^^^^^^^^^^^^^^^^
  File "/home/notouriousmma/Documents/Tk/pharmacy/Pharmacy_project/venv/lib/python3.12/site-packages/django/template/base.py", line 977, in render_annotated
    return self.render(context)
           ^^^^^^^^^^^^^^^^^^^^
  File "/home/notouriousmma/Documents/Tk/pharmacy/Pharmacy_project/venv/lib/python3.12/site-packages/django/template/loader_tags.py", line 159, in render
    return compiled_parent._render(context)
           ^^^^^^^^^^^^^^^^^^^^^^^^^^^^^^^^
  File "/home/notouriousmma/Documents/Tk/pharmacy/Pharmacy_project/venv/lib/python3.12/site-packages/django/test/utils.py", line 114, in instrumented_test_render
    return self.nodelist.render(context)
           ^^^^^^^^^^^^^^^^^^^^^^^^^^^^^
  File "/home/notouriousmma/Documents/Tk/pharmacy/Pharmacy_project/venv/lib/python3.12/site-packages/django/template/base.py", line 1016, in render
    return SafeString("".join([node.render_annotated(context) for node in self]))
                               ^^^^^^^^^^^^^^^^^^^^^^^^^^^^^^
  File "/home/notouriousmma/Documents/Tk/pharmacy/Pharmacy_project/venv/lib/python3.12/site-packages/django/template/base.py", line 977, in render_annotated
    return self.render(context)
           ^^^^^^^^^^^^^^^^^^^^
  File "/home/notouriousmma/Documents/Tk/pharmacy/Pharmacy_project/venv/lib/python3.12/site-packages/django/template/defaulttags.py", line 327, in render
    return nodelist.render(context)
           ^^^^^^^^^^^^^^^^^^^^^^^^
  File "/home/notouriousmma/Documents/Tk/pharmacy/Pharmacy_project/venv/lib/python3.12/site-packages/django/template/base.py", line 1016, in render
    return SafeString("".join([node.render_annotated(context) for node in self]))
                               ^^^^^^^^^^^^^^^^^^^^^^^^^^^^^^
  File "/home/notouriousmma/Documents/Tk/pharmacy/Pharmacy_project/venv/lib/python3.12/site-packages/django/template/base.py", line 977, in render_annotated
    return self.render(context)
           ^^^^^^^^^^^^^^^^^^^^
  File "/home/notouriousmma/Documents/Tk/pharmacy/Pharmacy_project/venv/lib/python3.12/site-packages/django/template/loader_tags.py", line 65, in render
    result = block.nodelist.render(context)
             ^^^^^^^^^^^^^^^^^^^^^^^^^^^^^^
  File "/home/notouriousmma/Documents/Tk/pharmacy/Pharmacy_project/venv/lib/python3.12/site-packages/django/template/base.py", line 1016, in render
    return SafeString("".join([node.render_annotated(context) for node in self]))
                               ^^^^^^^^^^^^^^^^^^^^^^^^^^^^^^
  File "/home/notouriousmma/Documents/Tk/pharmacy/Pharmacy_project/venv/lib/python3.12/site-packages/django/template/base.py", line 977, in render_annotated
    return self.render(context)
           ^^^^^^^^^^^^^^^^^^^^
  File "/home/notouriousmma/Documents/Tk/pharmacy/Pharmacy_project/venv/lib/python3.12/site-packages/django/template/defaulttags.py", line 243, in render
    nodelist.append(node.render_annotated(context))
                    ^^^^^^^^^^^^^^^^^^^^^^^^^^^^^^
  File "/home/notouriousmma/Documents/Tk/pharmacy/Pharmacy_project/venv/lib/python3.12/site-packages/django/template/base.py", line 977, in render_annotated
    return self.render(context)
           ^^^^^^^^^^^^^^^^^^^^
  File "/home/notouriousmma/Documents/Tk/pharmacy/Pharmacy_project/venv/lib/python3.12/site-packages/django/template/defaulttags.py", line 480, in render
    url = reverse(view_name, args=args, kwargs=kwargs, current_app=current_app)
          ^^^^^^^^^^^^^^^^^^^^^^^^^^^^^^^^^^^^^^^^^^^^^^^^^^^^^^^^^^^^^^^^^^^^^
  File "/home/notouriousmma/Documents/Tk/pharmacy/Pharmacy_project/venv/lib/python3.12/site-packages/django/urls/base.py", line 98, in reverse
    resolved_url = resolver._reverse_with_prefix(view, prefix, *args, **kwargs)
                   ^^^^^^^^^^^^^^^^^^^^^^^^^^^^^^^^^^^^^^^^^^^^^^^^^^^^^^^^^^^^
  File "/home/notouriousmma/Documents/Tk/pharmacy/Pharmacy_project/venv/lib/python3.12/site-packages/django/urls/resolvers.py", line 831, in _reverse_with_prefix
    raise NoReverseMatch(msg)
django.urls.exceptions.NoReverseMatch: Reverse for 'sale_receipt' not found. 'sale_receipt' is not a valid view function or pattern name.
ERROR 2025-12-28 10:58:42,758 log Internal Server Error: /sales/sales/1/
Traceback (most recent call last):
  File "/home/notouriousmma/Documents/Tk/pharmacy/Pharmacy_project/venv/lib/python3.12/site-packages/django/core/handlers/exception.py", line 55, in inner
    response = get_response(request)
               ^^^^^^^^^^^^^^^^^^^^^
  File "/home/notouriousmma/Documents/Tk/pharmacy/Pharmacy_project/venv/lib/python3.12/site-packages/django/core/handlers/base.py", line 197, in _get_response
    response = wrapped_callback(request, *callback_args, **callback_kwargs)
               ^^^^^^^^^^^^^^^^^^^^^^^^^^^^^^^^^^^^^^^^^^^^^^^^^^^^^^^^^^^^
  File "/home/notouriousmma/Documents/Tk/pharmacy/Pharmacy_project/venv/lib/python3.12/site-packages/django/contrib/auth/decorators.py", line 59, in _view_wrapper
    return view_func(request, *args, **kwargs)
           ^^^^^^^^^^^^^^^^^^^^^^^^^^^^^^^^^^^
  File "/home/notouriousmma/Documents/Tk/pharmacy/Pharmacy_project/sales/views.py", line 368, in sale_detail
    return render(request, 'sales/sale_detail.html', context)
           ^^^^^^^^^^^^^^^^^^^^^^^^^^^^^^^^^^^^^^^^^^^^^^^^^^
  File "/home/notouriousmma/Documents/Tk/pharmacy/Pharmacy_project/venv/lib/python3.12/site-packages/django/shortcuts.py", line 25, in render
    content = loader.render_to_string(template_name, context, request, using=using)
              ^^^^^^^^^^^^^^^^^^^^^^^^^^^^^^^^^^^^^^^^^^^^^^^^^^^^^^^^^^^^^^^^^^^^^
  File "/home/notouriousmma/Documents/Tk/pharmacy/Pharmacy_project/venv/lib/python3.12/site-packages/django/template/loader.py", line 61, in render_to_string
    template = get_template(template_name, using=using)
               ^^^^^^^^^^^^^^^^^^^^^^^^^^^^^^^^^^^^^^^^
  File "/home/notouriousmma/Documents/Tk/pharmacy/Pharmacy_project/venv/lib/python3.12/site-packages/django/template/loader.py", line 19, in get_template
    raise TemplateDoesNotExist(template_name, chain=chain)
django.template.exceptions.TemplateDoesNotExist: sales/sale_detail.html
ERROR 2025-12-28 10:58:44,448 log Internal Server Error: /sales/
Traceback (most recent call last):
  File "/home/notouriousmma/Documents/Tk/pharmacy/Pharmacy_project/venv/lib/python3.12/site-packages/django/core/handlers/exception.py", line 55, in inner
    response = get_response(request)
               ^^^^^^^^^^^^^^^^^^^^^
  File "/home/notouriousmma/Documents/Tk/pharmacy/Pharmacy_project/venv/lib/python3.12/site-packages/django/core/handlers/base.py", line 197, in _get_response
    response = wrapped_callback(request, *callback_args, **callback_kwargs)
               ^^^^^^^^^^^^^^^^^^^^^^^^^^^^^^^^^^^^^^^^^^^^^^^^^^^^^^^^^^^^
  File "/home/notouriousmma/Documents/Tk/pharmacy/Pharmacy_project/venv/lib/python3.12/site-packages/django/contrib/auth/decorators.py", line 59, in _view_wrapper
    return view_func(request, *args, **kwargs)
           ^^^^^^^^^^^^^^^^^^^^^^^^^^^^^^^^^^^
  File "/home/notouriousmma/Documents/Tk/pharmacy/Pharmacy_project/sales/views.py", line 352, in sales_list
    return render(request, 'sales/sales_list.html', context)
           ^^^^^^^^^^^^^^^^^^^^^^^^^^^^^^^^^^^^^^^^^^^^^^^^^
  File "/home/notouriousmma/Documents/Tk/pharmacy/Pharmacy_project/venv/lib/python3.12/site-packages/django/shortcuts.py", line 25, in render
    content = loader.render_to_string(template_name, context, request, using=using)
              ^^^^^^^^^^^^^^^^^^^^^^^^^^^^^^^^^^^^^^^^^^^^^^^^^^^^^^^^^^^^^^^^^^^^^
  File "/home/notouriousmma/Documents/Tk/pharmacy/Pharmacy_project/venv/lib/python3.12/site-packages/django/template/loader.py", line 62, in render_to_string
    return template.render(context, request)
           ^^^^^^^^^^^^^^^^^^^^^^^^^^^^^^^^^
  File "/home/notouriousmma/Documents/Tk/pharmacy/Pharmacy_project/venv/lib/python3.12/site-packages/django/template/backends/django.py", line 107, in render
    return self.template.render(context)
           ^^^^^^^^^^^^^^^^^^^^^^^^^^^^^
  File "/home/notouriousmma/Documents/Tk/pharmacy/Pharmacy_project/venv/lib/python3.12/site-packages/django/template/base.py", line 171, in render
    return self._render(context)
           ^^^^^^^^^^^^^^^^^^^^^
  File "/home/notouriousmma/Documents/Tk/pharmacy/Pharmacy_project/venv/lib/python3.12/site-packages/django/test/utils.py", line 114, in instrumented_test_render
    return self.nodelist.render(context)
           ^^^^^^^^^^^^^^^^^^^^^^^^^^^^^
  File "/home/notouriousmma/Documents/Tk/pharmacy/Pharmacy_project/venv/lib/python3.12/site-packages/django/template/base.py", line 1016, in render
    return SafeString("".join([node.render_annotated(context) for node in self]))
                               ^^^^^^^^^^^^^^^^^^^^^^^^^^^^^^
  File "/home/notouriousmma/Documents/Tk/pharmacy/Pharmacy_project/venv/lib/python3.12/site-packages/django/template/base.py", line 977, in render_annotated
    return self.render(context)
           ^^^^^^^^^^^^^^^^^^^^
  File "/home/notouriousmma/Documents/Tk/pharmacy/Pharmacy_project/venv/lib/python3.12/site-packages/django/template/loader_tags.py", line 159, in render
    return compiled_parent._render(context)
           ^^^^^^^^^^^^^^^^^^^^^^^^^^^^^^^^
  File "/home/notouriousmma/Documents/Tk/pharmacy/Pharmacy_project/venv/lib/python3.12/site-packages/django/test/utils.py", line 114, in instrumented_test_render
    return self.nodelist.render(context)
           ^^^^^^^^^^^^^^^^^^^^^^^^^^^^^
  File "/home/notouriousmma/Documents/Tk/pharmacy/Pharmacy_project/venv/lib/python3.12/site-packages/django/template/base.py", line 1016, in render
    return SafeString("".join([node.render_annotated(context) for node in self]))
                               ^^^^^^^^^^^^^^^^^^^^^^^^^^^^^^
  File "/home/notouriousmma/Documents/Tk/pharmacy/Pharmacy_project/venv/lib/python3.12/site-packages/django/template/base.py", line 977, in render_annotated
    return self.render(context)
           ^^^^^^^^^^^^^^^^^^^^
  File "/home/notouriousmma/Documents/Tk/pharmacy/Pharmacy_project/venv/lib/python3.12/site-packages/django/template/defaulttags.py", line 327, in render
    return nodelist.render(context)
           ^^^^^^^^^^^^^^^^^^^^^^^^
  File "/home/notouriousmma/Documents/Tk/pharmacy/Pharmacy_project/venv/lib/python3.12/site-packages/django/template/base.py", line 1016, in render
    return SafeString("".join([node.render_annotated(context) for node in self]))
                               ^^^^^^^^^^^^^^^^^^^^^^^^^^^^^^
  File "/home/notouriousmma/Documents/Tk/pharmacy/Pharmacy_project/venv/lib/python3.12/site-packages/django/template/base.py", line 977, in render_annotated
    return self.render(context)
           ^^^^^^^^^^^^^^^^^^^^
  File "/home/notouriousmma/Documents/Tk/pharmacy/Pharmacy_project/venv/lib/python3.12/site-packages/django/template/loader_tags.py", line 65, in render
    result = block.nodelist.render(context)
             ^^^^^^^^^^^^^^^^^^^^^^^^^^^^^^
  File "/home/notouriousmma/Documents/Tk/pharmacy/Pharmacy_project/venv/lib/python3.12/site-packages/django/template/base.py", line 1016, in render
    return SafeString("".join([node.render_annotated(context) for node in self]))
                               ^^^^^^^^^^^^^^^^^^^^^^^^^^^^^^
  File "/home/notouriousmma/Documents/Tk/pharmacy/Pharmacy_project/venv/lib/python3.12/site-packages/django/template/base.py", line 977, in render_annotated
    return self.render(context)
           ^^^^^^^^^^^^^^^^^^^^
  File "/home/notouriousmma/Documents/Tk/pharmacy/Pharmacy_project/venv/lib/python3.12/site-packages/django/template/defaulttags.py", line 243, in render
    nodelist.append(node.render_annotated(context))
                    ^^^^^^^^^^^^^^^^^^^^^^^^^^^^^^
  File "/home/notouriousmma/Documents/Tk/pharmacy/Pharmacy_project/venv/lib/python3.12/site-packages/django/template/base.py", line 977, in render_annotated
    return self.render(context)
           ^^^^^^^^^^^^^^^^^^^^
  File "/home/notouriousmma/Documents/Tk/pharmacy/Pharmacy_project/venv/lib/python3.12/site-packages/django/template/defaulttags.py", line 480, in render
    url = reverse(view_name, args=args, kwargs=kwargs, current_app=current_app)
          ^^^^^^^^^^^^^^^^^^^^^^^^^^^^^^^^^^^^^^^^^^^^^^^^^^^^^^^^^^^^^^^^^^^^^
  File "/home/notouriousmma/Documents/Tk/pharmacy/Pharmacy_project/venv/lib/python3.12/site-packages/django/urls/base.py", line 98, in reverse
    resolved_url = resolver._reverse_with_prefix(view, prefix, *args, **kwargs)
                   ^^^^^^^^^^^^^^^^^^^^^^^^^^^^^^^^^^^^^^^^^^^^^^^^^^^^^^^^^^^^
  File "/home/notouriousmma/Documents/Tk/pharmacy/Pharmacy_project/venv/lib/python3.12/site-packages/django/urls/resolvers.py", line 831, in _reverse_with_prefix
    raise NoReverseMatch(msg)
django.urls.exceptions.NoReverseMatch: Reverse for 'sale_receipt' not found. 'sale_receipt' is not a valid view function or pattern name.
ERROR 2025-12-28 11:04:20,635 log Internal Server Error: /suppliers/
Traceback (most recent call last):
  File "/home/notouriousmma/Documents/Tk/pharmacy/Pharmacy_project/venv/lib/python3.12/site-packages/django/core/handlers/exception.py", line 55, in inner
    response = get_response(request)
               ^^^^^^^^^^^^^^^^^^^^^
  File "/home/notouriousmma/Documents/Tk/pharmacy/Pharmacy_project/venv/lib/python3.12/site-packages/django/core/handlers/base.py", line 197, in _get_response
    response = wrapped_callback(request, *callback_args, **callback_kwargs)
               ^^^^^^^^^^^^^^^^^^^^^^^^^^^^^^^^^^^^^^^^^^^^^^^^^^^^^^^^^^^^
  File "/home/notouriousmma/Documents/Tk/pharmacy/Pharmacy_project/venv/lib/python3.12/site-packages/django/contrib/auth/decorators.py", line 59, in _view_wrapper
    return view_func(request, *args, **kwargs)
           ^^^^^^^^^^^^^^^^^^^^^^^^^^^^^^^^^^^
  File "/home/notouriousmma/Documents/Tk/pharmacy/Pharmacy_project/suppliers/views.py", line 41, in supplier_list
    return render(request, 'suppliers/supplier_list.html', context)
           ^^^^^^^^^^^^^^^^^^^^^^^^^^^^^^^^^^^^^^^^^^^^^^^^^^^^^^^^
  File "/home/notouriousmma/Documents/Tk/pharmacy/Pharmacy_project/venv/lib/python3.12/site-packages/django/shortcuts.py", line 25, in render
    content = loader.render_to_string(template_name, context, request, using=using)
              ^^^^^^^^^^^^^^^^^^^^^^^^^^^^^^^^^^^^^^^^^^^^^^^^^^^^^^^^^^^^^^^^^^^^^
  File "/home/notouriousmma/Documents/Tk/pharmacy/Pharmacy_project/venv/lib/python3.12/site-packages/django/template/loader.py", line 62, in render_to_string
    return template.render(context, request)
           ^^^^^^^^^^^^^^^^^^^^^^^^^^^^^^^^^
  File "/home/notouriousmma/Documents/Tk/pharmacy/Pharmacy_project/venv/lib/python3.12/site-packages/django/template/backends/django.py", line 107, in render
    return self.template.render(context)
           ^^^^^^^^^^^^^^^^^^^^^^^^^^^^^
  File "/home/notouriousmma/Documents/Tk/pharmacy/Pharmacy_project/venv/lib/python3.12/site-packages/django/template/base.py", line 171, in render
    return self._render(context)
           ^^^^^^^^^^^^^^^^^^^^^
  File "/home/notouriousmma/Documents/Tk/pharmacy/Pharmacy_project/venv/lib/python3.12/site-packages/django/test/utils.py", line 114, in instrumented_test_render
    return self.nodelist.render(context)
           ^^^^^^^^^^^^^^^^^^^^^^^^^^^^^
  File "/home/notouriousmma/Documents/Tk/pharmacy/Pharmacy_project/venv/lib/python3.12/site-packages/django/template/base.py", line 1016, in render
    return SafeString("".join([node.render_annotated(context) for node in self]))
                               ^^^^^^^^^^^^^^^^^^^^^^^^^^^^^^
  File "/home/notouriousmma/Documents/Tk/pharmacy/Pharmacy_project/venv/lib/python3.12/site-packages/django/template/base.py", line 977, in render_annotated
    return self.render(context)
           ^^^^^^^^^^^^^^^^^^^^
  File "/home/notouriousmma/Documents/Tk/pharmacy/Pharmacy_project/venv/lib/python3.12/site-packages/django/template/loader_tags.py", line 159, in render
    return compiled_parent._render(context)
           ^^^^^^^^^^^^^^^^^^^^^^^^^^^^^^^^
  File "/home/notouriousmma/Documents/Tk/pharmacy/Pharmacy_project/venv/lib/python3.12/site-packages/django/test/utils.py", line 114, in instrumented_test_render
    return self.nodelist.render(context)
           ^^^^^^^^^^^^^^^^^^^^^^^^^^^^^
  File "/home/notouriousmma/Documents/Tk/pharmacy/Pharmacy_project/venv/lib/python3.12/site-packages/django/template/base.py", line 1016, in render
    return SafeString("".join([node.render_annotated(context) for node in self]))
                               ^^^^^^^^^^^^^^^^^^^^^^^^^^^^^^
  File "/home/notouriousmma/Documents/Tk/pharmacy/Pharmacy_project/venv/lib/python3.12/site-packages/django/template/base.py", line 977, in render_annotated
    return self.render(context)
           ^^^^^^^^^^^^^^^^^^^^
  File "/home/notouriousmma/Documents/Tk/pharmacy/Pharmacy_project/venv/lib/python3.12/site-packages/django/template/defaulttags.py", line 327, in render
    return nodelist.render(context)
           ^^^^^^^^^^^^^^^^^^^^^^^^
  File "/home/notouriousmma/Documents/Tk/pharmacy/Pharmacy_project/venv/lib/python3.12/site-packages/django/template/base.py", line 1016, in render
    return SafeString("".join([node.render_annotated(context) for node in self]))
                               ^^^^^^^^^^^^^^^^^^^^^^^^^^^^^^
  File "/home/notouriousmma/Documents/Tk/pharmacy/Pharmacy_project/venv/lib/python3.12/site-packages/django/template/base.py", line 977, in render_annotated
    return self.render(context)
           ^^^^^^^^^^^^^^^^^^^^
  File "/home/notouriousmma/Documents/Tk/pharmacy/Pharmacy_project/venv/lib/python3.12/site-packages/django/template/loader_tags.py", line 65, in render
    result = block.nodelist.render(context)
             ^^^^^^^^^^^^^^^^^^^^^^^^^^^^^^
  File "/home/notouriousmma/Documents/Tk/pharmacy/Pharmacy_project/venv/lib/python3.12/site-packages/django/template/base.py", line 1016, in render
    return SafeString("".join([node.render_annotated(context) for node in self]))
                               ^^^^^^^^^^^^^^^^^^^^^^^^^^^^^^
  File "/home/notouriousmma/Documents/Tk/pharmacy/Pharmacy_project/venv/lib/python3.12/site-packages/django/template/base.py", line 977, in render_annotated
    return self.render(context)
           ^^^^^^^^^^^^^^^^^^^^
  File "/home/notouriousmma/Documents/Tk/pharmacy/Pharmacy_project/venv/lib/python3.12/site-packages/django/template/defaulttags.py", line 243, in render
    nodelist.append(node.render_annotated(context))
                    ^^^^^^^^^^^^^^^^^^^^^^^^^^^^^^
  File "/home/notouriousmma/Documents/Tk/pharmacy/Pharmacy_project/venv/lib/python3.12/site-packages/django/template/base.py", line 977, in render_annotated
    return self.render(context)
           ^^^^^^^^^^^^^^^^^^^^
  File "/home/notouriousmma/Documents/Tk/pharmacy/Pharmacy_project/venv/lib/python3.12/site-packages/django/template/defaulttags.py", line 480, in render
    url = reverse(view_name, args=args, kwargs=kwargs, current_app=current_app)
          ^^^^^^^^^^^^^^^^^^^^^^^^^^^^^^^^^^^^^^^^^^^^^^^^^^^^^^^^^^^^^^^^^^^^^
  File "/home/notouriousmma/Documents/Tk/pharmacy/Pharmacy_project/venv/lib/python3.12/site-packages/django/urls/base.py", line 98, in reverse
    resolved_url = resolver._reverse_with_prefix(view, prefix, *args, **kwargs)
                   ^^^^^^^^^^^^^^^^^^^^^^^^^^^^^^^^^^^^^^^^^^^^^^^^^^^^^^^^^^^^
  File "/home/notouriousmma/Documents/Tk/pharmacy/Pharmacy_project/venv/lib/python3.12/site-packages/django/urls/resolvers.py", line 831, in _reverse_with_prefix
    raise NoReverseMatch(msg)
django.urls.exceptions.NoReverseMatch: Reverse for 'supplier_edit' not found. 'supplier_edit' is not a valid view function or pattern name.
ERROR 2025-12-28 11:04:22,355 log Internal Server Error: /suppliers/
Traceback (most recent call last):
  File "/home/notouriousmma/Documents/Tk/pharmacy/Pharmacy_project/venv/lib/python3.12/site-packages/django/core/handlers/exception.py", line 55, in inner
    response = get_response(request)
               ^^^^^^^^^^^^^^^^^^^^^
  File "/home/notouriousmma/Documents/Tk/pharmacy/Pharmacy_project/venv/lib/python3.12/site-packages/django/core/handlers/base.py", line 197, in _get_response
    response = wrapped_callback(request, *callback_args, **callback_kwargs)
               ^^^^^^^^^^^^^^^^^^^^^^^^^^^^^^^^^^^^^^^^^^^^^^^^^^^^^^^^^^^^
  File "/home/notouriousmma/Documents/Tk/pharmacy/Pharmacy_project/venv/lib/python3.12/site-packages/django/contrib/auth/decorators.py", line 59, in _view_wrapper
    return view_func(request, *args, **kwargs)
           ^^^^^^^^^^^^^^^^^^^^^^^^^^^^^^^^^^^
  File "/home/notouriousmma/Documents/Tk/pharmacy/Pharmacy_project/suppliers/views.py", line 41, in supplier_list
    return render(request, 'suppliers/supplier_list.html', context)
           ^^^^^^^^^^^^^^^^^^^^^^^^^^^^^^^^^^^^^^^^^^^^^^^^^^^^^^^^
  File "/home/notouriousmma/Documents/Tk/pharmacy/Pharmacy_project/venv/lib/python3.12/site-packages/django/shortcuts.py", line 25, in render
    content = loader.render_to_string(template_name, context, request, using=using)
              ^^^^^^^^^^^^^^^^^^^^^^^^^^^^^^^^^^^^^^^^^^^^^^^^^^^^^^^^^^^^^^^^^^^^^
  File "/home/notouriousmma/Documents/Tk/pharmacy/Pharmacy_project/venv/lib/python3.12/site-packages/django/template/loader.py", line 62, in render_to_string
    return template.render(context, request)
           ^^^^^^^^^^^^^^^^^^^^^^^^^^^^^^^^^
  File "/home/notouriousmma/Documents/Tk/pharmacy/Pharmacy_project/venv/lib/python3.12/site-packages/django/template/backends/django.py", line 107, in render
    return self.template.render(context)
           ^^^^^^^^^^^^^^^^^^^^^^^^^^^^^
  File "/home/notouriousmma/Documents/Tk/pharmacy/Pharmacy_project/venv/lib/python3.12/site-packages/django/template/base.py", line 171, in render
    return self._render(context)
           ^^^^^^^^^^^^^^^^^^^^^
  File "/home/notouriousmma/Documents/Tk/pharmacy/Pharmacy_project/venv/lib/python3.12/site-packages/django/test/utils.py", line 114, in instrumented_test_render
    return self.nodelist.render(context)
           ^^^^^^^^^^^^^^^^^^^^^^^^^^^^^
  File "/home/notouriousmma/Documents/Tk/pharmacy/Pharmacy_project/venv/lib/python3.12/site-packages/django/template/base.py", line 1016, in render
    return SafeString("".join([node.render_annotated(context) for node in self]))
                               ^^^^^^^^^^^^^^^^^^^^^^^^^^^^^^
  File "/home/notouriousmma/Documents/Tk/pharmacy/Pharmacy_project/venv/lib/python3.12/site-packages/django/template/base.py", line 977, in render_annotated
    return self.render(context)
           ^^^^^^^^^^^^^^^^^^^^
  File "/home/notouriousmma/Documents/Tk/pharmacy/Pharmacy_project/venv/lib/python3.12/site-packages/django/template/loader_tags.py", line 159, in render
    return compiled_parent._render(context)
           ^^^^^^^^^^^^^^^^^^^^^^^^^^^^^^^^
  File "/home/notouriousmma/Documents/Tk/pharmacy/Pharmacy_project/venv/lib/python3.12/site-packages/django/test/utils.py", line 114, in instrumented_test_render
    return self.nodelist.render(context)
           ^^^^^^^^^^^^^^^^^^^^^^^^^^^^^
  File "/home/notouriousmma/Documents/Tk/pharmacy/Pharmacy_project/venv/lib/python3.12/site-packages/django/template/base.py", line 1016, in render
    return SafeString("".join([node.render_annotated(context) for node in self]))
                               ^^^^^^^^^^^^^^^^^^^^^^^^^^^^^^
  File "/home/notouriousmma/Documents/Tk/pharmacy/Pharmacy_project/venv/lib/python3.12/site-packages/django/template/base.py", line 977, in render_annotated
    return self.render(context)
           ^^^^^^^^^^^^^^^^^^^^
  File "/home/notouriousmma/Documents/Tk/pharmacy/Pharmacy_project/venv/lib/python3.12/site-packages/django/template/defaulttags.py", line 327, in render
    return nodelist.render(context)
           ^^^^^^^^^^^^^^^^^^^^^^^^
  File "/home/notouriousmma/Documents/Tk/pharmacy/Pharmacy_project/venv/lib/python3.12/site-packages/django/template/base.py", line 1016, in render
    return SafeString("".join([node.render_annotated(context) for node in self]))
                               ^^^^^^^^^^^^^^^^^^^^^^^^^^^^^^
  File "/home/notouriousmma/Documents/Tk/pharmacy/Pharmacy_project/venv/lib/python3.12/site-packages/django/template/base.py", line 977, in render_annotated
    return self.render(context)
           ^^^^^^^^^^^^^^^^^^^^
  File "/home/notouriousmma/Documents/Tk/pharmacy/Pharmacy_project/venv/lib/python3.12/site-packages/django/template/loader_tags.py", line 65, in render
    result = block.nodelist.render(context)
             ^^^^^^^^^^^^^^^^^^^^^^^^^^^^^^
  File "/home/notouriousmma/Documents/Tk/pharmacy/Pharmacy_project/venv/lib/python3.12/site-packages/django/template/base.py", line 1016, in render
    return SafeString("".join([node.render_annotated(context) for node in self]))
                               ^^^^^^^^^^^^^^^^^^^^^^^^^^^^^^
  File "/home/notouriousmma/Documents/Tk/pharmacy/Pharmacy_project/venv/lib/python3.12/site-packages/django/template/base.py", line 977, in render_annotated
    return self.render(context)
           ^^^^^^^^^^^^^^^^^^^^
  File "/home/notouriousmma/Documents/Tk/pharmacy/Pharmacy_project/venv/lib/python3.12/site-packages/django/template/defaulttags.py", line 243, in render
    nodelist.append(node.render_annotated(context))
                    ^^^^^^^^^^^^^^^^^^^^^^^^^^^^^^
  File "/home/notouriousmma/Documents/Tk/pharmacy/Pharmacy_project/venv/lib/python3.12/site-packages/django/template/base.py", line 977, in render_annotated
    return self.render(context)
           ^^^^^^^^^^^^^^^^^^^^
  File "/home/notouriousmma/Documents/Tk/pharmacy/Pharmacy_project/venv/lib/python3.12/site-packages/django/template/defaulttags.py", line 480, in render
    url = reverse(view_name, args=args, kwargs=kwargs, current_app=current_app)
          ^^^^^^^^^^^^^^^^^^^^^^^^^^^^^^^^^^^^^^^^^^^^^^^^^^^^^^^^^^^^^^^^^^^^^
  File "/home/notouriousmma/Documents/Tk/pharmacy/Pharmacy_project/venv/lib/python3.12/site-packages/django/urls/base.py", line 98, in reverse
    resolved_url = resolver._reverse_with_prefix(view, prefix, *args, **kwargs)
                   ^^^^^^^^^^^^^^^^^^^^^^^^^^^^^^^^^^^^^^^^^^^^^^^^^^^^^^^^^^^^
  File "/home/notouriousmma/Documents/Tk/pharmacy/Pharmacy_project/venv/lib/python3.12/site-packages/django/urls/resolvers.py", line 831, in _reverse_with_prefix
    raise NoReverseMatch(msg)
django.urls.exceptions.NoReverseMatch: Reverse for 'supplier_edit' not found. 'supplier_edit' is not a valid view function or pattern name.
ERROR 2025-12-28 11:04:24,125 log Internal Server Error: /suppliers/suppliers/1/
Traceback (most recent call last):
  File "/home/notouriousmma/Documents/Tk/pharmacy/Pharmacy_project/venv/lib/python3.12/site-packages/django/core/handlers/exception.py", line 55, in inner
    response = get_response(request)
               ^^^^^^^^^^^^^^^^^^^^^
  File "/home/notouriousmma/Documents/Tk/pharmacy/Pharmacy_project/venv/lib/python3.12/site-packages/django/core/handlers/base.py", line 197, in _get_response
    response = wrapped_callback(request, *callback_args, **callback_kwargs)
               ^^^^^^^^^^^^^^^^^^^^^^^^^^^^^^^^^^^^^^^^^^^^^^^^^^^^^^^^^^^^
  File "/home/notouriousmma/Documents/Tk/pharmacy/Pharmacy_project/venv/lib/python3.12/site-packages/django/contrib/auth/decorators.py", line 59, in _view_wrapper
    return view_func(request, *args, **kwargs)
           ^^^^^^^^^^^^^^^^^^^^^^^^^^^^^^^^^^^
  File "/home/notouriousmma/Documents/Tk/pharmacy/Pharmacy_project/suppliers/views.py", line 70, in supplier_detail
    return render(request, 'suppliers/supplier_detail.html', context)
           ^^^^^^^^^^^^^^^^^^^^^^^^^^^^^^^^^^^^^^^^^^^^^^^^^^^^^^^^^^
  File "/home/notouriousmma/Documents/Tk/pharmacy/Pharmacy_project/venv/lib/python3.12/site-packages/django/shortcuts.py", line 25, in render
    content = loader.render_to_string(template_name, context, request, using=using)
              ^^^^^^^^^^^^^^^^^^^^^^^^^^^^^^^^^^^^^^^^^^^^^^^^^^^^^^^^^^^^^^^^^^^^^
  File "/home/notouriousmma/Documents/Tk/pharmacy/Pharmacy_project/venv/lib/python3.12/site-packages/django/template/loader.py", line 62, in render_to_string
    return template.render(context, request)
           ^^^^^^^^^^^^^^^^^^^^^^^^^^^^^^^^^
  File "/home/notouriousmma/Documents/Tk/pharmacy/Pharmacy_project/venv/lib/python3.12/site-packages/django/template/backends/django.py", line 107, in render
    return self.template.render(context)
           ^^^^^^^^^^^^^^^^^^^^^^^^^^^^^
  File "/home/notouriousmma/Documents/Tk/pharmacy/Pharmacy_project/venv/lib/python3.12/site-packages/django/template/base.py", line 171, in render
    return self._render(context)
           ^^^^^^^^^^^^^^^^^^^^^
  File "/home/notouriousmma/Documents/Tk/pharmacy/Pharmacy_project/venv/lib/python3.12/site-packages/django/test/utils.py", line 114, in instrumented_test_render
    return self.nodelist.render(context)
           ^^^^^^^^^^^^^^^^^^^^^^^^^^^^^
  File "/home/notouriousmma/Documents/Tk/pharmacy/Pharmacy_project/venv/lib/python3.12/site-packages/django/template/base.py", line 1016, in render
    return SafeString("".join([node.render_annotated(context) for node in self]))
                               ^^^^^^^^^^^^^^^^^^^^^^^^^^^^^^
  File "/home/notouriousmma/Documents/Tk/pharmacy/Pharmacy_project/venv/lib/python3.12/site-packages/django/template/base.py", line 977, in render_annotated
    return self.render(context)
           ^^^^^^^^^^^^^^^^^^^^
  File "/home/notouriousmma/Documents/Tk/pharmacy/Pharmacy_project/venv/lib/python3.12/site-packages/django/template/loader_tags.py", line 159, in render
    return compiled_parent._render(context)
           ^^^^^^^^^^^^^^^^^^^^^^^^^^^^^^^^
  File "/home/notouriousmma/Documents/Tk/pharmacy/Pharmacy_project/venv/lib/python3.12/site-packages/django/test/utils.py", line 114, in instrumented_test_render
    return self.nodelist.render(context)
           ^^^^^^^^^^^^^^^^^^^^^^^^^^^^^
  File "/home/notouriousmma/Documents/Tk/pharmacy/Pharmacy_project/venv/lib/python3.12/site-packages/django/template/base.py", line 1016, in render
    return SafeString("".join([node.render_annotated(context) for node in self]))
                               ^^^^^^^^^^^^^^^^^^^^^^^^^^^^^^
  File "/home/notouriousmma/Documents/Tk/pharmacy/Pharmacy_project/venv/lib/python3.12/site-packages/django/template/base.py", line 977, in render_annotated
    return self.render(context)
           ^^^^^^^^^^^^^^^^^^^^
  File "/home/notouriousmma/Documents/Tk/pharmacy/Pharmacy_project/venv/lib/python3.12/site-packages/django/template/defaulttags.py", line 327, in render
    return nodelist.render(context)
           ^^^^^^^^^^^^^^^^^^^^^^^^
  File "/home/notouriousmma/Documents/Tk/pharmacy/Pharmacy_project/venv/lib/python3.12/site-packages/django/template/base.py", line 1016, in render
    return SafeString("".join([node.render_annotated(context) for node in self]))
                               ^^^^^^^^^^^^^^^^^^^^^^^^^^^^^^
  File "/home/notouriousmma/Documents/Tk/pharmacy/Pharmacy_project/venv/lib/python3.12/site-packages/django/template/base.py", line 977, in render_annotated
    return self.render(context)
           ^^^^^^^^^^^^^^^^^^^^
  File "/home/notouriousmma/Documents/Tk/pharmacy/Pharmacy_project/venv/lib/python3.12/site-packages/django/template/loader_tags.py", line 65, in render
    result = block.nodelist.render(context)
             ^^^^^^^^^^^^^^^^^^^^^^^^^^^^^^
  File "/home/notouriousmma/Documents/Tk/pharmacy/Pharmacy_project/venv/lib/python3.12/site-packages/django/template/base.py", line 1016, in render
    return SafeString("".join([node.render_annotated(context) for node in self]))
                               ^^^^^^^^^^^^^^^^^^^^^^^^^^^^^^
  File "/home/notouriousmma/Documents/Tk/pharmacy/Pharmacy_project/venv/lib/python3.12/site-packages/django/template/base.py", line 977, in render_annotated
    return self.render(context)
           ^^^^^^^^^^^^^^^^^^^^
  File "/home/notouriousmma/Documents/Tk/pharmacy/Pharmacy_project/venv/lib/python3.12/site-packages/django/template/defaulttags.py", line 480, in render
    url = reverse(view_name, args=args, kwargs=kwargs, current_app=current_app)
          ^^^^^^^^^^^^^^^^^^^^^^^^^^^^^^^^^^^^^^^^^^^^^^^^^^^^^^^^^^^^^^^^^^^^^
  File "/home/notouriousmma/Documents/Tk/pharmacy/Pharmacy_project/venv/lib/python3.12/site-packages/django/urls/base.py", line 98, in reverse
    resolved_url = resolver._reverse_with_prefix(view, prefix, *args, **kwargs)
                   ^^^^^^^^^^^^^^^^^^^^^^^^^^^^^^^^^^^^^^^^^^^^^^^^^^^^^^^^^^^^
  File "/home/notouriousmma/Documents/Tk/pharmacy/Pharmacy_project/venv/lib/python3.12/site-packages/django/urls/resolvers.py", line 831, in _reverse_with_prefix
    raise NoReverseMatch(msg)
django.urls.exceptions.NoReverseMatch: Reverse for 'supplier_edit' not found. 'supplier_edit' is not a valid view function or pattern name.
ERROR 2025-12-28 11:04:25,883 log Internal Server Error: /suppliers/
Traceback (most recent call last):
  File "/home/notouriousmma/Documents/Tk/pharmacy/Pharmacy_project/venv/lib/python3.12/site-packages/django/core/handlers/exception.py", line 55, in inner
    response = get_response(request)
               ^^^^^^^^^^^^^^^^^^^^^
  File "/home/notouriousmma/Documents/Tk/pharmacy/Pharmacy_project/venv/lib/python3.12/site-packages/django/core/handlers/base.py", line 197, in _get_response
    response = wrapped_callback(request, *callback_args, **callback_kwargs)
               ^^^^^^^^^^^^^^^^^^^^^^^^^^^^^^^^^^^^^^^^^^^^^^^^^^^^^^^^^^^^
  File "/home/notouriousmma/Documents/Tk/pharmacy/Pharmacy_project/venv/lib/python3.12/site-packages/django/contrib/auth/decorators.py", line 59, in _view_wrapper
    return view_func(request, *args, **kwargs)
           ^^^^^^^^^^^^^^^^^^^^^^^^^^^^^^^^^^^
  File "/home/notouriousmma/Documents/Tk/pharmacy/Pharmacy_project/suppliers/views.py", line 41, in supplier_list
    return render(request, 'suppliers/supplier_list.html', context)
           ^^^^^^^^^^^^^^^^^^^^^^^^^^^^^^^^^^^^^^^^^^^^^^^^^^^^^^^^
  File "/home/notouriousmma/Documents/Tk/pharmacy/Pharmacy_project/venv/lib/python3.12/site-packages/django/shortcuts.py", line 25, in render
    content = loader.render_to_string(template_name, context, request, using=using)
              ^^^^^^^^^^^^^^^^^^^^^^^^^^^^^^^^^^^^^^^^^^^^^^^^^^^^^^^^^^^^^^^^^^^^^
  File "/home/notouriousmma/Documents/Tk/pharmacy/Pharmacy_project/venv/lib/python3.12/site-packages/django/template/loader.py", line 62, in render_to_string
    return template.render(context, request)
           ^^^^^^^^^^^^^^^^^^^^^^^^^^^^^^^^^
  File "/home/notouriousmma/Documents/Tk/pharmacy/Pharmacy_project/venv/lib/python3.12/site-packages/django/template/backends/django.py", line 107, in render
    return self.template.render(context)
           ^^^^^^^^^^^^^^^^^^^^^^^^^^^^^
  File "/home/notouriousmma/Documents/Tk/pharmacy/Pharmacy_project/venv/lib/python3.12/site-packages/django/template/base.py", line 171, in render
    return self._render(context)
           ^^^^^^^^^^^^^^^^^^^^^
  File "/home/notouriousmma/Documents/Tk/pharmacy/Pharmacy_project/venv/lib/python3.12/site-packages/django/test/utils.py", line 114, in instrumented_test_render
    return self.nodelist.render(context)
           ^^^^^^^^^^^^^^^^^^^^^^^^^^^^^
  File "/home/notouriousmma/Documents/Tk/pharmacy/Pharmacy_project/venv/lib/python3.12/site-packages/django/template/base.py", line 1016, in render
    return SafeString("".join([node.render_annotated(context) for node in self]))
                               ^^^^^^^^^^^^^^^^^^^^^^^^^^^^^^
  File "/home/notouriousmma/Documents/Tk/pharmacy/Pharmacy_project/venv/lib/python3.12/site-packages/django/template/base.py", line 977, in render_annotated
    return self.render(context)
           ^^^^^^^^^^^^^^^^^^^^
  File "/home/notouriousmma/Documents/Tk/pharmacy/Pharmacy_project/venv/lib/python3.12/site-packages/django/template/loader_tags.py", line 159, in render
    return compiled_parent._render(context)
           ^^^^^^^^^^^^^^^^^^^^^^^^^^^^^^^^
  File "/home/notouriousmma/Documents/Tk/pharmacy/Pharmacy_project/venv/lib/python3.12/site-packages/django/test/utils.py", line 114, in instrumented_test_render
    return self.nodelist.render(context)
           ^^^^^^^^^^^^^^^^^^^^^^^^^^^^^
  File "/home/notouriousmma/Documents/Tk/pharmacy/Pharmacy_project/venv/lib/python3.12/site-packages/django/template/base.py", line 1016, in render
    return SafeString("".join([node.render_annotated(context) for node in self]))
                               ^^^^^^^^^^^^^^^^^^^^^^^^^^^^^^
  File "/home/notouriousmma/Documents/Tk/pharmacy/Pharmacy_project/venv/lib/python3.12/site-packages/django/template/base.py", line 977, in render_annotated
    return self.render(context)
           ^^^^^^^^^^^^^^^^^^^^
  File "/home/notouriousmma/Documents/Tk/pharmacy/Pharmacy_project/venv/lib/python3.12/site-packages/django/template/defaulttags.py", line 327, in render
    return nodelist.render(context)
           ^^^^^^^^^^^^^^^^^^^^^^^^
  File "/home/notouriousmma/Documents/Tk/pharmacy/Pharmacy_project/venv/lib/python3.12/site-packages/django/template/base.py", line 1016, in render
    return SafeString("".join([node.render_annotated(context) for node in self]))
                               ^^^^^^^^^^^^^^^^^^^^^^^^^^^^^^
  File "/home/notouriousmma/Documents/Tk/pharmacy/Pharmacy_project/venv/lib/python3.12/site-packages/django/template/base.py", line 977, in render_annotated
    return self.render(context)
           ^^^^^^^^^^^^^^^^^^^^
  File "/home/notouriousmma/Documents/Tk/pharmacy/Pharmacy_project/venv/lib/python3.12/site-packages/django/template/loader_tags.py", line 65, in render
    result = block.nodelist.render(context)
             ^^^^^^^^^^^^^^^^^^^^^^^^^^^^^^
  File "/home/notouriousmma/Documents/Tk/pharmacy/Pharmacy_project/venv/lib/python3.12/site-packages/django/template/base.py", line 1016, in render
    return SafeString("".join([node.render_annotated(context) for node in self]))
                               ^^^^^^^^^^^^^^^^^^^^^^^^^^^^^^
  File "/home/notouriousmma/Documents/Tk/pharmacy/Pharmacy_project/venv/lib/python3.12/site-packages/django/template/base.py", line 977, in render_annotated
    return self.render(context)
           ^^^^^^^^^^^^^^^^^^^^
  File "/home/notouriousmma/Documents/Tk/pharmacy/Pharmacy_project/venv/lib/python3.12/site-packages/django/template/defaulttags.py", line 243, in render
    nodelist.append(node.render_annotated(context))
                    ^^^^^^^^^^^^^^^^^^^^^^^^^^^^^^
  File "/home/notouriousmma/Documents/Tk/pharmacy/Pharmacy_project/venv/lib/python3.12/site-packages/django/template/base.py", line 977, in render_annotated
    return self.render(context)
           ^^^^^^^^^^^^^^^^^^^^
  File "/home/notouriousmma/Documents/Tk/pharmacy/Pharmacy_project/venv/lib/python3.12/site-packages/django/template/defaulttags.py", line 480, in render
    url = reverse(view_name, args=args, kwargs=kwargs, current_app=current_app)
          ^^^^^^^^^^^^^^^^^^^^^^^^^^^^^^^^^^^^^^^^^^^^^^^^^^^^^^^^^^^^^^^^^^^^^
  File "/home/notouriousmma/Documents/Tk/pharmacy/Pharmacy_project/venv/lib/python3.12/site-packages/django/urls/base.py", line 98, in reverse
    resolved_url = resolver._reverse_with_prefix(view, prefix, *args, **kwargs)
                   ^^^^^^^^^^^^^^^^^^^^^^^^^^^^^^^^^^^^^^^^^^^^^^^^^^^^^^^^^^^^
  File "/home/notouriousmma/Documents/Tk/pharmacy/Pharmacy_project/venv/lib/python3.12/site-packages/django/urls/resolvers.py", line 831, in _reverse_with_prefix
    raise NoReverseMatch(msg)
django.urls.exceptions.NoReverseMatch: Reverse for 'supplier_edit' not found. 'supplier_edit' is not a valid view function or pattern name.
INFO 2025-12-28 11:36:49,853 autoreload Watching for file changes with StatReloader
INFO 2025-12-28 11:36:55,994 basehttp "GET / HTTP/1.1" 200 13850
INFO 2025-12-28 11:36:56,104 basehttp "GET /static/css/style.css HTTP/1.1" 200 8627
WARNING 2025-12-28 11:36:56,151 basehttp "GET /static/js/main.js HTTP/1.1" 404 1957
WARNING 2025-12-28 11:36:56,710 basehttp "GET /static/js/main.js HTTP/1.1" 404 1957
WARNING 2025-12-28 11:36:56,933 log Not Found: /favicon.ico
INFO 2025-12-28 12:26:01,912 basehttp "GET /sales/pos/ HTTP/1.1" 200 42416
WARNING 2025-12-28 12:26:02,168 basehttp "GET /static/js/main.js HTTP/1.1" 404 1957
WARNING 2025-12-28 12:26:02,828 basehttp "GET /static/js/main.js HTTP/1.1" 404 1957
WARNING 2025-12-28 12:26:02,846 log Not Found: /favicon.ico
INFO 2025-12-29 07:32:23,352 autoreload Watching for file changes with StatReloader
INFO 2025-12-29 07:32:44,585 basehttp "GET / HTTP/1.1" 302 0
WARNING 2025-12-29 07:32:44,902 log Not Found: /accounts/login/
WARNING 2025-12-29 07:32:44,903 basehttp "GET /accounts/login/?next=/ HTTP/1.1" 404 5734
INFO 2025-12-29 07:32:53,857 basehttp "GET / HTTP/1.1" 302 0
WARNING 2025-12-29 07:32:53,879 log Not Found: /accounts/login/
WARNING 2025-12-29 07:32:53,879 basehttp "GET /accounts/login/?next=/ HTTP/1.1" 404 5734
INFO 2025-12-29 07:33:04,521 basehttp "GET /admin/ HTTP/1.1" 302 0
INFO 2025-12-29 07:33:04,755 basehttp "GET /admin/login/?next=/admin/ HTTP/1.1" 200 4175
INFO 2025-12-29 07:33:04,960 basehttp "GET /static/admin/css/nav_sidebar.css HTTP/1.1" 304 0
INFO 2025-12-29 07:33:04,960 basehttp "GET /static/admin/css/dark_mode.css HTTP/1.1" 304 0
INFO 2025-12-29 07:33:04,962 basehttp "GET /static/admin/css/base.css HTTP/1.1" 304 0
INFO 2025-12-29 07:33:04,964 basehttp "GET /static/admin/css/login.css HTTP/1.1" 304 0
INFO 2025-12-29 07:33:04,972 basehttp "GET /static/admin/js/nav_sidebar.js HTTP/1.1" 304 0
INFO 2025-12-29 07:33:04,972 basehttp "GET /static/admin/css/responsive.css HTTP/1.1" 304 0
INFO 2025-12-29 07:33:04,971 basehttp "GET /static/admin/js/theme.js HTTP/1.1" 304 0
INFO 2025-12-29 07:33:11,699 basehttp "POST /admin/login/?next=/admin/ HTTP/1.1" 302 0
INFO 2025-12-29 07:33:11,750 basehttp "GET /admin/ HTTP/1.1" 200 21576
INFO 2025-12-29 07:33:11,924 basehttp "GET /static/admin/css/dashboard.css HTTP/1.1" 304 0
INFO 2025-12-29 07:33:11,990 basehttp "GET /static/admin/img/icon-viewlink.svg HTTP/1.1" 200 581
INFO 2025-12-29 07:33:11,991 basehttp "GET /static/admin/img/icon-addlink.svg HTTP/1.1" 200 331
INFO 2025-12-29 07:33:11,991 basehttp "GET /static/admin/img/icon-changelink.svg HTTP/1.1" 200 380
INFO 2025-12-29 07:33:23,877 basehttp "GET / HTTP/1.1" 200 13850
WARNING 2025-12-29 07:33:24,625 basehttp "GET /static/js/main.js HTTP/1.1" 404 1957
WARNING 2025-12-29 07:33:24,980 basehttp "GET /static/js/main.js HTTP/1.1" 404 1957
INFO 2025-12-29 07:36:54,924 basehttp "GET /inventory/medicines/create/ HTTP/1.1" 302 0
INFO 2025-12-29 07:36:55,003 basehttp "GET /inventory/ HTTP/1.1" 200 13306
WARNING 2025-12-29 07:36:55,113 basehttp "GET /static/js/main.js HTTP/1.1" 404 1957
WARNING 2025-12-29 07:36:55,582 basehttp "GET /static/js/main.js HTTP/1.1" 404 1957
INFO 2025-12-29 07:36:56,876 basehttp "GET /inventory/medicines/create/ HTTP/1.1" 302 0
INFO 2025-12-29 07:36:56,896 basehttp "GET /inventory/ HTTP/1.1" 200 13306
WARNING 2025-12-29 07:36:57,023 basehttp "GET /static/js/main.js HTTP/1.1" 404 1957
WARNING 2025-12-29 07:36:57,532 basehttp "GET /static/js/main.js HTTP/1.1" 404 1957
INFO 2025-12-29 07:36:59,308 basehttp "GET /inventory/medicines/create/ HTTP/1.1" 302 0
INFO 2025-12-29 07:36:59,327 basehttp "GET /inventory/ HTTP/1.1" 200 13306
WARNING 2025-12-29 07:36:59,444 basehttp "GET /static/js/main.js HTTP/1.1" 404 1957
WARNING 2025-12-29 07:36:59,926 basehttp "GET /static/js/main.js HTTP/1.1" 404 1957
INFO 2025-12-29 07:37:00,439 basehttp "GET /inventory/medicines/create/ HTTP/1.1" 302 0
INFO 2025-12-29 07:37:00,490 basehttp "GET /inventory/ HTTP/1.1" 200 13306
WARNING 2025-12-29 07:37:00,605 basehttp "GET /static/js/main.js HTTP/1.1" 404 1957
WARNING 2025-12-29 07:37:01,071 basehttp "GET /static/js/main.js HTTP/1.1" 404 1957
INFO 2025-12-29 07:37:01,991 basehttp "GET /inventory/medicines/create/ HTTP/1.1" 302 0
INFO 2025-12-29 07:37:02,016 basehttp "GET /inventory/ HTTP/1.1" 200 13306
WARNING 2025-12-29 07:37:02,143 basehttp "GET /static/js/main.js HTTP/1.1" 404 1957
WARNING 2025-12-29 07:37:02,639 basehttp "GET /static/js/main.js HTTP/1.1" 404 1957
INFO 2025-12-29 07:37:09,989 basehttp "GET /admin/accounts/user/add/ HTTP/1.1" 200 27452
INFO 2025-12-29 07:37:10,062 basehttp "GET /static/admin/css/unusable_password_field.css HTTP/1.1" 200 663
INFO 2025-12-29 07:37:10,115 basehttp "GET /static/admin/js/unusable_password_field.js HTTP/1.1" 200 1480
INFO 2025-12-29 07:37:10,724 basehttp "GET /static/admin/css/forms.css HTTP/1.1" 304 0
INFO 2025-12-29 07:37:10,730 basehttp "GET /static/admin/js/jquery.init.js HTTP/1.1" 304 0
INFO 2025-12-29 07:37:10,733 basehttp "GET /static/admin/js/urlify.js HTTP/1.1" 304 0
INFO 2025-12-29 07:37:10,746 basehttp "GET /static/admin/js/vendor/jquery/jquery.js HTTP/1.1" 304 0
INFO 2025-12-29 07:37:10,755 basehttp "GET /static/admin/js/core.js HTTP/1.1" 304 0
INFO 2025-12-29 07:37:10,757 basehttp "GET /static/admin/js/admin/RelatedObjectLookups.js HTTP/1.1" 304 0
INFO 2025-12-29 07:37:10,759 basehttp "GET /static/admin/js/actions.js HTTP/1.1" 304 0
INFO 2025-12-29 07:37:10,765 basehttp "GET /static/admin/css/widgets.css HTTP/1.1" 304 0
INFO 2025-12-29 07:37:10,767 basehttp "GET /static/admin/js/change_form.js HTTP/1.1" 304 0
INFO 2025-12-29 07:37:10,771 basehttp "GET /static/admin/js/prepopulate.js HTTP/1.1" 304 0
INFO 2025-12-29 07:37:10,775 basehttp "GET /static/admin/js/prepopulate_init.js HTTP/1.1" 304 0
INFO 2025-12-29 07:37:10,799 basehttp "GET /static/admin/js/vendor/xregexp/xregexp.js HTTP/1.1" 304 0
INFO 2025-12-29 07:37:10,833 basehttp "GET /admin/jsi18n/ HTTP/1.1" 200 3342
INFO 2025-12-29 07:39:01,126 basehttp "POST /admin/accounts/user/add/ HTTP/1.1" 302 0
INFO 2025-12-29 07:39:01,312 basehttp "GET /admin/accounts/user/2/change/ HTTP/1.1" 200 49012
INFO 2025-12-29 07:39:01,525 basehttp "GET /admin/jsi18n/ HTTP/1.1" 200 3342
INFO 2025-12-29 07:39:01,526 basehttp "GET /static/admin/js/SelectBox.js HTTP/1.1" 200 4530
INFO 2025-12-29 07:39:01,527 basehttp "GET /static/admin/js/calendar.js HTTP/1.1" 200 9141
INFO 2025-12-29 07:39:01,528 basehttp "GET /static/admin/js/admin/DateTimeShortcuts.js HTTP/1.1" 200 19319
INFO 2025-12-29 07:39:01,529 basehttp "GET /static/admin/js/SelectFilter2.js HTTP/1.1" 200 15845
INFO 2025-12-29 07:39:01,800 basehttp "GET /static/admin/img/icon-deletelink.svg HTTP/1.1" 200 392
INFO 2025-12-29 07:39:01,801 basehttp "GET /static/admin/img/icon-yes.svg HTTP/1.1" 200 436
INFO 2025-12-29 07:39:01,827 basehttp "GET /static/admin/img/icon-clock.svg HTTP/1.1" 200 677
INFO 2025-12-29 07:39:01,827 basehttp "GET /static/admin/img/search.svg HTTP/1.1" 200 458
INFO 2025-12-29 07:39:01,828 basehttp "GET /static/admin/img/selector-icons.svg HTTP/1.1" 200 3291
INFO 2025-12-29 07:39:01,829 basehttp "GET /static/admin/img/icon-calendar.svg HTTP/1.1" 200 1086
INFO 2025-12-29 07:40:54,625 basehttp "POST /admin/accounts/user/2/change/ HTTP/1.1" 302 0
INFO 2025-12-29 07:40:54,771 basehttp "GET /admin/accounts/user/ HTTP/1.1" 200 25849
INFO 2025-12-29 07:40:54,901 basehttp "GET /admin/jsi18n/ HTTP/1.1" 200 3342
INFO 2025-12-29 07:40:54,955 basehttp "GET /static/admin/js/filters.js HTTP/1.1" 304 0
INFO 2025-12-29 07:40:54,955 basehttp "GET /static/admin/css/changelists.css HTTP/1.1" 304 0
INFO 2025-12-29 07:40:55,112 basehttp "GET /static/admin/img/sorting-icons.svg HTTP/1.1" 200 1097
INFO 2025-12-29 07:40:55,144 basehttp "GET /static/admin/img/sorting-icons.svg HTTP/1.1" 200 1097
INFO 2025-12-29 07:40:55,183 basehttp "GET /static/admin/img/tooltag-add.svg HTTP/1.1" 200 331
INFO 2025-12-29 07:41:04,054 basehttp "GET /logout/ HTTP/1.1" 302 0
INFO 2025-12-29 07:41:04,123 basehttp "GET /login/ HTTP/1.1" 200 5629
WARNING 2025-12-29 07:41:04,262 basehttp "GET /static/js/main.js HTTP/1.1" 404 1957
WARNING 2025-12-29 07:41:04,711 basehttp "GET /static/js/main.js HTTP/1.1" 404 1957
INFO 2025-12-29 07:41:18,499 basehttp "POST /login/ HTTP/1.1" 302 0
INFO 2025-12-29 07:41:18,563 basehttp "GET / HTTP/1.1" 200 14581
WARNING 2025-12-29 07:41:18,776 basehttp "GET /static/js/main.js HTTP/1.1" 404 1957
INFO 2025-12-29 07:41:18,780 basehttp "GET /media/profiles/Screenshot_from_2025-10-24_12-11-59.png HTTP/1.1" 200 147237
WARNING 2025-12-29 07:41:19,239 basehttp "GET /static/js/main.js HTTP/1.1" 404 1957
INFO 2025-12-29 07:41:25,138 basehttp "GET /sales/pos/ HTTP/1.1" 200 42753
WARNING 2025-12-29 07:41:25,244 basehttp "GET /static/js/main.js HTTP/1.1" 404 1957
INFO 2025-12-29 07:41:25,253 basehttp "GET /media/profiles/Screenshot_from_2025-10-24_12-11-59.png HTTP/1.1" 304 0
WARNING 2025-12-29 07:41:25,798 basehttp "GET /static/js/main.js HTTP/1.1" 404 1957
INFO 2025-12-29 07:41:28,792 basehttp "GET /inventory/ HTTP/1.1" 200 13248
INFO 2025-12-29 07:41:28,896 basehttp "GET /media/profiles/Screenshot_from_2025-10-24_12-11-59.png HTTP/1.1" 304 0
WARNING 2025-12-29 07:41:28,902 basehttp "GET /static/js/main.js HTTP/1.1" 404 1957
WARNING 2025-12-29 07:41:29,344 basehttp "GET /static/js/main.js HTTP/1.1" 404 1957
INFO 2025-12-29 07:41:31,382 basehttp "GET /inventory/medicines/create/ HTTP/1.1" 200 21686
WARNING 2025-12-29 07:41:31,473 basehttp "GET /static/js/main.js HTTP/1.1" 404 1957
INFO 2025-12-29 07:41:31,491 basehttp "GET /media/profiles/Screenshot_from_2025-10-24_12-11-59.png HTTP/1.1" 304 0
WARNING 2025-12-29 07:41:31,968 basehttp "GET /static/js/main.js HTTP/1.1" 404 1957
INFO 2025-12-29 07:41:43,360 basehttp "GET /inventory/categories/ HTTP/1.1" 200 16265
WARNING 2025-12-29 07:41:43,441 basehttp "GET /static/js/main.js HTTP/1.1" 404 1957
INFO 2025-12-29 07:41:43,456 basehttp "GET /media/profiles/Screenshot_from_2025-10-24_12-11-59.png HTTP/1.1" 304 0
WARNING 2025-12-29 07:41:43,907 basehttp "GET /static/js/main.js HTTP/1.1" 404 1957
INFO 2025-12-29 07:41:50,608 basehttp "GET /inventory/low-stock/ HTTP/1.1" 200 12667
WARNING 2025-12-29 07:41:50,692 basehttp "GET /static/js/main.js HTTP/1.1" 404 1957
INFO 2025-12-29 07:41:50,697 basehttp "GET /media/profiles/Screenshot_from_2025-10-24_12-11-59.png HTTP/1.1" 304 0
WARNING 2025-12-29 07:41:51,188 basehttp "GET /static/js/main.js HTTP/1.1" 404 1957
INFO 2025-12-29 07:41:55,555 basehttp "GET /inventory/expiring/ HTTP/1.1" 200 14701
WARNING 2025-12-29 07:41:55,626 basehttp "GET /static/js/main.js HTTP/1.1" 404 1957
INFO 2025-12-29 07:41:55,659 basehttp "GET /media/profiles/Screenshot_from_2025-10-24_12-11-59.png HTTP/1.1" 304 0
WARNING 2025-12-29 07:41:56,083 basehttp "GET /static/js/main.js HTTP/1.1" 404 1957
INFO 2025-12-29 07:41:59,202 basehttp "GET /sales/ HTTP/1.1" 200 21639
WARNING 2025-12-29 07:41:59,272 basehttp "GET /static/js/main.js HTTP/1.1" 404 1957
WARNING 2025-12-29 07:41:59,803 basehttp "GET /static/js/main.js HTTP/1.1" 404 1957
INFO 2025-12-29 07:42:04,734 basehttp "GET /customers/ HTTP/1.1" 200 10210
WARNING 2025-12-29 07:42:04,867 basehttp "GET /static/js/main.js HTTP/1.1" 404 1957
INFO 2025-12-29 07:42:04,867 basehttp "GET /media/profiles/Screenshot_from_2025-10-24_12-11-59.png HTTP/1.1" 304 0
WARNING 2025-12-29 07:42:05,264 basehttp "GET /static/js/main.js HTTP/1.1" 404 1957
INFO 2025-12-29 07:42:08,662 basehttp "GET /customers/customers/create/ HTTP/1.1" 200 14013
WARNING 2025-12-29 07:42:08,774 basehttp "GET /static/js/main.js HTTP/1.1" 404 1957
WARNING 2025-12-29 07:42:09,248 basehttp "GET /static/js/main.js HTTP/1.1" 404 1957
INFO 2025-12-29 07:42:15,275 basehttp "GET /suppliers/ HTTP/1.1" 200 11033
WARNING 2025-12-29 07:42:15,365 basehttp "GET /static/js/main.js HTTP/1.1" 404 1957
INFO 2025-12-29 07:42:15,387 basehttp "GET /media/profiles/Screenshot_from_2025-10-24_12-11-59.png HTTP/1.1" 304 0
WARNING 2025-12-29 07:42:15,795 basehttp "GET /static/js/main.js HTTP/1.1" 404 1957
INFO 2025-12-29 07:42:17,628 basehttp "GET /suppliers/suppliers/create/ HTTP/1.1" 200 16805
WARNING 2025-12-29 07:42:17,730 basehttp "GET /static/js/main.js HTTP/1.1" 404 1957
WARNING 2025-12-29 07:42:18,214 basehttp "GET /static/js/main.js HTTP/1.1" 404 1957
INFO 2025-12-29 07:42:23,369 basehttp "GET /reports/ HTTP/1.1" 200 13761
WARNING 2025-12-29 07:42:23,480 basehttp "GET /static/js/main.js HTTP/1.1" 404 1957
INFO 2025-12-29 07:42:23,517 basehttp "GET /media/profiles/Screenshot_from_2025-10-24_12-11-59.png HTTP/1.1" 304 0
WARNING 2025-12-29 07:42:23,955 basehttp "GET /static/js/main.js HTTP/1.1" 404 1957
INFO 2025-12-29 07:42:29,451 basehttp "GET /reports/sales/ HTTP/1.1" 200 12910
WARNING 2025-12-29 07:42:29,550 basehttp "GET /static/js/main.js HTTP/1.1" 404 1957
WARNING 2025-12-29 07:42:30,014 basehttp "GET /static/js/main.js HTTP/1.1" 404 1957
ERROR 2025-12-29 07:42:39,842 log Internal Server Error: /reports/inventory/
Traceback (most recent call last):
  File "/home/notouriousmma/Documents/Tk/pharmacy/Pharmacy_project/venv/lib/python3.12/site-packages/django/core/handlers/exception.py", line 55, in inner
    response = get_response(request)
               ^^^^^^^^^^^^^^^^^^^^^
  File "/home/notouriousmma/Documents/Tk/pharmacy/Pharmacy_project/venv/lib/python3.12/site-packages/django/core/handlers/base.py", line 197, in _get_response
    response = wrapped_callback(request, *callback_args, **callback_kwargs)
               ^^^^^^^^^^^^^^^^^^^^^^^^^^^^^^^^^^^^^^^^^^^^^^^^^^^^^^^^^^^^
  File "/home/notouriousmma/Documents/Tk/pharmacy/Pharmacy_project/venv/lib/python3.12/site-packages/django/contrib/auth/decorators.py", line 59, in _view_wrapper
    return view_func(request, *args, **kwargs)
           ^^^^^^^^^^^^^^^^^^^^^^^^^^^^^^^^^^^
  File "/home/notouriousmma/Documents/Tk/pharmacy/Pharmacy_project/report/views.py", line 479, in inventory_report
    return render(request, 'reports/inventory_report.html', context)
           ^^^^^^^^^^^^^^^^^^^^^^^^^^^^^^^^^^^^^^^^^^^^^^^^^^^^^^^^^
  File "/home/notouriousmma/Documents/Tk/pharmacy/Pharmacy_project/venv/lib/python3.12/site-packages/django/shortcuts.py", line 25, in render
    content = loader.render_to_string(template_name, context, request, using=using)
              ^^^^^^^^^^^^^^^^^^^^^^^^^^^^^^^^^^^^^^^^^^^^^^^^^^^^^^^^^^^^^^^^^^^^^
  File "/home/notouriousmma/Documents/Tk/pharmacy/Pharmacy_project/venv/lib/python3.12/site-packages/django/template/loader.py", line 61, in render_to_string
    template = get_template(template_name, using=using)
               ^^^^^^^^^^^^^^^^^^^^^^^^^^^^^^^^^^^^^^^^
  File "/home/notouriousmma/Documents/Tk/pharmacy/Pharmacy_project/venv/lib/python3.12/site-packages/django/template/loader.py", line 19, in get_template
    raise TemplateDoesNotExist(template_name, chain=chain)
django.template.exceptions.TemplateDoesNotExist: reports/inventory_report.html
ERROR 2025-12-29 07:42:39,845 basehttp "GET /reports/inventory/ HTTP/1.1" 500 102909
INFO 2025-12-29 07:51:08,302 basehttp "GET /reports/profit-loss/ HTTP/1.1" 200 11618
INFO 2025-12-29 07:51:08,402 basehttp "GET /media/profiles/Screenshot_from_2025-10-24_12-11-59.png HTTP/1.1" 304 0
WARNING 2025-12-29 07:51:08,405 basehttp "GET /static/js/main.js HTTP/1.1" 404 1957
WARNING 2025-12-29 07:51:08,852 basehttp "GET /static/js/main.js HTTP/1.1" 404 1957
INFO 2025-12-29 07:51:18,885 basehttp "GET /reports/profit-loss/?start_date=2025-12-01&end_date=2025-12-29 HTTP/1.1" 200 11618
WARNING 2025-12-29 07:51:18,980 basehttp "GET /static/js/main.js HTTP/1.1" 404 1957
WARNING 2025-12-29 07:51:19,436 basehttp "GET /static/js/main.js HTTP/1.1" 404 1957
INFO 2025-12-29 07:51:24,470 basehttp "GET /reports/profit-loss/?start_date=2025-12-01&end_date=2025-12-29 HTTP/1.1" 200 11618
WARNING 2025-12-29 07:51:24,552 basehttp "GET /static/js/main.js HTTP/1.1" 404 1957
WARNING 2025-12-29 07:51:25,033 basehttp "GET /static/js/main.js HTTP/1.1" 404 1957
INFO 2025-12-29 07:51:25,972 basehttp "GET /reports/profit-loss/?start_date=2025-12-01&end_date=2025-12-29 HTTP/1.1" 200 11618
WARNING 2025-12-29 07:51:26,046 basehttp "GET /static/js/main.js HTTP/1.1" 404 1957
WARNING 2025-12-29 07:51:26,507 basehttp "GET /static/js/main.js HTTP/1.1" 404 1957
INFO 2025-12-29 07:51:27,212 basehttp "GET /reports/profit-loss/?start_date=2025-12-01&end_date=2025-12-29 HTTP/1.1" 200 11618
WARNING 2025-12-29 07:51:27,301 basehttp "GET /static/js/main.js HTTP/1.1" 404 1957
WARNING 2025-12-29 07:51:27,737 basehttp "GET /static/js/main.js HTTP/1.1" 404 1957
INFO 2025-12-29 07:51:39,188 basehttp "GET /reports/customers/ HTTP/1.1" 200 11026
WARNING 2025-12-29 07:51:39,273 basehttp "GET /static/js/main.js HTTP/1.1" 404 1957
WARNING 2025-12-29 07:51:39,705 basehttp "GET /static/js/main.js HTTP/1.1" 404 1957
ERROR 2025-12-29 07:51:48,419 log Internal Server Error: /users/
Traceback (most recent call last):
  File "/home/notouriousmma/Documents/Tk/pharmacy/Pharmacy_project/venv/lib/python3.12/site-packages/django/core/handlers/exception.py", line 55, in inner
    response = get_response(request)
               ^^^^^^^^^^^^^^^^^^^^^
  File "/home/notouriousmma/Documents/Tk/pharmacy/Pharmacy_project/venv/lib/python3.12/site-packages/django/core/handlers/base.py", line 197, in _get_response
    response = wrapped_callback(request, *callback_args, **callback_kwargs)
               ^^^^^^^^^^^^^^^^^^^^^^^^^^^^^^^^^^^^^^^^^^^^^^^^^^^^^^^^^^^^
  File "/home/notouriousmma/Documents/Tk/pharmacy/Pharmacy_project/venv/lib/python3.12/site-packages/django/contrib/auth/decorators.py", line 59, in _view_wrapper
    return view_func(request, *args, **kwargs)
           ^^^^^^^^^^^^^^^^^^^^^^^^^^^^^^^^^^^
  File "/home/notouriousmma/Documents/Tk/pharmacy/Pharmacy_project/venv/lib/python3.12/site-packages/django/contrib/auth/decorators.py", line 59, in _view_wrapper
    return view_func(request, *args, **kwargs)
           ^^^^^^^^^^^^^^^^^^^^^^^^^^^^^^^^^^^
  File "/home/notouriousmma/Documents/Tk/pharmacy/Pharmacy_project/accounts/views.py", line 266, in user_list
    return render(request, 'accounts/user_list.html', context)
           ^^^^^^^^^^^^^^^^^^^^^^^^^^^^^^^^^^^^^^^^^^^^^^^^^^^
  File "/home/notouriousmma/Documents/Tk/pharmacy/Pharmacy_project/venv/lib/python3.12/site-packages/django/shortcuts.py", line 25, in render
    content = loader.render_to_string(template_name, context, request, using=using)
              ^^^^^^^^^^^^^^^^^^^^^^^^^^^^^^^^^^^^^^^^^^^^^^^^^^^^^^^^^^^^^^^^^^^^^
  File "/home/notouriousmma/Documents/Tk/pharmacy/Pharmacy_project/venv/lib/python3.12/site-packages/django/template/loader.py", line 61, in render_to_string
    template = get_template(template_name, using=using)
               ^^^^^^^^^^^^^^^^^^^^^^^^^^^^^^^^^^^^^^^^
  File "/home/notouriousmma/Documents/Tk/pharmacy/Pharmacy_project/venv/lib/python3.12/site-packages/django/template/loader.py", line 19, in get_template
    raise TemplateDoesNotExist(template_name, chain=chain)
django.template.exceptions.TemplateDoesNotExist: accounts/user_list.html
ERROR 2025-12-29 07:51:48,422 basehttp "GET /users/ HTTP/1.1" 500 103610
INFO 2025-12-29 07:53:13,064 basehttp "GET /users/ HTTP/1.1" 200 0
INFO 2025-12-29 07:53:31,910 basehttp "GET /users/ HTTP/1.1" 200 0
INFO 2025-12-29 07:53:45,930 basehttp "GET /suppliers/ HTTP/1.1" 200 11033
WARNING 2025-12-29 07:53:46,026 basehttp "GET /static/js/main.js HTTP/1.1" 404 1957
INFO 2025-12-29 07:53:46,054 basehttp "GET /media/profiles/Screenshot_from_2025-10-24_12-11-59.png HTTP/1.1" 304 0
WARNING 2025-12-29 07:53:46,528 basehttp "GET /static/js/main.js HTTP/1.1" 404 1957
INFO 2025-12-29 07:53:49,708 basehttp "GET /reports/ HTTP/1.1" 200 13761
WARNING 2025-12-29 07:53:49,813 basehttp "GET /static/js/main.js HTTP/1.1" 404 1957
WARNING 2025-12-29 07:53:50,296 basehttp "GET /static/js/main.js HTTP/1.1" 404 1957
INFO 2025-12-29 07:53:52,642 basehttp "GET /reports/inventory/ HTTP/1.1" 200 0
INFO 2025-12-29 07:54:30,292 basehttp "GET /logout/ HTTP/1.1" 302 0
INFO 2025-12-29 07:54:30,337 basehttp "GET /login/ HTTP/1.1" 200 5629
WARNING 2025-12-29 07:54:30,490 basehttp "GET /static/js/main.js HTTP/1.1" 404 1957
WARNING 2025-12-29 07:54:30,935 basehttp "GET /static/js/main.js HTTP/1.1" 404 1957
INFO 2025-12-29 07:54:42,441 basehttp "GET /admin/accounts/user/add/ HTTP/1.1" 302 0
INFO 2025-12-29 07:54:42,625 basehttp "GET /admin/login/?next=/admin/accounts/user/add/ HTTP/1.1" 200 4211
INFO 2025-12-29 07:54:56,148 basehttp "POST /admin/login/?next=/admin/accounts/user/add/ HTTP/1.1" 302 0
INFO 2025-12-29 07:54:56,322 basehttp "GET /admin/accounts/user/add/ HTTP/1.1" 200 27452
INFO 2025-12-29 07:54:56,453 basehttp "GET /admin/jsi18n/ HTTP/1.1" 200 3342
INFO 2025-12-29 07:57:21,970 basehttp "POST /admin/accounts/user/add/ HTTP/1.1" 302 0
INFO 2025-12-29 07:57:22,103 basehttp "GET /admin/accounts/user/3/change/ HTTP/1.1" 200 49047
INFO 2025-12-29 07:57:22,261 basehttp "GET /admin/jsi18n/ HTTP/1.1" 200 3342
WARNING 2025-12-29 07:57:39,447 log Forbidden (CSRF token from POST incorrect.): /login/
WARNING 2025-12-29 07:57:39,448 basehttp "POST /login/ HTTP/1.1" 403 2503
INFO 2025-12-29 07:58:07,754 basehttp "POST /admin/accounts/user/3/change/ HTTP/1.1" 302 0
INFO 2025-12-29 07:58:07,882 basehttp "GET /admin/accounts/user/ HTTP/1.1" 200 26498
INFO 2025-12-29 07:58:08,016 basehttp "GET /admin/jsi18n/ HTTP/1.1" 200 3342
INFO 2025-12-29 07:58:08,043 basehttp "GET /static/admin/img/icon-no.svg HTTP/1.1" 200 560
WARNING 2025-12-29 07:58:13,071 log Forbidden (CSRF token from POST incorrect.): /login/
WARNING 2025-12-29 07:58:13,073 basehttp "POST /login/ HTTP/1.1" 403 2503
INFO 2025-12-29 07:58:15,148 basehttp "GET /login/ HTTP/1.1" 302 0
INFO 2025-12-29 07:58:15,218 basehttp "GET / HTTP/1.1" 200 13850
INFO 2025-12-29 07:58:19,427 basehttp "GET /logout/ HTTP/1.1" 302 0
INFO 2025-12-29 07:58:19,448 basehttp "GET /login/ HTTP/1.1" 200 5629
WARNING 2025-12-29 07:58:19,630 basehttp "GET /static/js/main.js HTTP/1.1" 404 1957
WARNING 2025-12-29 07:58:20,033 basehttp "GET /static/js/main.js HTTP/1.1" 404 1957
INFO 2025-12-29 07:58:26,164 basehttp "POST /login/ HTTP/1.1" 302 0
INFO 2025-12-29 07:58:26,208 basehttp "GET / HTTP/1.1" 200 14250
WARNING 2025-12-29 07:58:26,375 basehttp "GET /static/js/main.js HTTP/1.1" 404 1957
WARNING 2025-12-29 07:58:26,816 basehttp "GET /static/js/main.js HTTP/1.1" 404 1957
INFO 2025-12-29 07:58:55,992 basehttp "GET / HTTP/1.1" 200 13868
WARNING 2025-12-29 07:58:56,088 basehttp "GET /static/js/main.js HTTP/1.1" 404 1957
WARNING 2025-12-29 07:58:56,552 basehttp "GET /static/js/main.js HTTP/1.1" 404 1957
INFO 2025-12-29 07:58:57,656 basehttp "GET /sales/pos/ HTTP/1.1" 200 42425
WARNING 2025-12-29 07:58:57,727 basehttp "GET /static/js/main.js HTTP/1.1" 404 1957
WARNING 2025-12-29 07:58:58,266 basehttp "GET /static/js/main.js HTTP/1.1" 404 1957
INFO 2025-12-29 07:59:06,349 basehttp "GET /inventory/ HTTP/1.1" 200 12920
WARNING 2025-12-29 07:59:06,485 basehttp "GET /static/js/main.js HTTP/1.1" 404 1957
WARNING 2025-12-29 07:59:06,963 basehttp "GET /static/js/main.js HTTP/1.1" 404 1957
INFO 2025-12-29 07:59:09,897 basehttp "GET /inventory/medicines/create/ HTTP/1.1" 200 21358
WARNING 2025-12-29 07:59:10,001 basehttp "GET /static/js/main.js HTTP/1.1" 404 1957
WARNING 2025-12-29 07:59:10,523 basehttp "GET /static/js/main.js HTTP/1.1" 404 1957
INFO 2025-12-29 07:59:18,026 basehttp "GET /inventory/categories/ HTTP/1.1" 200 15937
WARNING 2025-12-29 07:59:18,107 basehttp "GET /static/js/main.js HTTP/1.1" 404 1957
WARNING 2025-12-29 07:59:18,637 basehttp "GET /static/js/main.js HTTP/1.1" 404 1957
INFO 2025-12-29 07:59:24,059 basehttp "GET /inventory/low-stock/ HTTP/1.1" 200 12339
WARNING 2025-12-29 07:59:24,177 basehttp "GET /static/js/main.js HTTP/1.1" 404 1957
WARNING 2025-12-29 07:59:24,597 basehttp "GET /static/js/main.js HTTP/1.1" 404 1957
INFO 2025-12-29 07:59:32,856 basehttp "GET /customers/ HTTP/1.1" 200 9882
WARNING 2025-12-29 07:59:32,975 basehttp "GET /static/js/main.js HTTP/1.1" 404 1957
WARNING 2025-12-29 07:59:33,404 basehttp "GET /static/js/main.js HTTP/1.1" 404 1957
INFO 2025-12-29 07:59:36,549 basehttp "GET /suppliers/ HTTP/1.1" 200 10705
WARNING 2025-12-29 07:59:36,680 basehttp "GET /static/js/main.js HTTP/1.1" 404 1957
WARNING 2025-12-29 07:59:37,154 basehttp "GET /static/js/main.js HTTP/1.1" 404 1957
INFO 2025-12-29 07:59:41,106 basehttp "GET /reports/ HTTP/1.1" 200 13433
WARNING 2025-12-29 07:59:41,197 basehttp "GET /static/js/main.js HTTP/1.1" 404 1957
WARNING 2025-12-29 07:59:41,667 basehttp "GET /static/js/main.js HTTP/1.1" 404 1957
INFO 2025-12-29 07:59:43,622 basehttp "GET /reports/sales/ HTTP/1.1" 200 12582
WARNING 2025-12-29 07:59:43,729 basehttp "GET /static/js/main.js HTTP/1.1" 404 1957
WARNING 2025-12-29 07:59:44,160 basehttp "GET /static/js/main.js HTTP/1.1" 404 1957
INFO 2025-12-29 08:00:08,490 basehttp "GET /suppliers/ HTTP/1.1" 200 10705
WARNING 2025-12-29 08:00:08,587 basehttp "GET /static/js/main.js HTTP/1.1" 404 1957
WARNING 2025-12-29 08:00:09,106 basehttp "GET /static/js/main.js HTTP/1.1" 404 1957
INFO 2025-12-29 08:01:32,606 basehttp "GET /reports/ HTTP/1.1" 200 13433
WARNING 2025-12-29 08:01:32,741 basehttp "GET /static/js/main.js HTTP/1.1" 404 1957
WARNING 2025-12-29 08:01:33,214 basehttp "GET /static/js/main.js HTTP/1.1" 404 1957
INFO 2025-12-29 08:05:32,310 basehttp "GET /admin/accounts/user/add/ HTTP/1.1" 302 0
INFO 2025-12-29 08:05:32,337 basehttp "GET /admin/login/?next=/admin/accounts/user/add/ HTTP/1.1" 200 3732
INFO 2025-12-29 08:05:43,782 basehttp "POST /admin/login/?next=/admin/accounts/user/add/ HTTP/1.1" 302 0
INFO 2025-12-29 08:05:43,854 basehttp "GET /admin/accounts/user/add/ HTTP/1.1" 200 27452
INFO 2025-12-29 08:05:43,998 basehttp "GET /admin/jsi18n/ HTTP/1.1" 200 3342
INFO 2025-12-29 08:07:21,579 basehttp "POST /admin/accounts/user/add/ HTTP/1.1" 302 0
INFO 2025-12-29 08:07:21,648 basehttp "GET /admin/accounts/user/4/change/ HTTP/1.1" 200 49030
INFO 2025-12-29 08:07:21,889 basehttp "GET /admin/jsi18n/ HTTP/1.1" 200 3342
INFO 2025-12-29 08:07:41,736 basehttp "POST /admin/accounts/user/4/change/ HTTP/1.1" 302 0
INFO 2025-12-29 08:07:41,767 basehttp "GET /admin/accounts/user/ HTTP/1.1" 200 27118
INFO 2025-12-29 08:07:41,915 basehttp "GET /admin/jsi18n/ HTTP/1.1" 200 3342
INFO 2025-12-29 08:07:59,224 basehttp "GET /logout/ HTTP/1.1" 302 0
INFO 2025-12-29 08:07:59,240 basehttp "GET /login/ HTTP/1.1" 200 5629
WARNING 2025-12-29 08:07:59,380 basehttp "GET /static/js/main.js HTTP/1.1" 404 1957
WARNING 2025-12-29 08:07:59,829 basehttp "GET /static/js/main.js HTTP/1.1" 404 1957
INFO 2025-12-29 08:08:10,047 basehttp "POST /login/ HTTP/1.1" 302 0
INFO 2025-12-29 08:08:10,080 basehttp "GET / HTTP/1.1" 200 14466
WARNING 2025-12-29 08:08:10,211 basehttp "GET /static/js/main.js HTTP/1.1" 404 1957
WARNING 2025-12-29 08:08:10,666 basehttp "GET /static/js/main.js HTTP/1.1" 404 1957
INFO 2025-12-29 08:08:15,622 basehttp "GET /inventory/low-stock/ HTTP/1.1" 200 12548
WARNING 2025-12-29 08:08:15,714 basehttp "GET /static/js/main.js HTTP/1.1" 404 1957
WARNING 2025-12-29 08:08:16,221 basehttp "GET /static/js/main.js HTTP/1.1" 404 1957
INFO 2025-12-29 08:08:19,676 basehttp "GET / HTTP/1.1" 200 14079
WARNING 2025-12-29 08:08:19,755 basehttp "GET /static/js/main.js HTTP/1.1" 404 1957
WARNING 2025-12-29 08:08:20,243 basehttp "GET /static/js/main.js HTTP/1.1" 404 1957
INFO 2025-12-29 08:08:21,455 basehttp "GET /sales/pos/ HTTP/1.1" 200 42634
WARNING 2025-12-29 08:08:21,535 basehttp "GET /static/js/main.js HTTP/1.1" 404 1957
WARNING 2025-12-29 08:08:22,044 basehttp "GET /static/js/main.js HTTP/1.1" 404 1957
INFO 2025-12-29 08:08:23,240 basehttp "GET /inventory/ HTTP/1.1" 200 13129
WARNING 2025-12-29 08:08:23,513 basehttp "GET /static/js/main.js HTTP/1.1" 404 1957
WARNING 2025-12-29 08:08:23,977 basehttp "GET /static/js/main.js HTTP/1.1" 404 1957
INFO 2025-12-29 08:08:24,607 basehttp "GET /inventory/categories/ HTTP/1.1" 200 16146
WARNING 2025-12-29 08:08:24,727 basehttp "GET /static/js/main.js HTTP/1.1" 404 1957
WARNING 2025-12-29 08:08:25,127 basehttp "GET /static/js/main.js HTTP/1.1" 404 1957
INFO 2025-12-29 08:08:27,306 basehttp "GET /inventory/low-stock/ HTTP/1.1" 200 12548
WARNING 2025-12-29 08:08:27,384 basehttp "GET /static/js/main.js HTTP/1.1" 404 1957
WARNING 2025-12-29 08:08:27,860 basehttp "GET /static/js/main.js HTTP/1.1" 404 1957
INFO 2025-12-29 08:08:37,549 basehttp "GET /inventory/low-stock/ HTTP/1.1" 200 12548
WARNING 2025-12-29 08:08:37,659 basehttp "GET /static/js/main.js HTTP/1.1" 404 1957
WARNING 2025-12-29 08:08:38,110 basehttp "GET /static/js/main.js HTTP/1.1" 404 1957
INFO 2025-12-29 08:08:44,307 basehttp "GET /users/ HTTP/1.1" 200 0
INFO 2025-12-29 08:08:48,341 basehttp "GET /reports/ HTTP/1.1" 200 13642
WARNING 2025-12-29 08:08:48,425 basehttp "GET /static/js/main.js HTTP/1.1" 404 1957
WARNING 2025-12-29 08:08:48,893 basehttp "GET /static/js/main.js HTTP/1.1" 404 1957
ERROR 2025-12-29 08:42:07,112 log Internal Server Error: /users/
Traceback (most recent call last):
  File "/home/notouriousmma/Documents/Tk/pharmacy/Pharmacy_project/venv/lib/python3.12/site-packages/django/core/handlers/exception.py", line 55, in inner
    response = get_response(request)
               ^^^^^^^^^^^^^^^^^^^^^
  File "/home/notouriousmma/Documents/Tk/pharmacy/Pharmacy_project/venv/lib/python3.12/site-packages/django/core/handlers/base.py", line 197, in _get_response
    response = wrapped_callback(request, *callback_args, **callback_kwargs)
               ^^^^^^^^^^^^^^^^^^^^^^^^^^^^^^^^^^^^^^^^^^^^^^^^^^^^^^^^^^^^
  File "/home/notouriousmma/Documents/Tk/pharmacy/Pharmacy_project/venv/lib/python3.12/site-packages/django/contrib/auth/decorators.py", line 59, in _view_wrapper
    return view_func(request, *args, **kwargs)
           ^^^^^^^^^^^^^^^^^^^^^^^^^^^^^^^^^^^
  File "/home/notouriousmma/Documents/Tk/pharmacy/Pharmacy_project/venv/lib/python3.12/site-packages/django/contrib/auth/decorators.py", line 59, in _view_wrapper
    return view_func(request, *args, **kwargs)
           ^^^^^^^^^^^^^^^^^^^^^^^^^^^^^^^^^^^
  File "/home/notouriousmma/Documents/Tk/pharmacy/Pharmacy_project/accounts/views.py", line 266, in user_list
    return render(request, 'accounts/user_list.html', context)
           ^^^^^^^^^^^^^^^^^^^^^^^^^^^^^^^^^^^^^^^^^^^^^^^^^^^
  File "/home/notouriousmma/Documents/Tk/pharmacy/Pharmacy_project/venv/lib/python3.12/site-packages/django/shortcuts.py", line 25, in render
    content = loader.render_to_string(template_name, context, request, using=using)
              ^^^^^^^^^^^^^^^^^^^^^^^^^^^^^^^^^^^^^^^^^^^^^^^^^^^^^^^^^^^^^^^^^^^^^
  File "/home/notouriousmma/Documents/Tk/pharmacy/Pharmacy_project/venv/lib/python3.12/site-packages/django/template/loader.py", line 62, in render_to_string
    return template.render(context, request)
           ^^^^^^^^^^^^^^^^^^^^^^^^^^^^^^^^^
  File "/home/notouriousmma/Documents/Tk/pharmacy/Pharmacy_project/venv/lib/python3.12/site-packages/django/template/backends/django.py", line 107, in render
    return self.template.render(context)
           ^^^^^^^^^^^^^^^^^^^^^^^^^^^^^
  File "/home/notouriousmma/Documents/Tk/pharmacy/Pharmacy_project/venv/lib/python3.12/site-packages/django/template/base.py", line 171, in render
    return self._render(context)
           ^^^^^^^^^^^^^^^^^^^^^
  File "/home/notouriousmma/Documents/Tk/pharmacy/Pharmacy_project/venv/lib/python3.12/site-packages/django/template/base.py", line 163, in _render
    return self.nodelist.render(context)
           ^^^^^^^^^^^^^^^^^^^^^^^^^^^^^
  File "/home/notouriousmma/Documents/Tk/pharmacy/Pharmacy_project/venv/lib/python3.12/site-packages/django/template/base.py", line 1016, in render
    return SafeString("".join([node.render_annotated(context) for node in self]))
                               ^^^^^^^^^^^^^^^^^^^^^^^^^^^^^^
  File "/home/notouriousmma/Documents/Tk/pharmacy/Pharmacy_project/venv/lib/python3.12/site-packages/django/template/base.py", line 977, in render_annotated
    return self.render(context)
           ^^^^^^^^^^^^^^^^^^^^
  File "/home/notouriousmma/Documents/Tk/pharmacy/Pharmacy_project/venv/lib/python3.12/site-packages/django/template/loader_tags.py", line 159, in render
    return compiled_parent._render(context)
           ^^^^^^^^^^^^^^^^^^^^^^^^^^^^^^^^
  File "/home/notouriousmma/Documents/Tk/pharmacy/Pharmacy_project/venv/lib/python3.12/site-packages/django/template/base.py", line 163, in _render
    return self.nodelist.render(context)
           ^^^^^^^^^^^^^^^^^^^^^^^^^^^^^
  File "/home/notouriousmma/Documents/Tk/pharmacy/Pharmacy_project/venv/lib/python3.12/site-packages/django/template/base.py", line 1016, in render
    return SafeString("".join([node.render_annotated(context) for node in self]))
                               ^^^^^^^^^^^^^^^^^^^^^^^^^^^^^^
  File "/home/notouriousmma/Documents/Tk/pharmacy/Pharmacy_project/venv/lib/python3.12/site-packages/django/template/base.py", line 977, in render_annotated
    return self.render(context)
           ^^^^^^^^^^^^^^^^^^^^
  File "/home/notouriousmma/Documents/Tk/pharmacy/Pharmacy_project/venv/lib/python3.12/site-packages/django/template/defaulttags.py", line 327, in render
    return nodelist.render(context)
           ^^^^^^^^^^^^^^^^^^^^^^^^
  File "/home/notouriousmma/Documents/Tk/pharmacy/Pharmacy_project/venv/lib/python3.12/site-packages/django/template/base.py", line 1016, in render
    return SafeString("".join([node.render_annotated(context) for node in self]))
                               ^^^^^^^^^^^^^^^^^^^^^^^^^^^^^^
  File "/home/notouriousmma/Documents/Tk/pharmacy/Pharmacy_project/venv/lib/python3.12/site-packages/django/template/base.py", line 977, in render_annotated
    return self.render(context)
           ^^^^^^^^^^^^^^^^^^^^
  File "/home/notouriousmma/Documents/Tk/pharmacy/Pharmacy_project/venv/lib/python3.12/site-packages/django/template/loader_tags.py", line 65, in render
    result = block.nodelist.render(context)
             ^^^^^^^^^^^^^^^^^^^^^^^^^^^^^^
  File "/home/notouriousmma/Documents/Tk/pharmacy/Pharmacy_project/venv/lib/python3.12/site-packages/django/template/base.py", line 1016, in render
    return SafeString("".join([node.render_annotated(context) for node in self]))
                               ^^^^^^^^^^^^^^^^^^^^^^^^^^^^^^
  File "/home/notouriousmma/Documents/Tk/pharmacy/Pharmacy_project/venv/lib/python3.12/site-packages/django/template/base.py", line 977, in render_annotated
    return self.render(context)
           ^^^^^^^^^^^^^^^^^^^^
  File "/home/notouriousmma/Documents/Tk/pharmacy/Pharmacy_project/venv/lib/python3.12/site-packages/django/template/defaulttags.py", line 480, in render
    url = reverse(view_name, args=args, kwargs=kwargs, current_app=current_app)
          ^^^^^^^^^^^^^^^^^^^^^^^^^^^^^^^^^^^^^^^^^^^^^^^^^^^^^^^^^^^^^^^^^^^^^
  File "/home/notouriousmma/Documents/Tk/pharmacy/Pharmacy_project/venv/lib/python3.12/site-packages/django/urls/base.py", line 98, in reverse
    resolved_url = resolver._reverse_with_prefix(view, prefix, *args, **kwargs)
                   ^^^^^^^^^^^^^^^^^^^^^^^^^^^^^^^^^^^^^^^^^^^^^^^^^^^^^^^^^^^^
  File "/home/notouriousmma/Documents/Tk/pharmacy/Pharmacy_project/venv/lib/python3.12/site-packages/django/urls/resolvers.py", line 831, in _reverse_with_prefix
    raise NoReverseMatch(msg)
django.urls.exceptions.NoReverseMatch: Reverse for 'user_create' not found. 'user_create' is not a valid view function or pattern name.
ERROR 2025-12-29 08:42:07,138 basehttp "GET /users/ HTTP/1.1" 500 204121
INFO 2025-12-29 08:43:15,176 basehttp "GET /reports/inventory/ HTTP/1.1" 200 21101
WARNING 2025-12-29 08:43:15,940 basehttp "GET /static/js/main.js HTTP/1.1" 404 1957
INFO 2025-12-29 08:50:40,492 autoreload Watching for file changes with StatReloader
INFO 2025-12-29 08:50:51,164 basehttp "GET /users/ HTTP/1.1" 200 25437
WARNING 2025-12-29 08:50:51,329 basehttp "GET /static/js/main.js HTTP/1.1" 404 1957
WARNING 2025-12-29 08:50:51,981 basehttp "GET /static/js/main.js HTTP/1.1" 404 1957
WARNING 2025-12-29 08:50:52,038 log Not Found: /favicon.ico
INFO 2025-12-30 06:14:24,967 autoreload Watching for file changes with StatReloader
INFO 2025-12-30 06:14:59,162 basehttp "GET / HTTP/1.1" 302 0
WARNING 2025-12-30 06:14:59,581 log Not Found: /accounts/login/
WARNING 2025-12-30 06:14:59,582 basehttp "GET /accounts/login/?next=/ HTTP/1.1" 404 5734
INFO 2025-12-30 06:15:44,622 basehttp "GET /admin/ HTTP/1.1" 302 0
INFO 2025-12-30 06:15:44,833 basehttp "GET /admin/login/?next=/admin/ HTTP/1.1" 200 4175
INFO 2025-12-30 06:15:53,806 basehttp "POST /admin/login/?next=/admin/ HTTP/1.1" 302 0
INFO 2025-12-30 06:15:53,877 basehttp "GET /admin/ HTTP/1.1" 200 23772
INFO 2025-12-30 06:15:54,118 basehttp "GET /static/admin/img/icon-changelink.svg HTTP/1.1" 200 380
INFO 2025-12-30 06:15:54,119 basehttp "GET /static/admin/img/icon-viewlink.svg HTTP/1.1" 200 581
INFO 2025-12-30 06:15:54,119 basehttp "GET /static/admin/img/icon-addlink.svg HTTP/1.1" 200 331
INFO 2025-12-30 06:16:02,910 basehttp "GET / HTTP/1.1" 200 13850
INFO 2025-12-30 06:16:03,177 basehttp "GET /static/css/style.css HTTP/1.1" 304 0
WARNING 2025-12-30 06:16:03,302 basehttp "GET /static/js/main.js HTTP/1.1" 404 1957
WARNING 2025-12-30 06:16:03,909 basehttp "GET /static/js/main.js HTTP/1.1" 404 1957
INFO 2025-12-30 06:19:55,575 basehttp "GET /admin/ HTTP/1.1" 302 0
INFO 2025-12-30 06:21:19,833 basehttp "GET /reports/sales/ HTTP/1.1" 200 12573
WARNING 2025-12-30 06:21:19,986 basehttp "GET /static/js/main.js HTTP/1.1" 404 1957
WARNING 2025-12-30 06:21:20,275 basehttp "GET /static/js/main.js HTTP/1.1" 404 1957
INFO 2025-12-30 13:29:21,878 autoreload Watching for file changes with StatReloader
INFO 2025-12-30 13:29:34,789 basehttp "GET /inventory/expiring/ HTTP/1.1" 200 14364
WARNING 2025-12-30 13:29:34,909 basehttp "GET /static/js/main.js HTTP/1.1" 404 1957
WARNING 2025-12-30 13:29:35,144 basehttp "GET /static/js/main.js HTTP/1.1" 404 1957
INFO 2025-12-30 13:29:44,687 basehttp "GET /inventory/low-stock/ HTTP/1.1" 200 12330
WARNING 2025-12-30 13:29:44,788 basehttp "GET /static/js/main.js HTTP/1.1" 404 1957
WARNING 2025-12-30 13:29:45,276 basehttp "GET /static/js/main.js HTTP/1.1" 404 1957
INFO 2025-12-30 13:30:50,625 basehttp "GET /inventory/ HTTP/1.1" 200 12911
WARNING 2025-12-30 13:30:50,741 basehttp "GET /static/js/main.js HTTP/1.1" 404 1957
WARNING 2025-12-30 13:30:51,252 basehttp "GET /static/js/main.js HTTP/1.1" 404 1957
INFO 2025-12-30 13:30:55,304 basehttp "GET /inventory/?export=csv HTTP/1.1" 200 12911
WARNING 2025-12-30 13:30:55,395 basehttp "GET /static/js/main.js HTTP/1.1" 404 1957
WARNING 2025-12-30 13:30:55,855 basehttp "GET /static/js/main.js HTTP/1.1" 404 1957
INFO 2025-12-30 13:30:57,345 basehttp "GET /inventory/?export=csv HTTP/1.1" 200 12911
WARNING 2025-12-30 13:30:57,452 basehttp "GET /static/js/main.js HTTP/1.1" 404 1957
WARNING 2025-12-30 13:30:57,870 basehttp "GET /static/js/main.js HTTP/1.1" 404 1957
INFO 2025-12-31 17:38:54,540 autoreload Watching for file changes with StatReloader
INFO 2025-12-31 17:39:19,406 basehttp "GET / HTTP/1.1" 302 0
WARNING 2025-12-31 17:39:19,711 log Not Found: /accounts/login/
WARNING 2025-12-31 17:39:19,716 basehttp "GET /accounts/login/?next=/ HTTP/1.1" 404 5734
INFO 2025-12-31 17:51:18,043 basehttp "GET / HTTP/1.1" 302 0
WARNING 2025-12-31 17:51:18,075 log Not Found: /accounts/login/
WARNING 2025-12-31 17:51:18,075 basehttp "GET /accounts/login/?next=/ HTTP/1.1" 404 5734
INFO 2025-12-31 17:51:30,126 basehttp "GET /admin/ HTTP/1.1" 302 0
INFO 2025-12-31 17:51:30,329 basehttp "GET /admin/login/?next=/admin/ HTTP/1.1" 200 4175
INFO 2025-12-31 17:51:47,746 basehttp "POST /admin/login/?next=/admin/ HTTP/1.1" 302 0
INFO 2025-12-31 17:51:47,791 basehttp "GET /admin/ HTTP/1.1" 200 23772
INFO 2025-12-31 17:51:48,049 basehttp "GET /static/admin/img/icon-addlink.svg HTTP/1.1" 200 331
INFO 2025-12-31 17:51:48,050 basehttp "GET /static/admin/img/icon-viewlink.svg HTTP/1.1" 200 581
INFO 2025-12-31 17:51:48,051 basehttp "GET /static/admin/img/icon-changelink.svg HTTP/1.1" 200 380
INFO 2025-12-31 17:52:08,613 basehttp "GET /admin/login/?next=/admin/ HTTP/1.1" 302 0
INFO 2025-12-31 17:52:08,649 basehttp "GET /admin/ HTTP/1.1" 200 23772
INFO 2025-12-31 17:52:12,131 basehttp "GET /admin/ HTTP/1.1" 200 23772
INFO 2025-12-31 17:52:13,564 basehttp "GET /admin/ HTTP/1.1" 200 23772
INFO 2025-12-31 17:52:25,351 basehttp "GET / HTTP/1.1" 200 13850
WARNING 2025-12-31 17:52:25,891 basehttp "GET /static/js/main.js HTTP/1.1" 404 1957
WARNING 2025-12-31 17:52:26,505 basehttp "GET /static/js/main.js HTTP/1.1" 404 1957
INFO 2025-12-31 17:52:35,879 basehttp "GET /logout/ HTTP/1.1" 302 0
INFO 2025-12-31 17:52:35,906 basehttp "GET /login/ HTTP/1.1" 200 5629
WARNING 2025-12-31 17:52:36,054 basehttp "GET /static/js/main.js HTTP/1.1" 404 1957
WARNING 2025-12-31 17:52:36,190 basehttp "GET /static/js/main.js HTTP/1.1" 404 1957
INFO 2025-12-31 17:53:11,546 basehttp "POST /login/ HTTP/1.1" 302 0
INFO 2025-12-31 17:53:11,578 basehttp "GET / HTTP/1.1" 200 14250
WARNING 2025-12-31 17:53:11,711 basehttp "GET /static/js/main.js HTTP/1.1" 404 1957
WARNING 2025-12-31 17:53:12,197 basehttp "GET /static/js/main.js HTTP/1.1" 404 1957
INFO 2025-12-31 17:53:21,595 basehttp "GET /sales/pos/ HTTP/1.1" 200 42425
WARNING 2025-12-31 17:53:21,736 basehttp "GET /static/js/main.js HTTP/1.1" 404 1957
WARNING 2025-12-31 17:53:22,274 basehttp "GET /static/js/main.js HTTP/1.1" 404 1957
INFO 2025-12-31 17:53:23,179 basehttp "GET /inventory/ HTTP/1.1" 200 12920
WARNING 2025-12-31 17:53:23,273 basehttp "GET /static/js/main.js HTTP/1.1" 404 1957
WARNING 2025-12-31 17:53:23,755 basehttp "GET /static/js/main.js HTTP/1.1" 404 1957
INFO 2025-12-31 17:53:25,512 basehttp "GET /inventory/categories/ HTTP/1.1" 200 15937
WARNING 2025-12-31 17:53:25,578 basehttp "GET /static/js/main.js HTTP/1.1" 404 1957
WARNING 2025-12-31 17:53:26,043 basehttp "GET /static/js/main.js HTTP/1.1" 404 1957
INFO 2025-12-31 17:53:28,060 basehttp "GET /inventory/low-stock/ HTTP/1.1" 200 12339
WARNING 2025-12-31 17:53:28,260 basehttp "GET /static/js/main.js HTTP/1.1" 404 1957
WARNING 2025-12-31 17:53:28,707 basehttp "GET /static/js/main.js HTTP/1.1" 404 1957
INFO 2025-12-31 17:53:32,501 basehttp "GET /inventory/expiring/ HTTP/1.1" 200 14373
WARNING 2025-12-31 17:53:32,577 basehttp "GET /static/js/main.js HTTP/1.1" 404 1957
WARNING 2025-12-31 17:53:33,045 basehttp "GET /static/js/main.js HTTP/1.1" 404 1957
INFO 2025-12-31 17:53:39,098 basehttp "GET /customers/ HTTP/1.1" 200 9882
WARNING 2025-12-31 17:53:39,189 basehttp "GET /static/js/main.js HTTP/1.1" 404 1957
WARNING 2025-12-31 17:53:39,615 basehttp "GET /static/js/main.js HTTP/1.1" 404 1957
INFO 2025-12-31 17:53:42,083 basehttp "GET /reports/ HTTP/1.1" 200 13433
WARNING 2025-12-31 17:53:42,191 basehttp "GET /static/js/main.js HTTP/1.1" 404 1957
WARNING 2025-12-31 17:53:42,633 basehttp "GET /static/js/main.js HTTP/1.1" 404 1957
